id_audio;mfcc_1;mfcc_2;mfcc_3;mfcc_4;mfcc_5;mfcc_6;mfcc_7;mfcc_8;mfcc_9;mfcc_10;mfcc_11;mfcc_12;mfcc_13;mfcc_14;mfcc_15;mfcc_16;mfcc_17;mfcc_18;mfcc_19;mfcc_20;delta_1;delta_2;delta_3;delta_4;delta_5;delta_6;delta_7;delta_8;delta_9;delta_10;delta_11;delta_12;delta_13;delta_14;delta_15;delta_16;delta_17;delta_18;delta_19;delta_20;delta2_1;delta2_2;delta2_3;delta2_4;delta2_5;delta2_6;delta2_7;delta2_8;delta2_9;delta2_10;delta2_11;delta2_12;delta2_13;delta2_14;delta2_15;delta2_16;delta2_17;delta2_18;delta2_19;delta2_20
autobus/autobus_emivallr_h_esp.mp3;-265.6568298339844;132.501708984375;20.661964416503906;50.29513931274414;-65.14278411865234;-39.65033721923828;19.247364044189453;-18.23981475830078;-17.42239761352539;2.105682373046875;-3.19089937210083;-30.12456703186035;-11.719395637512207;6.296621322631836;-9.419231414794922;-3.466639757156372;-11.538745880126953;-5.112459182739258;0.5348579287528992;-8.174382209777832;-8.97996997833252;-8.29456901550293;6.222762584686279;4.932618618011475;4.825586795806885;-1.1276243925094604;-2.0318915843963623;-1.816741704940796;2.3096230030059814;1.577175498008728;-2.1265926361083984;-1.860564947128296;-1.9502204656600952;2.328571081161499;1.0885052680969238;1.1598033905029297;0.3127439022064209;0.19453765451908112;0.28093940019607544;0.12621629238128662;2.530454635620117;-4.379034519195557;-3.3433613777160645;-0.937476396560669;2.1677873134613037;0.6350914239883423;0.013918299227952957;1.034584641456604;-0.8620063662528992;-0.21413898468017578;0.6747784614562988;1.6082348823547363;0.516608715057373;-0.16821637749671936;0.07127121835947037;-0.3527339696884155;-0.6351895332336426;0.6561310887336731;0.7466943264007568;-0.15064099431037903
barco/barco_arvalosp1_h_col.mp3;-328.6941223144531;158.85243225097656;-1.588201642036438;4.76308012008667;-48.574703216552734;-7.331064224243164;-7.7412919998168945;-22.023637771606445;-27.125328063964844;-1.6538376808166504;-10.291953086853027;-9.909189224243164;-19.10783576965332;5.500292778015137;-5.3811492919921875;-18.120454788208008;0.05079057067632675;-17.604795455932617;-6.657258987426758;-6.751382827758789;-0.01753954403102398;1.6801620721817017;0.29076650738716125;-2.813839912414551;-2.2720391750335693;-1.2197986841201782;-2.593409538269043;-0.20685984194278717;0.5327531695365906;-0.4944358170032501;-0.43169906735420227;-1.185137391090393;0.7969254851341248;0.8515353798866272;0.6323062181472778;0.025919539853930473;-0.02936425991356373;0.461798757314682;-0.3235052824020386;0.31748977303504944;-8.939752578735352;-1.0213927030563354;1.5364025831222534;0.559457540512085;3.5021021366119385;0.18782645463943481;-0.9471034407615662;0.5529274344444275;1.1287096738815308;-0.020982850342988968;-0.3703172504901886;0.18406642973423004;1.4468207359313965;-0.8787600994110107;-0.2700921595096588;-0.09706521034240723;-0.6029652953147888;0.34354493021965027;-0.3275531530380249;0.2402438223361969
barco/barco_azdriel_h_esp.mp3;-220.45321655273438;-0.6236667633056641;-36.135032653808594;27.725004196166992;-49.18422317504883;1.4230777025222778;-0.47681528329849243;-3.9559483528137207;9.974449157714844;-13.08576774597168;25.0715274810791;-3.125460386276245;-6.557785987854004;16.028858184814453;-10.253636360168457;10.294342994689941;-0.32728126645088196;10.470610618591309;-3.866377592086792;13.501940727233887;-31.32703971862793;3.4129788875579834;7.323288440704346;0.5321429967880249;-1.6644147634506226;2.454958200454712;4.323065280914307;3.2809159755706787;2.767461061477661;-4.119699478149414;1.1950749158859253;-2.2617523670196533;3.6716015338897705;3.057722568511963;-0.09280630201101303;3.2513859272003174;-1.45498788356781;1.4134883880615234;-0.5880074501037598;1.2730019092559814;-2.807451009750366;1.8311070203781128;2.1781327724456787;2.7757434844970703;-2.8898463249206543;-0.9398746490478516;0.4063268005847931;0.3472740352153778;0.11896330863237381;0.08157416433095932;0.19063220918178558;0.3178887963294983;0.4932166635990143;-0.31667566299438477;0.39030927419662476;0.1702045500278473;0.5867977142333984;0.3921689987182617;-0.08286476135253906;-0.5887241959571838
barco/barco_Barreraivan27_h_col.mp3;-323.31280517578125;160.4520263671875;5.483229637145996;-16.13653564453125;-8.784695625305176;-1.8007681369781494;6.976724624633789;-22.3533992767334;-10.302976608276367;7.568173885345459;-3.190056324005127;-6.068504810333252;-12.272671699523926;3.5427258014678955;-13.670976638793945;-2.7117908000946045;-8.98716926574707;-4.073373794555664;-6.227959156036377;-2.0426456928253174;-8.180925369262695;-0.45808443427085876;-0.055531639605760574;2.3209407329559326;1.687847375869751;0.932073712348938;-0.39097124338150024;-0.34580206871032715;1.7803493738174438;-0.6884559988975525;-0.16176098585128784;0.0717071145772934;0.4863418936729431;-0.829055905342102;0.5365232825279236;-0.9035577178001404;0.09540454298257828;0.2971401810646057;0.18437330424785614;0.32509028911590576;-10.406631469726562;0.19867034256458282;1.7361791133880615;2.7176785469055176;2.8743724822998047;0.8400433659553528;0.38388189673423767;-0.4178207814693451;-0.41315147280693054;-1.1151864528656006;0.6080574989318848;0.18726769089698792;1.1111953258514404;-0.1829514503479004;0.04093621298670769;0.04644690081477165;0.4605294167995453;-0.28926217555999756;0.0945236012339592;-0.3027137219905853
barco/barco_fjglez_h_esp.mp3;-317.65234375;-0.0038677852135151625;-98.24789428710938;-32.432003021240234;-41.432586669921875;-33.86075973510742;-52.77859115600586;-36.57628631591797;0.9856534600257874;1.9039808511734009;14.144352912902832;6.8902082443237305;-6.450246334075928;20.673967361450195;9.756994247436523;10.818470001220703;-6.622247695922852;10.915053367614746;-4.161407947540283;-2.9173667430877686;-37.566131591796875;-11.865846633911133;8.391352653503418;0.3009470999240875;6.581747055053711;2.388949394226074;-3.357964515686035;2.0964407920837402;-0.8971135020256042;1.9824810028076172;-4.004757881164551;-0.18880534172058105;2.4040122032165527;0.09130242466926575;1.9408783912658691;-1.1427762508392334;1.2228091955184937;-3.7550251483917236;2.9587206840515137;-0.6888400912284851;-43.75596618652344;6.4639458656311035;6.741144180297852;2.7453413009643555;2.384866952896118;5.647113800048828;3.4169750213623047;1.0387505292892456;0.3887121379375458;0.18111588060855865;0.8133348226547241;-0.3099463880062103;1.4585893154144287;-1.7736518383026123;-0.5595191717147827;-0.5860167145729065;-1.2847208976745605;0.02482052706182003;-1.4051473140716553;-0.8218504786491394
barco/barco_jbpablotr_h_col.mp3;-282.5751647949219;123.29386901855469;28.027124404907227;16.929248809814453;0.21938663721084595;11.719476699829102;3.416152000427246;7.387190341949463;2.060220718383789;6.697993278503418;5.303485870361328;1.934863567352295;-2.05281662940979;8.462813377380371;-4.495484828948975;3.5281004905700684;-4.09535551071167;1.9630508422851562;-4.461050987243652;0.7697308659553528;-8.760616302490234;-1.8516722917556763;1.0620590448379517;2.326134443283081;2.8524458408355713;0.7769219875335693;0.7549631595611572;1.1530972719192505;1.5471268892288208;1.5944316387176514;0.7477486729621887;0.5100466012954712;1.5216271877288818;0.9705132842063904;1.286502718925476;0.6966348886489868;0.3112054467201233;0.18514813482761383;0.4106341302394867;0.5734936594963074;-8.081168174743652;0.171288400888443;0.01191869005560875;0.052098192274570465;0.8799892663955688;0.2445952445268631;0.36438146233558655;-0.007802279200404882;-0.6814971566200256;-0.6679574251174927;-0.08221292495727539;-0.07667917013168335;-0.1429620087146759;-0.08606259524822235;-0.5091379880905151;-0.35680240392684937;0.2293534129858017;0.3587866723537445;-0.41671523451805115;-0.31102725863456726
barco/barco_Momislo_h_esp.mp3;-299.2939147949219;159.5662841796875;2.2645251750946045;3.232365369796753;-26.06549835205078;-0.07779064774513245;4.043118953704834;-7.47662878036499;-2.0180859565734863;3.7704288959503174;-0.49458828568458557;-6.530289173126221;3.000271797180176;7.404764652252197;-6.8176140785217285;2.943067789077759;-5.236654281616211;-3.164959669113159;-4.6123433113098145;3.2599527835845947;-14.231840133666992;0.831030547618866;6.9549713134765625;0.6746498346328735;-1.0707201957702637;0.07057548314332962;0.39079681038856506;1.8162775039672852;-0.10509313642978668;-0.4494822323322296;-1.746546745300293;-2.1994175910949707;1.742160677909851;-0.17667141556739807;2.139235734939575;-0.4355580806732178;-0.06432811915874481;0.7217535972595215;-0.739235520362854;-0.4152761697769165;-10.927199363708496;1.6305896043777466;0.5664568543434143;1.0827319622039795;1.5429456233978271;-0.2759093940258026;0.26061704754829407;0.8564890027046204;-0.4823264479637146;0.5858883857727051;-0.08982537686824799;0.6913203597068787;0.2987879514694214;-0.5459150075912476;0.5926807522773743;-0.0406317412853241;0.7550609707832336;-0.07863499224185944;0.03257341682910919;-0.1948525458574295
blanco/blanco_abstract_h_gua.mp3;-293.44146728515625;155.34226989746094;-29.393169403076172;-7.121549606323242;13.274800300598145;32.011695861816406;0.699001669883728;0.13179703056812286;-14.393916130065918;-10.422723770141602;3.583142042160034;-17.894079208374023;-9.360672950744629;10.498678207397461;-14.92478084564209;-6.672391891479492;-7.759079456329346;8.37999439239502;-9.952653884887695;5.663345813751221;1.7905224561691284;-3.371577501296997;-4.958547592163086;-1.436835527420044;1.3210264444351196;-3.548466205596924;-2.003092050552368;2.310669183731079;2.027031660079956;1.5664771795272827;0.08491106331348419;-1.089445948600769;0.3409998118877411;0.9003604650497437;-1.664652705192566;0.14936542510986328;-0.1532030701637268;-0.09865185618400574;-1.197470784187317;0.14307604730129242;-13.280465126037598;0.6005956530570984;3.9948790073394775;-1.1926323175430298;0.44941648840904236;0.47040119767189026;2.489177703857422;-0.02323196642100811;0.034525737166404724;0.610974133014679;-0.3231492340564728;0.8527793288230896;0.0917201042175293;-1.1349581480026245;0.4668115973472595;-0.028270581737160683;0.0831017941236496;-0.8930781483650208;0.504843533039093;-0.14796991646289825
blanco/blanco_brujacarter_m_esp.mp3;-308.18328857421875;137.78652954101562;-55.69363784790039;35.99813461303711;-37.89246368408203;-0.3836926817893982;-23.919309616088867;-22.769371032714844;-3.166771650314331;-19.16276741027832;2.8757715225219727;-12.995945930480957;-3.7220041751861572;-2.361475706100464;-16.985374450683594;-1.3379734754562378;-4.9556121826171875;-10.388197898864746;-8.289347648620605;3.490607976913452;-12.569319725036621;7.78016471862793;6.677245616912842;-5.36210823059082;-0.9470682740211487;1.7980881929397583;1.9529082775115967;1.7630993127822876;-0.659783124923706;-1.197974443435669;0.5967869162559509;-0.6761360168457031;0.8863014578819275;0.9674532413482666;0.09317146986722946;-0.6524012684822083;0.06255043298006058;0.14475370943546295;-0.05251985415816307;-0.16948086023330688;-11.634562492370605;-0.865814745426178;4.123057842254639;1.5453225374221802;2.110135555267334;-0.6158876419067383;0.8001899719238281;-0.09582607448101044;-0.7093362212181091;0.4591022729873657;-1.0397974252700806;0.9237728118896484;0.6702869534492493;-0.23963139951229095;-0.2814541161060333;0.04112597927451134;0.3307057321071625;-0.8303905725479126;-0.33561718463897705;-0.13372786343097687
blanco/blanco_camilorosa_h_chile.mp3;-309.8861999511719;138.5448455810547;35.52788543701172;27.90912437438965;-17.179153442382812;11.842507362365723;-2.42915678024292;-6.748994827270508;18.014799118041992;-22.403396606445312;-4.156463146209717;-12.352783203125;-4.420295238494873;14.930649757385254;-21.68084716796875;-3.3360114097595215;0.6505968570709229;-2.7478127479553223;-5.285580635070801;-8.922080993652344;4.043710231781006;0.2530062198638916;-1.2656786441802979;-1.390708565711975;-0.808653712272644;-0.9577952027320862;1.530023455619812;0.9956193566322327;0.936951220035553;-1.4491583108901978;-1.7663171291351318;-0.6243031024932861;1.5955729484558105;1.6388550996780396;1.429481029510498;0.8371299505233765;-0.7636392116546631;1.4284396171569824;-0.07566004991531372;-0.7501994967460632;-6.628476142883301;-1.0308215618133545;0.02697368711233139;-1.1350561380386353;0.25871962308883667;0.8858190774917603;-0.6891937255859375;-0.0385536290705204;-0.4772373139858246;0.28396961092948914;0.6125191450119019;0.19652815163135529;0.10267322510480881;-0.5233877301216125;-0.2163514941930771;0.5670891404151917;-0.5557551980018616;-0.2622791528701782;0.5629861950874329;-0.07832244783639908
blanco/blanco_donquijote_h_mex.mp3;-274.6195068359375;154.00027465820312;13.21116828918457;22.863317489624023;-18.391475677490234;9.792017936706543;3.1319711208343506;-7.4022393226623535;-11.693415641784668;-4.382515907287598;1.8963834047317505;-6.787347793579102;-6.560949325561523;1.247645378112793;-12.87427806854248;11.391860961914062;-10.701767921447754;2.080897092819214;-13.55369758605957;-0.8470141291618347;2.9513797760009766;2.3301193714141846;-0.2825908958911896;-1.694617509841919;-3.3645455837249756;-1.2448991537094116;-0.20991875231266022;0.5660116076469421;-0.012147261761128902;0.9225887060165405;-0.3892885744571686;-0.6692689061164856;0.227849081158638;-0.12241856008768082;0.3466520309448242;0.5729368329048157;0.19962728023529053;0.7369732856750488;-0.9087814092636108;-0.24220389127731323;-10.75993537902832;-1.6742990016937256;0.6027802228927612;-0.5353921055793762;3.415445327758789;1.0234529972076416;-1.0079786777496338;0.20991499722003937;0.701210618019104;0.5574005842208862;-0.5286319851875305;-0.2948533594608307;-0.5395544767379761;-1.3128247261047363;0.2520497739315033;-0.9474575519561768;0.68731689453125;-0.49636587500572205;0.34732136130332947;-0.36037683486938477
blanco/blanco_enriquemdc23_h_mex.mp3;-228.36514282226562;120.40493774414062;-24.167951583862305;20.23339080810547;-9.407909393310547;-2.431346893310547;-16.22083854675293;-20.510902404785156;-3.699277639389038;-6.815866470336914;-8.912830352783203;-12.729686737060547;-19.03142738342285;13.132431030273438;-9.572457313537598;-11.852947235107422;-0.29273131489753723;-4.886058330535889;-3.294677495956421;5.861810207366943;-8.941994667053223;-3.7808828353881836;4.105016231536865;-2.4470937252044678;-2.207131862640381;-1.2349919080734253;3.164949893951416;3.9036765098571777;0.6158495545387268;1.1347798109054565;-1.1537432670593262;-0.10220152884721756;3.1368675231933594;0.07231173664331436;-1.7254520654678345;1.8534533977508545;-1.928110957145691;-0.20664110779762268;-1.3789054155349731;0.08898859471082687;-34.34735107421875;2.252068519592285;7.954678535461426;2.8698647022247314;5.558007717132568;2.3467748165130615;2.7634658813476562;0.6744787693023682;-1.3349027633666992;-2.9156923294067383;-1.3817248344421387;-0.057183992117643356;0.613007128238678;-0.6534860134124756;-0.5557218790054321;0.28376492857933044;-0.4558371305465698;-1.0038906335830688;1.0849308967590332;0.214210644364357
blanco/blanco_gardenvillage_m_fra.mp3;-344.7266540527344;-20.944580078125;-26.259159088134766;27.323286056518555;1.8657445907592773;29.926589965820312;5.621045112609863;-25.518325805664062;3.2502126693725586;-13.490225791931152;3.1435093879699707;-3.2015132904052734;3.873870849609375;1.3905467987060547;-8.948765754699707;21.98720932006836;-4.908176422119141;-3.117476463317871;12.403790473937988;-3.709908962249756;-8.423077583312988;-6.26458740234375;5.137264251708984;-15.972939491271973;-0.265288382768631;9.757477760314941;5.452281475067139;-0.8764103055000305;-4.325523376464844;0.3898373246192932;-0.7183673977851868;-3.465303659439087;1.0733838081359863;-3.4658634662628174;2.455662250518799;0.8046824336051941;1.0368669033050537;1.419110894203186;3.675034523010254;0.25523629784584045;-6.235345363616943;3.490328788757324;1.2539864778518677;2.3886494636535645;-0.6505839228630066;-0.2566414177417755;-0.4348616302013397;1.1028281450271606;0.5291017889976501;1.5454225540161133;1.1248937845230103;-1.2523796558380127;0.6436261534690857;-0.11912599951028824;0.6239241361618042;-0.7500894069671631;0.5724071264266968;0.41679486632347107;-0.2426953911781311;0.10291992872953415
blanco/blanco_guijaran2_m_esp.mp3;-338.3103332519531;118.01054382324219;5.814518451690674;6.391913890838623;-19.8126277923584;-5.56140661239624;-8.7855224609375;-2.91266131401062;-11.396830558776855;-12.615428924560547;-14.714505195617676;-13.047597885131836;5.6253814697265625;-8.982869148254395;-7.479837417602539;-3.8043510913848877;-7.942971229553223;-14.037077903747559;-3.9010403156280518;-8.990509986877441;-22.13555335998535;8.06253719329834;5.021510601043701;-3.2851028442382812;0.2443191558122635;1.3800989389419556;2.8486435413360596;2.504160165786743;-0.06780983507633209;-2.0440919399261475;1.4749131202697754;-0.09052658081054688;0.1791677474975586;0.8961567282676697;0.11531219631433487;-0.33017414808273315;-0.14671017229557037;0.0578705295920372;0.6273669600486755;0.7880146503448486;-12.917486190795898;0.48667144775390625;2.806595802307129;2.163863182067871;2.2751622200012207;0.9583377242088318;0.77088862657547;-0.07667244970798492;1.117060899734497;0.3081807494163513;-0.06411628425121307;0.6817901730537415;-0.007694546598941088;-0.27260348200798035;0.46043676137924194;-0.20098872482776642;0.05772022530436516;0.5903752446174622;-0.17477664351463318;-0.2668985426425934
blanco/blanco_vayusta_m_esp.mp3;-221.8961639404297;118.6728515625;-38.69615936279297;12.821310997009277;-46.87630081176758;-20.1950740814209;-3.325324296951294;-32.86097717285156;-2.400090456008911;-9.47485637664795;-11.999067306518555;-10.481884956359863;-6.557417392730713;5.133230209350586;-21.583364486694336;-3.1568000316619873;-6.44656229019165;-6.219627857208252;1.905828595161438;-10.634178161621094;-3.674564838409424;0.2805151641368866;2.0322608947753906;-1.9072904586791992;-3.211366891860962;1.4336332082748413;1.5011579990386963;0.8605577349662781;1.2484029531478882;-0.6731767058372498;0.4165283739566803;0.8429448008537292;-0.5980718731880188;0.13425461947917938;-0.0020147731993347406;-0.2828146815299988;0.32524195313453674;-0.6351208090782166;1.1655174493789673;0.585832953453064;-10.227072715759277;1.0534790754318237;1.8684074878692627;0.9554169774055481;2.9913816452026367;0.5013955235481262;-0.43042653799057007;0.2629817724227905;-0.550352156162262;0.32147637009620667;-0.5953919887542725;0.2363777458667755;-0.21167954802513123;-0.9352772831916809;0.730046808719635;-0.5265201926231384;-0.035788919776678085;0.5127648711204529;-0.2589729130268097;-0.28525617718696594
blanco/blanco_vkal_h_esp.mp3;-268.20782470703125;133.2093963623047;9.552840232849121;15.422316551208496;-1.486150860786438;30.69927978515625;4.444692611694336;1.0198276042938232;8.33845329284668;-4.1666388511657715;2.4710357189178467;-8.352627754211426;9.030305862426758;0.05666431412100792;-10.127219200134277;-3.3711795806884766;-12.120420455932617;-6.284852981567383;0.024688497185707092;-2.3874688148498535;1.9132260084152222;-3.8455519676208496;-5.449786186218262;-7.822085380554199;-6.445780277252197;2.055661678314209;2.729017496109009;2.1501097679138184;-0.2481899857521057;-2.6932709217071533;1.17951500415802;-0.7625937461853027;1.8821830749511719;0.17295725643634796;-1.1066089868545532;-0.045258935540914536;-0.0602043941617012;0.9700021147727966;-0.4832972288131714;-0.6051027774810791;-2.1067872047424316;-0.9735009670257568;0.35420310497283936;-2.748751401901245;-2.3155155181884766;-0.08224952965974808;-0.036892637610435486;0.18970872461795807;0.2832005023956299;-0.49635034799575806;0.6685745120048523;-0.7015776634216309;-1.0003782510757446;0.05564914643764496;-0.07683458924293518;-0.06741365045309067;0.6533015966415405;0.44260621070861816;-0.3538673520088196;0.10771244019269943
blanco/blanco_wordfor_m_col.mp3;-173.79873657226562;31.988317489624023;-48.85908889770508;9.227279663085938;-14.685559272766113;5.374821186065674;-14.917303085327148;0.738219141960144;6.761929512023926;-20.317785263061523;-25.6516170501709;-2.1635584831237793;-0.6458604335784912;-4.026296138763428;-7.596410274505615;1.459524393081665;-2.147862195968628;2.5610599517822266;-13.135533332824707;-2.6178488731384277;-19.34100341796875;6.193719387054443;-1.4683396816253662;1.1569459438323975;3.0968105792999268;1.189305067062378;1.9401938915252686;-2.717510223388672;-2.395987033843994;-1.6097667217254639;-1.8484869003295898;-0.8134051561355591;-2.875532865524292;1.936655044555664;-1.4513401985168457;-1.02898371219635;1.6354701519012451;-0.8795410990715027;-0.8779314160346985;-0.362796425819397;-31.348114013671875;3.826087236404419;6.121977806091309;6.868206977844238;-1.036646842956543;-0.8543592691421509;-1.5660425424575806;-1.7586414813995361;-2.38993501663208;0.3313782215118408;-0.051023177802562714;-1.2694132328033447;1.1845932006835938;-2.2855772972106934;0.9585443735122681;-0.5264919996261597;0.17738299071788788;-2.0291237831115723;-0.45675182342529297;0.3144212067127228
bolso/bolso_camilorosa_h_chile.mp3;-200.2039794921875;104.3412094116211;26.131229400634766;43.10953903198242;-12.699419975280762;-0.5639262199401855;3.8107876777648926;-7.941026210784912;6.0187764167785645;10.270467758178711;-27.02107810974121;-4.601826190948486;-4.020923614501953;-1.8738306760787964;-8.92834186553955;-0.9941036701202393;-11.023591041564941;-0.06458001583814621;-2.5259602069854736;5.5186614990234375;-1.425142526626587;3.4957022666931152;0.3709312677383423;-0.9449924826622009;-3.041921854019165;-1.386560082435608;0.3821130096912384;-0.7457928657531738;0.7746740579605103;0.14945776760578156;-0.039536844938993454;-0.29457786679267883;0.4399874806404114;0.012584568001329899;0.5599410533905029;0.4851164221763611;0.1675700545310974;-0.13581424951553345;-0.1767386794090271;-0.33764687180519104;-4.695183277130127;-1.4799107313156128;-0.010005465708673;-0.6891538500785828;1.1573083400726318;0.03992092236876488;0.7660121321678162;0.24199436604976654;-0.00511573301628232;-0.4476568400859833;0.2338174730539322;0.13443197309970856;-0.36060547828674316;0.4993612468242645;-0.06751362234354019;-0.443830281496048;-0.0880993977189064;-6.784498691558838e-05;0.0793423056602478;0.1084849089384079
bolso/bolso_mareze_h_arg.mp3;-266.7873229980469;102.33331298828125;66.17393493652344;-1.4949997663497925;-24.76723861694336;16.822267532348633;-35.48320388793945;15.414050102233887;-38.018836975097656;10.569645881652832;-14.344590187072754;14.792062759399414;-31.108402252197266;26.923051834106445;-31.130205154418945;-5.262866020202637;3.5810816287994385;-10.327568054199219;-7.592144012451172;-8.691601753234863;-9.952934265136719;2.764322280883789;3.2805099487304688;-0.6849694848060608;0.024922875687479973;1.392142653465271;-0.05746476724743843;-1.2680020332336426;0.3959755301475525;-0.365820974111557;2.0937340259552;-1.221927285194397;2.9447717666625977;-1.3187899589538574;0.06557635962963104;-0.09991230070590973;0.13339275121688843;0.5018005967140198;0.18230761587619781;1.8321986198425293;-6.070415496826172;1.9411506652832031;-0.12583087384700775;-0.8572849035263062;0.9674369692802429;-0.31307509541511536;1.3821769952774048;-0.23163995146751404;1.065415620803833;-0.7252000570297241;-0.0645461305975914;-0.3848119080066681;1.3933424949645996;-1.46759831905365;-0.14881926774978638;0.38165247440338135;-0.7414888143539429;0.41751351952552795;-0.46997421979904175;0.4004976749420166
bolso/bolso_sperez2418_h_mex.mp3;-264.44720458984375;111.90559387207031;35.04557418823242;32.29181671142578;-26.474170684814453;-7.969654083251953;4.160459995269775;-12.515190124511719;-21.241443634033203;-6.287781715393066;-19.972394943237305;3.4614546298980713;-6.374128341674805;3.674252986907959;-1.5015439987182617;-12.196669578552246;5.520702362060547;-15.3423490524292;-3.0255424976348877;-11.338166236877441;-0.4040715992450714;3.1583051681518555;-0.7793068885803223;-2.8653676509857178;-1.3125098943710327;0.4104439616203308;-0.41646483540534973;0.030997464433312416;0.3036029636859894;-0.7705168724060059;-0.14436614513397217;1.1399072408676147;-0.28028130531311035;-0.4207440912723541;0.8589600920677185;-0.7186535596847534;-0.2898158133029938;1.0007259845733643;-0.05966486409306526;0.02251957543194294;-7.229687213897705;-0.3373779356479645;-0.9979278445243835;1.3893346786499023;2.1016781330108643;1.0589840412139893;0.14232094585895538;-0.05983991548418999;0.36600461602211;0.09326662868261337;0.9769479632377625;-0.46366238594055176;0.12393500655889511;-0.6710126399993896;-0.3017939627170563;-0.1052166074514389;-0.2339968979358673;0.4219764769077301;-0.15195167064666748;0.6306353807449341
bolso/bolso_treintaitantos_h_esp.mp3;-282.0112609863281;122.41668701171875;-10.008367538452148;51.30510330200195;-11.556678771972656;-15.108884811401367;27.192092895507812;0.03184327483177185;-31.11993980407715;2.783649206161499;-2.0421347618103027;-3.895716667175293;16.51687240600586;14.580406188964844;9.37020206451416;10.643014907836914;4.705334186553955;5.158360481262207;-0.48889482021331787;5.743858337402344;2.477712631225586;3.1728599071502686;-4.148618221282959;-3.3638131618499756;-0.9263609051704407;1.4227021932601929;0.2839338779449463;-0.7995631098747253;-2.62605357170105;-2.4647154808044434;-0.3152659833431244;1.3134994506835938;0.7875171303749084;0.03166963532567024;1.8440401554107666;-0.2709771692752838;-0.40848684310913086;0.5711635947227478;-0.3831839859485626;-0.08190285414457321;-10.2323579788208;-0.6707362532615662;2.202693462371826;-0.7660186290740967;2.1726245880126953;1.634117841720581;-1.3807713985443115;-0.18627361953258514;1.7228792905807495;-0.03718838095664978;-0.1579742431640625;0.015752801671624184;-0.2722542881965637;-0.2672595977783203;0.12765641510486603;-0.40258684754371643;-0.3579601049423218;-0.25239649415016174;-0.21777434647083282;0.2210945039987564
bufanda/bufanda_alter_h_ven.mp3;-275.2857666015625;209.32034301757812;3.359335422515869;-6.368776321411133;1.6064887046813965;-8.13049602508545;-24.615562438964844;-19.349672317504883;-21.61536407470703;-7.105953216552734;-4.387957572937012;-7.5973029136657715;-9.862052917480469;-0.5277078747749329;-1.8435813188552856;-10.461539268493652;-6.2691426277160645;0.6128019690513611;-7.477748394012451;-6.252907752990723;-1.9780349731445312;2.735827922821045;-1.8147087097167969;-1.3783411979675293;1.3975958824157715;0.7475973963737488;-1.7737488746643066;-1.8972944021224976;0.46950817108154297;1.2360098361968994;2.1613986492156982;0.262310266494751;-0.21984073519706726;0.682997465133667;0.69395911693573;-0.9707302451133728;-0.24803219735622406;-0.3502615690231323;-0.0806952565908432;-0.32680994272232056;-3.3545196056365967;-2.469728708267212;0.8689916133880615;0.33936575055122375;0.400642991065979;0.3228127956390381;-0.8863497376441956;0.2611892819404602;0.9290308356285095;-0.0470142625272274;0.4444660544395447;0.7193556427955627;0.31238633394241333;-0.3339862823486328;0.7254307270050049;0.9208522439002991;-0.0517253652215004;-0.10196594148874283;-0.05485288426280022;0.42639148235321045
bufanda/bufanda_borum_h_esp.mp3;-264.8686828613281;118.15838623046875;6.125884532928467;6.612547397613525;-20.732717514038086;-0.2314039170742035;-13.532740592956543;-8.341650009155273;-14.645101547241211;13.501195907592773;-0.3107631802558899;-16.21407699584961;-3.880897045135498;-7.118330478668213;-10.156250953674316;-3.060330629348755;-13.29241943359375;-2.3359808921813965;-4.745500564575195;-12.04661750793457;8.309213638305664;-4.045183181762695;-3.2396092414855957;-2.5885002613067627;-0.009135502390563488;1.7201473712921143;-1.9809448719024658;-0.9944165945053101;1.2654392719268799;2.892582416534424;0.6438401937484741;2.3346002101898193;0.6204678416252136;0.759844183921814;-0.6748291254043579;-0.46547070145606995;-0.9862998127937317;0.4794340133666992;1.5431734323501587;-0.6038586497306824;-8.06523609161377;0.9074609875679016;-0.9741196632385254;-0.07546515762805939;0.8948653340339661;1.1740339994430542;0.5914053320884705;0.31032419204711914;0.4450376629829407;0.06959400326013565;0.6475991606712341;-0.2445306032896042;-0.13353374600410461;-0.22940123081207275;-0.46129369735717773;-0.33984798192977905;0.4325985908508301;-0.2198432981967926;0.20154204964637756;0.21932682394981384
bufanda/bufanda_Gorgorito_h_esp.mp3;-276.85614013671875;129.84481811523438;11.581329345703125;12.822489738464355;18.5500431060791;0.19981804490089417;5.396937847137451;-1.5140575170516968;-1.1010538339614868;-0.5584107637405396;4.302699565887451;4.00464391708374;-13.208281517028809;15.499014854431152;-4.555389404296875;-1.7691012620925903;-14.725661277770996;9.754999160766602;-10.48366641998291;9.800069808959961;1.3549326658248901;-1.0961496829986572;0.022567717358469963;-1.322541356086731;-0.8396137952804565;-0.3162897825241089;-0.44204655289649963;-1.12091863155365;1.3150814771652222;2.156388282775879;1.8890578746795654;0.12913748621940613;0.6462738513946533;-0.2052244395017624;-0.014913667924702168;0.3483349084854126;0.17948053777217865;0.9636203646659851;-0.3738674223423004;0.9512701630592346;-3.0646469593048096;-1.1229745149612427;0.43322715163230896;0.7535936832427979;0.25446322560310364;0.46568238735198975;-0.23724834620952606;0.8514811396598816;-0.35372722148895264;-0.16632433235645294;-0.4121454954147339;0.12819842994213104;0.4086451828479767;0.15990260243415833;0.023309342563152313;-0.13315065205097198;0.27070072293281555;-0.41641589999198914;0.19363173842430115;-0.06222831830382347
bufanda/bufanda_oscarm_h_esp.mp3;-251.1143035888672;107.2870101928711;-2.572690963745117;9.379352569580078;-18.83806610107422;-11.596941947937012;-5.023288249969482;-20.462993621826172;-22.201868057250977;11.414938926696777;-15.742900848388672;-12.08582878112793;-18.636245727539062;-4.103937149047852;-7.696264743804932;-16.60124397277832;-1.6074481010437012;-7.255244255065918;-2.739705801010132;-4.096951961517334;7.025503158569336;-2.3500356674194336;-4.084682464599609;-2.2928054332733154;0.0019569052383303642;0.8153079152107239;-1.3124282360076904;0.8641292452812195;-0.8643550872802734;2.137932062149048;-0.06405514478683472;0.5982893109321594;-0.17841552197933197;1.0957046747207642;-0.11139414459466934;-1.2146662473678589;0.9307112693786621;-1.3900883197784424;-0.08199335634708405;-0.0022659332025796175;-5.22230339050293;0.3604466915130615;-0.4690532088279724;-1.1312870979309082;0.399027019739151;1.144523024559021;-0.1057019755244255;1.017674207687378;0.01637979783117771;0.8656668663024902;0.4511432647705078;0.8849019408226013;-0.2003466933965683;0.4013155996799469;0.6196445226669312;-0.407368004322052;0.019495202228426933;-0.31367579102516174;-0.3806358575820923;0.4059336185455322
bufanda/bufanda_pola_m_mex.mp3;-263.2835388183594;81.11663818359375;-51.58284378051758;5.9182281494140625;-38.37086486816406;3.209477663040161;-28.878507614135742;-2.0855228900909424;-3.1817944049835205;-8.96264362335205;-3.7777493000030518;-19.92828369140625;0.1994224339723587;-5.731860637664795;-13.122454643249512;-5.900577545166016;-16.90093231201172;-6.6396002769470215;-8.492116928100586;-13.236493110656738;4.984121799468994;-0.3582907021045685;-4.378981113433838;-2.7176268100738525;-0.6884394288063049;0.8217447400093079;-0.728985071182251;0.8605597615242004;1.1699748039245605;0.9533793330192566;-0.3578000068664551;-0.22848530113697052;-0.12429287284612656;-0.038935959339141846;-0.09901881217956543;-0.10127290338277817;-0.06012992188334465;0.13013720512390137;0.6846438050270081;-0.06496360152959824;-3.631296396255493;0.4977432191371918;0.15189377963542938;-0.1235567256808281;0.8751558661460876;-0.004171272274106741;1.425517201423645;0.1280692219734192;0.34468507766723633;0.1501271277666092;0.3142339885234833;0.023409029468894005;-0.11598675698041916;0.34242066740989685;-0.12543296813964844;0.3364243507385254;0.05318005755543709;0.18306417763233185;-0.023894092068076134;0.1554904729127884
bufanda/bufanda_wordfor_m_col.mp3;-202.841796875;40.39286422729492;-27.794952392578125;1.987130880355835;-20.578882217407227;1.8539224863052368;-19.278270721435547;6.447137832641602;-7.992739200592041;-11.411745071411133;-20.321352005004883;-2.14925479888916;-11.751321792602539;-7.847009658813477;-10.510380744934082;-3.128995418548584;-6.813631057739258;-4.867531776428223;-6.115530490875244;-4.0450520515441895;2.7756855487823486;0.5278008580207825;-1.5498279333114624;-0.41788768768310547;-0.4158511757850647;-1.001543402671814;0.09556245803833008;-0.5710479021072388;1.5573092699050903;0.2018430233001709;-0.6244997978210449;-0.09344182908535004;-0.746623158454895;-0.9147084355354309;-0.6282798051834106;0.7457740306854248;-0.17226368188858032;0.5519236326217651;-0.02303631789982319;-0.09683369100093842;-4.359306335449219;2.867257833480835;-2.4592719078063965;-1.1731706857681274;-0.6483939290046692;1.5724581480026245;0.10560933500528336;0.2980285584926605;0.2820069491863251;-0.28411391377449036;-0.6851436495780945;0.16037915647029877;-0.1998734325170517;1.1034871339797974;-0.7609999179840088;-0.22755376994609833;0.24128161370754242;-0.14963524043560028;0.0846967026591301;-0.6337997317314148
cara/cara_beitter_m_esp.mp3;-144.15386962890625;97.5977783203125;-39.727840423583984;19.05426788330078;-19.46723747253418;5.7206645011901855;-7.772095203399658;29.597394943237305;-2.8992557525634766;4.458705425262451;-13.197598457336426;5.544721603393555;2.423410654067993;-7.4182281494140625;3.293895959854126;4.419707775115967;-7.386524200439453;4.350136756896973;-2.9052886962890625;5.497585773468018;-2.4282100200653076;6.362172603607178;0.2670566737651825;0.7989391684532166;-1.8131707906723022;1.4201022386550903;0.78792405128479;-1.7933887243270874;0.9297454953193665;-1.8943666219711304;-0.9778475761413574;-1.0125068426132202;-1.3366661071777344;-2.1292169094085693;0.2535383701324463;-1.0242611169815063;-0.2261807918548584;0.17282144725322723;-0.8830487728118896;-1.2063686847686768;-18.26630210876465;-3.103792190551758;3.5879065990448;-0.04984744265675545;3.805361747741699;0.5998536944389343;1.0764414072036743;0.023117130622267723;0.9625318050384521;0.13542033731937408;0.19461233913898468;0.3123972415924072;-0.0598936527967453;0.962428867816925;-0.24879197776317596;-0.3505375385284424;0.6148553490638733;-0.43495073914527893;-0.031812407076358795;0.20895548164844513
cara/cara_dakes_h_esp.mp3;-184.3885955810547;142.23646545410156;-73.64659881591797;14.697955131530762;-25.60260772705078;-9.500751495361328;-10.712474822998047;2.5024406909942627;10.326294898986816;6.2156596183776855;-4.340574741363525;-4.831377983093262;-9.337379455566406;6.318175792694092;-13.413151741027832;-7.746749401092529;-3.7849607467651367;3.2816073894500732;-11.662960052490234;-0.33686375617980957;-22.76312828063965;3.530573606491089;3.4836645126342773;-2.004657745361328;1.2238625288009644;0.31637296080589294;3.6032817363739014;1.4156996011734009;0.7503442764282227;2.935722589492798;-0.4390401840209961;-1.7063690423965454;2.557079553604126;0.045407261699438095;-1.310855746269226;0.3350219428539276;0.1386938840150833;0.16558802127838135;0.5806539058685303;0.598258912563324;-15.420071601867676;-2.7304394245147705;1.7727813720703125;-0.27981439232826233;2.429832696914673;-0.3674180209636688;1.0133520364761353;1.4747933149337769;-0.691459596157074;-0.13133172690868378;-0.24208223819732666;0.6010456681251526;0.8176986575126648;0.059439655393362045;1.286171793937683;-0.3902755081653595;1.3078031539916992;-0.5376737713813782;-0.03319245204329491;0.628176212310791
cara/cara_diegoalcara_h_esp.mp3;-217.12997436523438;122.92529296875;-83.78545379638672;14.919763565063477;-25.94900894165039;-1.5889666080474854;7.614048957824707;2.209317445755005;9.516195297241211;19.521867752075195;-14.181519508361816;-10.136899948120117;3.022357702255249;-2.8724558353424072;-4.872134685516357;-9.427224159240723;-4.487202167510986;-1.8074123859405518;-19.018718719482422;4.229094982147217;-16.150081634521484;-0.6747649312019348;3.357243537902832;-5.7874755859375;1.001365303993225;5.010502338409424;2.6892340183258057;0.9610203504562378;-2.9771554470062256;3.2987284660339355;-1.5844556093215942;0.314422070980072;0.8394519090652466;1.3229069709777832;1.008134126663208;0.6236178278923035;0.479265958070755;-0.1831028312444687;1.158820629119873;1.2887699604034424;-9.154218673706055;-2.011516809463501;1.8080906867980957;-2.907015085220337;1.6145590543746948;1.120115041732788;0.7861371636390686;0.4448900818824768;-0.5827131867408752;-0.6113784909248352;0.9081821441650391;0.0053879390470683575;-0.12235195189714432;-0.5493612885475159;0.149501234292984;-0.19142547249794006;-1.11430025100708;0.06820721179246902;0.2879941165447235;0.024418234825134277
cara/cara_emiliop_h_esp.mp3;-226.00523376464844;112.62767791748047;-99.58425903320312;44.41612243652344;-38.694942474365234;-19.82063102722168;5.104879856109619;-10.790837287902832;-5.772181034088135;44.01247024536133;-11.52657413482666;4.653374195098877;-18.50829315185547;-1.6853291988372803;-12.179265975952148;-9.662577629089355;2.0645484924316406;-0.22661717236042023;-0.8085556030273438;-3.1344566345214844;-17.267419815063477;-2.087022304534912;0.2701890766620636;-0.7227036952972412;0.5156359076499939;-1.0242053270339966;3.652390241622925;-1.5695178508758545;1.2862471342086792;3.595263719558716;-0.44969770312309265;1.3672090768814087;-0.7396080493927002;-0.16315288841724396;2.3848280906677246;-0.7082993984222412;1.0077956914901733;0.8836336135864258;1.714768648147583;0.6783435344696045;-10.9351806640625;-0.674621045589447;1.608966588973999;-0.11244355142116547;1.340248942375183;0.9957320094108582;-0.28038349747657776;-0.054469991475343704;0.8297923803329468;-1.0187023878097534;1.2269313335418701;-0.5885233283042908;0.9927484393119812;0.019611438736319542;-0.49502798914909363;0.3460947573184967;-0.31265610456466675;-0.4222012460231781;0.27772602438926697;-0.33365678787231445
cara/cara_luisdamianprimo_h_arg.mp3;-136.59718322753906;116.76909637451172;-17.768543243408203;-24.71137237548828;-3.353013515472412;16.879426956176758;-27.39908790588379;9.986891746520996;-12.499847412109375;17.67804718017578;-2.112792730331421;-7.364304542541504;-11.240930557250977;-2.523529291152954;-10.419445991516113;-1.8977999687194824;-15.434640884399414;0.3671683371067047;-9.864208221435547;-2.402663469314575;-9.565832138061523;-1.31707763671875;5.06076192855835;0.15559087693691254;2.4648666381835938;1.4558194875717163;1.6777645349502563;3.8632891178131104;-0.5797531008720398;1.2367604970932007;0.9454015493392944;-0.8451045155525208;-0.2642329931259155;0.2789432406425476;1.516113519668579;-0.44477570056915283;-0.04196656122803688;0.622177243232727;0.637087881565094;0.04419178515672684;-8.629805564880371;-0.2023477405309677;0.7008655667304993;0.02693878300487995;1.4293159246444702;0.6102286577224731;-0.5261430740356445;-0.09457573294639587;0.5537644624710083;0.018968502059578896;-0.6846594214439392;-0.3372859060764313;0.44386786222457886;-0.2279263436794281;-0.1547793596982956;-0.8020861148834229;0.049078721553087234;0.05591718852519989;-0.43906843662261963;-0.1141924187541008
cara/cara_orgullomoore_h_eeuu.mp3;-189.63352966308594;97.66315460205078;-47.05598449707031;-6.53924036026001;-1.2736080884933472;-1.1627107858657837;-31.37843132019043;19.552492141723633;-8.909016609191895;29.74760627746582;-19.900407791137695;-2.9168148040771484;-6.270599365234375;0.9482576847076416;-10.987473487854004;-7.832700729370117;-2.736480474472046;2.2288947105407715;-3.5540554523468018;-5.641831874847412;-19.04069709777832;2.3749396800994873;1.5199871063232422;2.3110764026641846;0.7894807457923889;0.4968147277832031;3.4113426208496094;2.0251083374023438;-3.809180498123169;3.9020004272460938;-4.011608123779297;-0.2831967771053314;2.0129504203796387;0.04221313074231148;0.14752160012722015;1.2957289218902588;-0.007225175853818655;0.8208114504814148;2.035064697265625;1.253169298171997;-16.011098861694336;-2.294912099838257;-0.20424209535121918;1.2530028820037842;1.257158637046814;1.2745203971862793;0.48654457926750183;-0.8669554591178894;2.7040090560913086;-2.7589054107666016;0.21871663630008698;1.4093117713928223;-0.6005843281745911;0.30752500891685486;0.9722929000854492;-0.4111737310886383;0.7563619017601013;0.8151423335075378;0.19529302418231964;-0.13959459960460663
cara/cara_oskerals_h_ven.mp3;-326.1768798828125;121.40179443359375;-74.48372650146484;45.8984260559082;-17.479873657226562;13.8709135055542;4.848737716674805;-0.5702961087226868;13.784486770629883;-19.093782424926758;30.383329391479492;-2.057246446609497;9.038446426391602;16.88936996459961;-31.550601959228516;11.337332725524902;-2.9185619354248047;3.914139747619629;-17.127418518066406;8.481232643127441;-19.972972869873047;-1.252638816833496;6.244808197021484;-1.4472604990005493;4.310380458831787;-0.16962023079395294;3.13193678855896;6.264251232147217;0.11358179897069931;2.8484768867492676;-0.35491618514060974;-0.11607520282268524;2.6679272651672363;-1.852365493774414;1.576438546180725;-0.13822874426841736;1.57345449924469;-0.4677441120147705;-0.6441081166267395;-0.5481390953063965;-11.979960441589355;-3.276719808578491;3.3208560943603516;0.6111043095588684;1.303449034690857;0.36439844965934753;-0.26147162914276123;0.1002432331442833;-1.051262617111206;0.39281895756721497;-0.022317027673125267;0.47294172644615173;1.4590895175933838;-1.181187629699707;1.5678491592407227;-0.2967337667942047;0.14015333354473114;0.7867287993431091;0.03152863681316376;0.8233039975166321
cara/cara_randomlino_h_peru.mp3;-211.27566528320312;81.32112884521484;-49.079124450683594;28.955875396728516;-31.448665618896484;-13.132009506225586;1.4214295148849487;-22.54454803466797;16.23095703125;21.09507942199707;-12.601140975952148;-10.201822280883789;-16.05351448059082;14.77332878112793;-24.420757293701172;-6.5955891609191895;-6.102530479431152;2.0105018615722656;-7.412289142608643;-2.4111952781677246;-12.879302024841309;3.661038875579834;-0.23784157633781433;1.6570188999176025;-0.5944153070449829;1.0509644746780396;0.3696495294570923;-0.4303368926048279;3.7412428855895996;-1.090884804725647;0.875131368637085;1.1025937795639038;-0.896652102470398;0.5898129940032959;-2.0867741107940674;1.2538388967514038;0.21606460213661194;0.5431209206581116;-0.11412541568279266;0.8272571563720703;-18.014026641845703;-0.636654257774353;3.2238943576812744;-0.6775785684585571;1.9619752168655396;0.6936185359954834;-0.6612221002578735;1.2319823503494263;-0.34162601828575134;-0.09477674961090088;0.7925377488136292;-0.1988949030637741;1.2623049020767212;-0.38725578784942627;0.6725526452064514;0.4645316004753113;-0.009490670636296272;0.374315083026886;-0.2537187337875366;0.4256703555583954
cara/cara_victornalab_h_ven.mp3;-221.7995147705078;126.13014221191406;-42.11244583129883;-5.0990447998046875;-10.860066413879395;-40.721153259277344;-3.3492543697357178;-24.177297592163086;7.830777645111084;4.216118335723877;-32.14638137817383;-5.348511219024658;-10.690431594848633;8.283136367797852;-22.407560348510742;4.90597677230835;-16.225080490112305;-4.5578484535217285;-11.034066200256348;-2.363605260848999;-2.048860788345337;6.320171356201172;2.4514012336730957;-5.321056842803955;-0.4127011299133301;1.5781238079071045;0.7859856486320496;2.068906307220459;-0.9977253675460815;3.3024590015411377;-2.256016254425049;-0.5045638084411621;-0.4846326410770416;-0.35203245282173157;0.26007699966430664;-1.7117873430252075;1.6796976327896118;-1.1701672077178955;1.067030429840088;-1.0356613397598267;-12.894572257995605;-2.1865389347076416;2.124011754989624;0.3029337525367737;1.0462380647659302;1.0695548057556152;-1.8324391841888428;1.1187260150909424;-1.2161937952041626;-0.9616645574569702;1.1062002182006836;-0.9164213538169861;1.5924770832061768;-0.8035038709640503;0.9235259890556335;-0.405867338180542;0.0828990787267685;0.017824305221438408;0.00028409488731995225;0.28178977966308594
chaqueta/chaqueta_effystonem_m_mex.mp3;-298.9053649902344;79.64239501953125;-30.919843673706055;-1.0289894342422485;-65.48870086669922;-11.43804931640625;-36.22422790527344;-15.395974159240723;2.2637686729431152;-8.307408332824707;-28.60370635986328;-7.7972731590271;-9.601906776428223;-21.704612731933594;-6.340208053588867;3.0828566551208496;-6.559186935424805;-9.070755958557129;-14.633541107177734;-22.832712173461914;-5.005833148956299;4.874616622924805;-1.0473419427871704;-0.8201789855957031;2.6297056674957275;1.1925710439682007;1.3139138221740723;-1.209701418876648;-0.5508337020874023;-0.5457360744476318;0.02242051437497139;0.25087639689445496;1.5665825605392456;2.2618541717529297;0.22977109253406525;1.331666111946106;1.9121181964874268;0.14422696828842163;0.38482674956321716;0.8638182282447815;-6.160226821899414;-2.172905921936035;3.5431554317474365;-0.11778099089860916;1.1558585166931152;0.17034707963466644;1.9330273866653442;1.2747780084609985;0.16498273611068726;0.45980167388916016;0.8273589611053467;0.5164809226989746;0.0642324760556221;1.2153815031051636;-0.3831671476364136;-0.45658227801322937;-0.4435572624206543;0.20356617867946625;0.17500470578670502;0.8151746988296509
chaqueta/chaqueta_irs00013_m_esp.mp3;-244.3402099609375;92.5869140625;7.021090030670166;-3.133382797241211;-22.894981384277344;-22.733057022094727;-6.575115203857422;1.5451749563217163;-3.0881245136260986;-2.44054913520813;-29.5477237701416;-5.390936374664307;-8.546212196350098;-10.06344985961914;-3.6220505237579346;-1.3847111463546753;-10.232529640197754;-4.691000461578369;-11.661131858825684;1.977791428565979;-6.890237808227539;8.965258598327637;-2.7162389755249023;1.6515084505081177;-0.48113393783569336;2.9501352310180664;-0.0687899962067604;0.10173287242650986;0.6593548059463501;-1.1516858339309692;-0.7517464756965637;-0.7582805752754211;0.16038765013217926;-0.6131701469421387;-0.5102663636207581;0.028880596160888672;0.43153974413871765;-0.475596159696579;0.22369135916233063;-0.2607177793979645;-13.154940605163574;-3.0452871322631836;3.219141721725464;-1.0286747217178345;1.2645446062088013;-0.01511422824114561;0.5436990857124329;-0.6083647012710571;0.10560939460992813;-0.1660027652978897;0.1805838942527771;0.1941940188407898;0.2386072874069214;0.08194431662559509;0.17342525720596313;0.06862349063158035;0.6420938372612;-0.15033550560474396;0.13238577544689178;0.26779234409332275
chaqueta/chaqueta_packo38_h_esp.mp3;-291.36444091796875;97.27925109863281;-7.882133960723877;73.66768646240234;-6.084291934967041;-1.091639518737793;-54.91880416870117;-11.099566459655762;14.580822944641113;28.906503677368164;-2.924722909927368;1.5938133001327515;-25.094730377197266;-7.824513912200928;6.557059288024902;9.382145881652832;0.31102636456489563;-3.1714844703674316;-17.486223220825195;1.3486422300338745;-5.443655014038086;6.899270057678223;-1.7442153692245483;-1.6963586807250977;2.944298028945923;-0.29666784405708313;2.7015750408172607;0.7554481625556946;1.1041995286941528;-1.4615319967269897;1.618361473083496;-0.6335099339485168;-0.06669267266988754;-0.04221778362989426;-0.03348580002784729;-0.7087494134902954;1.0031462907791138;-0.3023984730243683;0.14369653165340424;0.08699475228786469;-7.338277339935303;-3.706643581390381;0.7606105208396912;-0.5119406580924988;-1.1425909996032715;-0.02206079103052616;0.4576241672039032;0.002397320931777358;0.02051987312734127;-0.19762274622917175;-0.6674957275390625;-0.06243559345602989;0.7866736054420471;-0.3868004083633423;0.4923135042190552;0.2788578271865845;-0.5797598361968994;0.2054545134305954;0.3773095905780792;0.4089291989803314
chaqueta/chaqueta_pleitecas_h_esp.mp3;-203.348876953125;78.06098175048828;-44.94839096069336;46.48146438598633;-27.40131378173828;11.008458137512207;-23.916458129882812;24.7752628326416;-11.041767120361328;7.489955425262451;-3.3868157863616943;0.6448797583580017;3.2421462535858154;1.0520745515823364;-1.8734594583511353;-1.499521255493164;-1.703610897064209;-2.2787210941314697;5.769796371459961;-1.048632025718689;-0.17372703552246094;9.318245887756348;-3.0774614810943604;-1.7117739915847778;3.9189960956573486;1.5588032007217407;1.5172929763793945;-0.41278693079948425;2.2929890155792236;-1.0180267095565796;0.73457270860672;-2.1392009258270264;0.2611033022403717;-0.2171172946691513;-0.7627873420715332;-0.7148450016975403;1.1674777269363403;-0.21182554960250854;-1.2751284837722778;0.001534064649604261;-10.608677864074707;-3.8833930492401123;0.18780989944934845;-0.9004520773887634;0.4999518096446991;0.31255605816841125;1.2477530241012573;-0.2644888758659363;-0.1356613039970398;-0.19183635711669922;0.8002373576164246;0.22736495733261108;0.28259608149528503;-0.08175265043973923;0.7384493947029114;-0.48817959427833557;-1.0695112943649292;0.13212180137634277;0.1887681484222412;0.2892700433731079
chaqueta/chaqueta_urso170_h_arg.mp3;-206.46197509765625;97.25639343261719;-33.572593688964844;30.317598342895508;-19.1165828704834;12.049418449401855;-29.441478729248047;-2.2491953372955322;-1.3320837020874023;3.9562199115753174;-19.656835556030273;-3.4146158695220947;-4.828910827636719;-0.6238102912902832;-21.455305099487305;-2.7592759132385254;-14.599427223205566;0.6579116582870483;-6.163311958312988;-9.391711235046387;-6.014511585235596;5.776645183563232;-1.1469672918319702;0.3894155025482178;1.549383282661438;0.7401352524757385;1.4869472980499268;-0.34885701537132263;2.606351613998413;0.22059504687786102;0.903713583946228;-0.8613054752349854;0.5544920563697815;-0.2354269027709961;0.48677951097488403;-1.1517304182052612;-0.1910974234342575;0.25826022028923035;0.043516963720321655;-0.6856411099433899;-10.892892837524414;-4.529473304748535;1.171367883682251;-0.975028932094574;0.46286648511886597;1.1371257305145264;0.310276061296463;1.0803766250610352;-0.7451297640800476;-0.16356082260608673;0.20898905396461487;-0.1234036535024643;0.04160405695438385;-0.16014227271080017;1.107883095741272;0.243059441447258;0.07727827876806259;0.27045580744743347;0.0870489776134491;-0.18314948678016663
chaqueta/chaqueta_wordfor_m_col.mp3;-240.042724609375;-7.176424980163574;-0.542190670967102;17.089324951171875;-29.850116729736328;-19.602426528930664;-14.140912055969238;10.010737419128418;-26.203062057495117;8.720059394836426;-9.594484329223633;4.955319404602051;-2.9047279357910156;-3.9361417293548584;-7.330259799957275;-0.43406596779823303;-5.241537570953369;2.0708584785461426;-1.834256887435913;-0.21607807278633118;-1.713632345199585;7.057696342468262;2.2760562896728516;3.5583746433258057;-0.920220673084259;-4.8031721115112305;0.33864614367485046;-1.6936355829238892;-2.442087173461914;1.1770050525665283;-1.5280370712280273;0.45463910698890686;-0.08559935539960861;0.19196109473705292;-0.5467233061790466;-0.126104474067688;0.7319056391716003;-0.682352602481842;0.052314501255750656;-0.4158475399017334;-18.13625144958496;-3.1664793491363525;2.295422315597534;1.0740880966186523;1.4708720445632935;1.7849771976470947;0.019876250997185707;0.05158407241106033;1.2697726488113403;0.19757488369941711;0.3347533345222473;0.06831537187099457;0.5119271874427795;0.4463619589805603;1.1216593980789185;0.1966959536075592;0.28608256578445435;0.44169989228248596;0.07520323246717453;0.5250251889228821
cielo/cielo_alter_h_ven.mp3;-261.7275390625;158.7240753173828;-1.840027093887329;28.078474044799805;21.184101104736328;10.746700286865234;-14.711980819702148;-14.152068138122559;-13.728866577148438;-4.3595991134643555;-10.62341022491455;9.811345100402832;-3.4661271572113037;-0.5848772525787354;7.417123317718506;-7.2467756271362305;-3.638556718826294;1.5920437574386597;-7.674304008483887;-6.352220058441162;-22.709121704101562;1.1128854751586914;5.081665515899658;-2.5857274532318115;1.105108618736267;3.6887876987457275;5.402652740478516;1.5960294008255005;0.8283825516700745;0.8045337796211243;2.008665084838867;-0.4439625144004822;0.6168773770332336;0.08192461729049683;-0.45658817887306213;-0.12120740860700607;0.24820086359977722;-0.7269204258918762;0.6030964851379395;0.0646601989865303;-0.7133718729019165;-2.500732660293579;1.008168339729309;1.076877236366272;-0.3927963376045227;0.26817062497138977;-0.12444144487380981;0.4645942449569702;-0.29980412125587463;-0.5197310447692871;0.38106638193130493;0.15728795528411865;-0.13469165563583374;-0.36839941143989563;-0.15149657428264618;0.5594202876091003;0.1696593314409256;-0.02523653209209442;-0.1632065773010254;0.7525599002838135
cielo/cielo_Aradia_m_arg.mp3;-340.6860656738281;138.83395385742188;13.715926170349121;39.031532287597656;-2.1943366527557373;-21.489221572875977;-11.350984573364258;-8.38839340209961;-19.391925811767578;7.807652473449707;-7.726632118225098;1.344351887702942;3.0528364181518555;-11.795233726501465;-1.1641806364059448;2.924988031387329;-3.4191410541534424;-3.962117910385132;-3.6233603954315186;-5.614528179168701;-10.46864128112793;9.003511428833008;-4.644106388092041;-7.019364356994629;0.7785499691963196;4.700581073760986;2.049260377883911;-0.621942400932312;3.5904250144958496;1.263853907585144;-0.4734390377998352;0.02412303350865841;0.6541029214859009;-0.42712652683258057;-0.26220354437828064;-0.5500766038894653;0.2500600516796112;-1.408282995223999;1.3030213117599487;1.62920343875885;-11.143442153930664;-5.0841498374938965;5.7022833824157715;-0.5986849665641785;2.6167361736297607;1.2114924192428589;1.691995620727539;0.6131116151809692;-0.6418200731277466;-1.1650761365890503;0.34559574723243713;0.41484153270721436;-0.4442949891090393;0.5397627353668213;0.042264897376298904;0.7867088913917542;-0.06176494061946869;1.1504560708999634;0.2520546317100525;-0.19401907920837402
cielo/cielo_beitter_m_esp.mp3;-229.0424346923828;79.46959686279297;14.102203369140625;45.0186653137207;-32.760536193847656;7.095914363861084;-14.481623649597168;2.1345510482788086;-9.74782657623291;5.255251407623291;-12.53397274017334;-2.063366174697876;3.712080478668213;-7.522274971008301;3.40655517578125;3.0705738067626953;-1.5861361026763916;1.561069369316101;-6.492867469787598;1.3462687730789185;2.1429226398468018;6.905830383300781;-7.314236164093018;-2.141491174697876;-4.924775123596191;-0.8837090134620667;-3.603188991546631;-3.243579864501953;-0.018071243539452553;-1.0399259328842163;-0.9747787714004517;-2.443694591522217;0.6850252151489258;-3.1462082862854004;-0.0968143567442894;-0.83375084400177;-0.8370193839073181;-1.1430622339248657;0.3327164053916931;-0.8153377175331116;-8.386338233947754;0.7312346696853638;-0.4680401682853699;-2.700589895248413;2.160792350769043;0.8909600377082825;0.992730438709259;0.08809906989336014;1.1993669271469116;0.3399490714073181;-0.38198795914649963;0.058805469423532486;-0.5550936460494995;-0.2789818346500397;-0.025949792936444283;0.03290131315588951;0.2271423637866974;0.12191466242074966;0.8923236727714539;0.13239265978336334
cielo/cielo_bilks_h_esp.mp3;-541.6404418945312;60.48320388793945;11.385961532592773;49.353904724121094;-6.471396446228027;10.82110595703125;2.0104966163635254;-5.400028228759766;-4.295384883880615;-1.2389463186264038;0.692215085029602;-1.4275017976760864;-4.389878749847412;0.8225626349449158;-1.4038054943084717;0.7374762296676636;2.0705411434173584;0.8861390948295593;-1.9177792072296143;-1.9725185632705688;-2.4394593238830566;0.5618544816970825;-1.3575338125228882;0.20023676753044128;-0.5849080681800842;-0.39371904730796814;-0.32552996277809143;-1.3297882080078125;0.18600063025951385;-0.4373076260089874;0.051192283630371094;-0.21425317227840424;0.225723996758461;-0.07408533245325089;-0.30338242650032043;-0.1744721531867981;-0.02288684993982315;-0.09102028608322144;0.13753202557563782;-0.24249547719955444;-2.028294324874878;-0.007406382821500301;0.5169625878334045;-0.8856448531150818;0.5669549703598022;0.5889474153518677;0.2122931331396103;-0.18210794031620026;0.18682967126369476;0.2554031014442444;-0.13174797594547272;0.052770696580410004;-0.07542029023170471;-0.07754343748092651;-0.18777455389499664;0.024791574105620384;-0.17466557025909424;-0.20163173973560333;0.01855037733912468;-0.01708182878792286
cielo/cielo_camilorosa_h_chile.mp3;-229.28854370117188;22.435903549194336;42.08981704711914;57.29830551147461;5.026900291442871;-26.179534912109375;8.223432540893555;8.731840133666992;1.0796575546264648;-10.327982902526855;-19.556303024291992;1.2881444692611694;-14.544981002807617;-9.851303100585938;-2.8443639278411865;-1.5656588077545166;-0.0053173634223639965;-9.961009979248047;-12.20860481262207;1.6757999658584595;4.690952777862549;19.371389389038086;-1.1271885633468628;-0.7609850764274597;-2.6957459449768066;1.441840648651123;3.2945306301116943;-0.3789256513118744;-0.9873470664024353;-0.8234356641769409;0.3429182469844818;-0.9889271855354309;0.5726794004440308;0.9110283255577087;1.6538541316986084;-0.06313368678092957;-0.699235200881958;0.6301633715629578;-0.8054501414299011;-0.19608530402183533;-5.963619232177734;-2.033143997192383;-1.3848075866699219;-3.204043388366699;-0.03860137239098549;1.4685622453689575;-0.9122193455696106;-0.6247268915176392;0.7649930119514465;0.6517645716667175;0.017580287531018257;1.5159459114074707;1.571165919303894;1.404855489730835;0.1680738627910614;0.7712066173553467;0.32198086380958557;0.050489503890275955;0.740247368812561;-0.23903019726276398
cielo/cielo_enriquemdc23_h_mex.mp3;-179.2400665283203;101.36683654785156;-2.2054250240325928;18.41347885131836;-13.226442337036133;-23.257556915283203;-6.900486946105957;-10.65611457824707;-18.671064376831055;-6.861283302307129;-9.15764045715332;3.97324538230896;-17.753326416015625;11.94033145904541;-11.629491806030273;-5.9075798988342285;-0.1665221005678177;-9.339634895324707;-8.844029426574707;1.168949842453003;-22.47180938720703;15.271327018737793;3.2271533012390137;-3.305260181427002;-3.945359706878662;3.3081705570220947;5.733672618865967;-3.2744944095611572;-1.603311538696289;1.2067233324050903;1.754273772239685;-0.5349053144454956;0.5533329844474792;0.7422797083854675;-0.2712293267250061;-1.0036499500274658;-0.270136296749115;-0.08467042446136475;-0.6923442482948303;-1.0457504987716675;-15.157135963439941;-3.0760111808776855;4.515934944152832;-2.721454620361328;0.5536043643951416;0.6751753091812134;2.44045090675354;2.6225099563598633;0.32871612906455994;0.0646742507815361;0.46114081144332886;-0.26057350635528564;1.1705055236816406;-1.0220143795013428;0.41737061738967896;0.14190258085727692;-0.7140886783599854;0.5848518013954163;0.03345523029565811;0.11838538944721222
cielo/cielo_estexu_h_esp.mp3;-232.41151428222656;83.31938171386719;-14.978325843811035;58.89690017700195;-1.5639339685440063;-13.840197563171387;-9.161421775817871;-24.511682510375977;-6.829483509063721;-30.674840927124023;-10.043230056762695;-17.64023208618164;-29.390947341918945;-3.826420545578003;-14.224395751953125;-4.265861511230469;-6.263734817504883;1.8691902160644531;-1.5637859106063843;-4.0027689933776855;-14.729353904724121;11.171263694763184;-2.27535343170166;-9.288531303405762;-5.409724712371826;4.356245517730713;3.859907627105713;-4.288890361785889;-0.16437342762947083;-1.6101070642471313;5.529244899749756;-0.5071985125541687;0.34577396512031555;-0.3846762478351593;1.7889655828475952;-0.8012948632240295;-0.9706590175628662;0.8407741785049438;-1.1270209550857544;-3.0513784885406494;-17.520896911621094;-3.558159589767456;3.2275390625;-1.3713732957839966;-1.6597354412078857;1.395811915397644;1.1233835220336914;2.729508876800537;-0.27268359065055847;-1.2667003870010376;1.2303414344787598;-0.41864311695098877;-0.04724622890353203;-2.363328695297241;0.28518038988113403;-0.4876537322998047;0.7607381343841553;0.5875096321105957;-0.9197593331336975;0.6205387711524963
cielo/cielo_gustav73_h_peru.mp3;-246.47650146484375;75.76036834716797;-43.650447845458984;77.8926773071289;-5.705658912658691;-46.12446594238281;-33.31681823730469;-5.283323764801025;-22.95729637145996;-6.986147880554199;-12.258062362670898;11.946284294128418;-8.289936065673828;1.1456140279769897;-7.86652135848999;-3.026177406311035;3.449219226837158;-5.234611988067627;-11.130123138427734;6.249208927154541;-4.453135967254639;22.060222625732422;-5.730292797088623;-4.479223251342773;1.5350887775421143;0.09762214124202728;2.6163361072540283;-5.370453357696533;2.2301347255706787;0.8197704553604126;-0.5644641518592834;-0.5569785833358765;1.3636502027511597;-1.886448621749878;1.4721214771270752;-1.8659425973892212;0.17751111090183258;0.8306238055229187;-2.028285503387451;-1.7649540901184082;-11.540668487548828;-5.378530979156494;3.3671720027923584;-2.5882480144500732;-0.639860212802887;1.1139546632766724;2.006730318069458;2.0441291332244873;0.15698614716529846;0.06905532628297806;0.5911170244216919;-0.4474474787712097;-0.106155626475811;0.37149232625961304;-0.09513197094202042;0.7900664210319519;-0.09010925889015198;-0.27031227946281433;0.8213737607002258;-0.13047292828559875
cielo/cielo_msalas_h_eeuu.mp3;-236.21087646484375;141.63954162597656;-27.967992782592773;30.37950325012207;-0.00043462117901071906;-19.135990142822266;1.4465023279190063;-22.02411460876465;-23.62163734436035;-19.79347801208496;12.44199275970459;-11.80284309387207;-19.64337730407715;9.746469497680664;-13.597662925720215;-4.271824836730957;-9.51581859588623;-19.195316314697266;-5.455846309661865;-4.393346786499023;-8.748551368713379;12.814176559448242;0.15868085622787476;-6.9649224281311035;-4.311957359313965;2.8098161220550537;1.7033195495605469;-0.30488598346710205;-1.235878825187683;1.526375651359558;0.24585169553756714;-1.3738276958465576;1.8336938619613647;0.5414933562278748;-0.631008505821228;-1.7049362659454346;1.0626194477081299;0.4807356297969818;-1.982840895652771;0.34802132844924927;-12.504057884216309;-2.265261650085449;5.613022804260254;-1.2704486846923828;0.7204469442367554;1.2637600898742676;0.4370551109313965;2.534574031829834;-0.14842486381530762;0.9052606225013733;-0.7221391201019287;-0.25981101393699646;0.7045636773109436;-0.7419508695602417;-0.11397775262594223;0.1230069026350975;0.2871922254562378;0.8413693904876709;0.030958715826272964;0.692439615726471
cielo/cielo_Orphneus_h_arg.mp3;-162.52316284179688;85.4810562133789;-11.409327507019043;56.438663482666016;-9.670035362243652;-0.8117157816886902;-17.748777389526367;-10.641863822937012;-10.95739459991455;-7.489168643951416;-4.541198253631592;1.325608491897583;-15.644719123840332;4.887582302093506;0.17591047286987305;8.054102897644043;3.202484607696533;-2.146810531616211;-10.571106910705566;-3.4565727710723877;-1.6075636148452759;15.686636924743652;-7.310094356536865;-0.8770756125450134;2.2117302417755127;-5.090153694152832;3.620643138885498;-3.09045147895813;-2.9438459873199463;3.2726266384124756;0.45017221570014954;-0.9768996238708496;-0.8891015648841858;1.223380446434021;0.6067968606948853;0.7931948304176331;1.4596096277236938;-0.8424919247627258;0.5551751852035522;-0.4788305163383484;-17.849544525146484;-3.5472240447998047;2.8110713958740234;-2.8851001262664795;-0.38012251257896423;1.896750807762146;1.816438913345337;1.1665583848953247;0.17532303929328918;0.5711397528648376;0.8875154852867126;-0.8178148865699768;1.115444540977478;-0.09256851673126221;-0.19486090540885925;-0.18860457837581635;-0.5105124711990356;0.32662901282310486;-0.45517444610595703;0.4311142563819885
cielo/cielo_reality3d_h_esp.mp3;-249.96340942382812;65.3675765991211;-4.808192253112793;44.106300354003906;-16.911500930786133;-15.622528076171875;-7.40359354019165;-7.958536624908447;-17.320131301879883;-6.731526851654053;-4.535896301269531;-5.7633490562438965;-11.329646110534668;7.920391082763672;-16.95841407775879;-2.751192808151245;-4.5536041259765625;-1.3850101232528687;-5.9520368576049805;-7.437620639801025;-11.848862648010254;15.206271171569824;4.466866493225098;2.7491934299468994;0.6851720809936523;0.5721714496612549;3.048462390899658;0.025651533156633377;-1.131858229637146;1.3090863227844238;1.8805904388427734;-0.6043566465377808;0.019661832600831985;0.028676200658082962;-0.7488912343978882;-0.6933143734931946;-0.788821280002594;-0.960911750793457;-1.2515393495559692;-1.1118348836898804;-7.121726036071777;-1.1953250169754028;2.0832252502441406;-0.15853247046470642;-1.5945549011230469;-0.19925424456596375;0.16439059376716614;0.3377355933189392;0.7887700796127319;-0.13327765464782715;-0.02544943057000637;0.3013176918029785;0.3168213367462158;0.14899994432926178;0.20577724277973175;-0.001928955316543579;0.30718398094177246;-0.08236938714981079;-0.20530322194099426;-0.24895122647285461
clase/clase_brujacarter_m_esp.mp3;-251.0411376953125;123.89551544189453;-49.68461227416992;64.10598754882812;-37.17766571044922;-13.57020378112793;-22.69341278076172;-3.185375928878784;-3.9224488735198975;-24.044635772705078;-11.928764343261719;-25.342931747436523;3.097992181777954;-8.232589721679688;-2.324768543243408;4.04106330871582;-19.586708068847656;-1.8811748027801514;-3.549689769744873;-7.734439849853516;-12.320209503173828;-1.1898832321166992;4.417828559875488;-1.3990514278411865;1.4906954765319824;-0.7449932098388672;2.8050644397735596;1.4121146202087402;-0.36070114374160767;0.6099658608436584;-0.28942805528640747;1.0788562297821045;0.15848363935947418;0.968474805355072;-0.029766902327537537;-1.679422378540039;-0.018373221158981323;-0.629453182220459;-0.5341331958770752;-0.7929224371910095;-10.247851371765137;-1.90145742893219;2.4634783267974854;0.5941059589385986;1.3206406831741333;0.02461843192577362;-0.7287834882736206;0.3430979251861572;-0.6576283574104309;-0.6495854258537292;-0.43890661001205444;0.3457431197166443;0.03903809189796448;-0.24323880672454834;0.12424927949905396;-0.025931745767593384;0.32919368147850037;-0.28609538078308105;0.4795469641685486;-0.049684371799230576
clase/clase_dubheed_h_esp.mp3;-236.8688507080078;24.341598510742188;9.895132064819336;59.98318099975586;-18.55376625061035;-3.8457915782928467;-32.153690338134766;-2.366894483566284;1.5272216796875;19.47922706604004;-6.000789165496826;-4.577506065368652;5.902332305908203;7.261833667755127;-8.452815055847168;3.316433906555176;-4.895126819610596;-0.8375973701477051;-7.706524848937988;-0.873670756816864;-5.234862804412842;-12.215221405029297;9.405779838562012;3.2866921424865723;4.195897579193115;-1.875689148902893;-1.4932548999786377;3.5740530490875244;-2.2607831954956055;-0.33007872104644775;-0.8749721646308899;1.1471670866012573;0.11147314310073853;0.24007545411586761;2.5092830657958984;1.9121721982955933;0.29393327236175537;0.3036503195762634;0.9328235983848572;-0.7406991124153137;-5.767362594604492;5.604260444641113;-0.6400486826896667;2.6179208755493164;-0.9324139356613159;-1.0073356628417969;1.0725328922271729;-1.2468831539154053;0.10669374465942383;-1.3516085147857666;-0.24452506005764008;0.4415503740310669;-0.41058942675590515;-0.2207995057106018;0.04349284619092941;-0.47155916690826416;0.8518543839454651;-0.3206412196159363;0.18797147274017334;-0.4584667682647705
clase/clase_juansebastiancristal_h_arg.mp3;-160.17015075683594;28.4833927154541;-11.482988357543945;28.863149642944336;-13.302068710327148;0.9078665971755981;-34.55009078979492;-7.327354907989502;-34.957786560058594;-2.5718796253204346;-22.797046661376953;-10.603419303894043;-23.79921531677246;14.010622024536133;-18.664642333984375;-11.538972854614258;-6.837284564971924;-12.769309043884277;-9.991157531738281;2.9781670570373535;-1.5246745347976685;2.213531970977783;1.209706425666809;2.6003425121307373;0.7747006416320801;-0.7611106038093567;-0.4639976918697357;0.3535248935222626;0.7929056882858276;-0.6151639223098755;-0.2719220817089081;0.8614964485168457;0.26562076807022095;-0.1681911051273346;-0.5039088129997253;1.0684949159622192;1.2791664600372314;-0.5434048771858215;-0.27558445930480957;-0.13189677894115448;-6.2583746910095215;-0.6636714339256287;-0.37807801365852356;-1.668149709701538;-0.5450719594955444;0.22822749614715576;0.0722554549574852;1.0798224210739136;0.012825329788029194;0.6642236113548279;0.1821761429309845;0.14941108226776123;0.10537644475698471;-1.2320802211761475;0.2142966389656067;0.04016287624835968;-0.4958379864692688;0.05857264995574951;0.38504305481910706;-0.07133947312831879
clase/clase_malvarez_h_esp.mp3;-173.8198699951172;101.05684661865234;-6.707951068878174;13.459898948669434;0.38561496138572693;-6.469305992126465;-24.276283264160156;-16.371606826782227;-23.447589874267578;1.3252253532409668;-17.704761505126953;4.266619682312012;-24.977092742919922;12.625021934509277;-4.857883930206299;-8.839225769042969;-14.13133430480957;-1.877529501914978;-9.316595077514648;-10.79576587677002;-14.167549133300781;1.3629255294799805;3.312748670578003;0.10347826778888702;3.1300411224365234;-1.0478248596191406;-1.3190088272094727;0.7512613534927368;0.8467997312545776;0.21918389201164246;0.000997604220174253;-1.3420883417129517;-0.34575799107551575;1.6270203590393066;-0.009605832397937775;-0.02168913185596466;0.07851309329271317;0.5982447266578674;0.305594801902771;-0.9782001376152039;-5.375043869018555;-4.656980991363525;0.7326313853263855;0.12914727628231049;-0.595535159111023;0.7705316543579102;0.44867396354675293;0.9575607180595398;0.21719637513160706;-0.4649963080883026;1.3547451496124268;-1.4221084117889404;1.0318220853805542;-0.01074285339564085;-0.29149767756462097;0.9686335325241089;-0.23596042394638062;0.11131065338850021;-0.39566728472709656;-0.0011045336723327637
cristal/cristal_alter_h_ven.mp3;-271.5968933105469;183.64382934570312;-4.806485652923584;24.579925537109375;29.44414710998535;-8.963834762573242;-37.5219841003418;0.8053277134895325;-16.671457290649414;-4.235223293304443;-1.8949781656265259;-4.052206993103027;-5.619258403778076;7.47222900390625;-2.0062460899353027;-10.496297836303711;0.16487368941307068;-4.3170599937438965;-6.265412330627441;-2.2567543983459473;-9.045331954956055;-2.741584062576294;2.679908037185669;0.19295167922973633;-0.8146504163742065;1.0610358715057373;2.4582314491271973;-0.24464431405067444;0.18356139957904816;1.5314912796020508;1.2215147018432617;-0.006778600625693798;-0.31749823689460754;0.35290056467056274;0.16544251143932343;-0.31893783807754517;-0.015075653791427612;0.02624063566327095;-0.21987435221672058;-0.08661478757858276;-9.737218856811523;-1.5469095706939697;0.45506635308265686;-0.8572262525558472;0.5994499921798706;-0.4020467698574066;0.1391725093126297;-0.2926333546638489;1.4409797191619873;0.06963692605495453;0.13675889372825623;0.15603390336036682;0.5516998767852783;0.5803264379501343;0.16561546921730042;-0.18707531690597534;0.05853411555290222;0.4862404465675354;0.19287565350532532;-0.686964750289917
cristal/cristal_grughos_h_esp.mp3;-252.39125061035156;29.118154525756836;9.159313201904297;16.265968322753906;-26.701608657836914;-22.52006721496582;-25.850894927978516;4.163473129272461;-14.884540557861328;-21.93670654296875;-13.790973663330078;-9.010910987854004;-1.9825265407562256;-13.320100784301758;-14.632686614990234;-4.082079887390137;-11.43794059753418;-5.573678970336914;-6.963245868682861;0.7416085600852966;-6.692892074584961;9.051775932312012;-2.5055248737335205;-4.378689289093018;0.44344350695610046;0.5001760125160217;-1.6950492858886719;-2.4451496601104736;3.149475336074829;0.5228703618049622;-0.38610804080963135;1.3873324394226074;1.295836091041565;-1.117908000946045;0.12108627706766129;0.5081110000610352;0.31774333119392395;1.2585970163345337;0.8310924172401428;0.7123801708221436;-6.2864885330200195;5.327922344207764;-1.7097355127334595;-0.39863789081573486;0.42535507678985596;0.10448401421308517;-0.0019354389514774084;-0.7742664813995361;0.11983232945203781;1.100581407546997;-0.09700609743595123;-0.07332270592451096;-0.19366112351417542;0.8726353049278259;0.10874654352664948;0.1143089160323143;0.49676957726478577;0.014414085075259209;0.14256298542022705;-0.6020228862762451
cristal/cristal_mayorcatorce_h_esp.mp3;-287.04144287109375;110.92157745361328;36.380741119384766;32.757606506347656;35.566043853759766;-4.254083633422852;-11.827736854553223;2.563701629638672;-13.188241958618164;3.6171603202819824;-2.8661532402038574;5.971826553344727;-11.71634292602539;11.44757080078125;-4.5230207443237305;2.4848992824554443;-4.705549716949463;0.5380894541740417;0.5332180261611938;4.936281204223633;-9.051749229431152;-0.2251693308353424;3.862166166305542;-0.14731700718402863;0.6535508036613464;1.4630590677261353;1.2236145734786987;-0.7086762189865112;0.34832653403282166;0.9919540882110596;0.7022020816802979;-0.7619310617446899;-0.37868329882621765;0.5217887163162231;0.48841845989227295;-0.19975167512893677;0.3081180453300476;0.10181769728660583;0.4984820783138275;0.1784488409757614;-2.3569729328155518;-2.9907307624816895;0.008290620520710945;-1.2403563261032104;-0.724232017993927;0.46069416403770447;0.43233224749565125;-0.06016196683049202;0.7944214344024658;0.4958198368549347;0.9013699889183044;0.042673684656620026;0.9470392465591431;-0.2067696452140808;0.26014888286590576;0.3150768280029297;-0.14781123399734497;0.05655544623732567;-0.06770625710487366;0.0471341647207737
cristal/cristal_mnati75_m_arg.mp3;-367.60028076171875;188.8570556640625;12.45860481262207;-2.0510308742523193;-15.815352439880371;-13.2121000289917;-2.793231964111328;-4.972343444824219;-1.6773607730865479;-8.631852149963379;-8.26406192779541;-3.5991084575653076;-1.3625221252441406;-3.1365203857421875;-8.208551406860352;-0.9588072896003723;-1.839591383934021;-3.4394474029541016;0.8388606309890747;-2.7011961936950684;-3.069847583770752;0.8468303084373474;2.214430332183838;-1.807473063468933;0.3926103413105011;1.5926059484481812;-0.1170111745595932;0.22242824733257294;0.6914533972740173;-0.30342572927474976;-0.5933918952941895;0.38595059514045715;0.20507381856441498;-0.2786770164966583;0.17275260388851166;0.10399378836154938;-0.16180552542209625;-0.41481655836105347;0.30552080273628235;0.963757336139679;-4.383517742156982;-2.616241216659546;0.8464340567588806;0.590302050113678;0.46493372321128845;0.028558779507875443;0.4080481231212616;0.8964930772781372;0.20490381121635437;0.5573433637619019;0.6926984786987305;-0.043480753898620605;-0.1843545138835907;0.03745291009545326;0.2846217453479767;-0.2015857696533203;-0.3313249945640564;0.32640543580055237;0.2181423455476761;0.26542845368385315
cristal/cristal_yelkoastur_h_esp.mp3;-299.7738037109375;82.28262329101562;-33.08354187011719;51.398929595947266;-3.6643457412719727;-23.895185470581055;-9.544261932373047;-18.202192306518555;-11.151872634887695;1.6868510246276855;-14.423964500427246;-7.677257061004639;-9.87227725982666;-0.3922300636768341;-5.372351169586182;-3.4140679836273193;-1.7870291471481323;-1.798859715461731;-5.882636547088623;-3.8816750049591064;-3.851337432861328;1.4922844171524048;2.2694971561431885;-1.6611255407333374;-1.1146522760391235;2.1182568073272705;-0.19328640401363373;-1.8882770538330078;2.2198476791381836;0.19907942414283752;-0.301402747631073;0.2202644795179367;1.4404727220535278;1.2977391481399536;-0.14068026840686798;0.7585499286651611;0.9536743760108948;-0.4527600407600403;0.31011536717414856;-0.9715901017189026;-5.884832382202148;-2.549762010574341;3.309720754623413;-1.3494890928268433;0.3740105628967285;1.1528306007385254;0.005168828181922436;0.7597465515136719;0.566354513168335;0.47145479917526245;0.2471323162317276;0.3411976993083954;0.492695152759552;0.30705726146698;-0.03406882658600807;0.4251258671283722;-0.08506903052330017;-0.5640658736228943;0.37378832697868347;0.6010608673095703
diente/diente_dakes_h_esp.mp3;-231.3800811767578;116.51667785644531;15.779407501220703;70.03047943115234;3.0305967330932617;-12.60462760925293;-14.625755310058594;3.5409529209136963;-12.410099983215332;-20.9757022857666;4.785969257354736;-14.06674861907959;-4.2370100021362305;-2.8535730838775635;-10.463000297546387;3.059408187866211;-4.88965368270874;-2.9126319885253906;-4.685754299163818;2.569284677505493;10.092824935913086;-0.4789080321788788;-3.589951276779175;0.5089244842529297;-1.6669734716415405;-2.162923812866211;-2.4208712577819824;0.2741938531398773;-0.6922087669372559;-0.939755380153656;1.551301121711731;0.5191897749900818;0.7666370868682861;0.6992833614349365;0.41616982221603394;0.912203311920166;0.5115680694580078;-0.04297179356217384;0.7521176338195801;0.3368755280971527;-9.913373947143555;1.6793447732925415;0.8087519407272339;-1.1492506265640259;0.5887285470962524;0.6050701141357422;-0.11761052906513214;0.38378098607063293;0.7276602983474731;0.8881150484085083;0.7068883776664734;-0.4567144811153412;-0.0226502176374197;-0.039376359432935715;-0.011249503120779991;-0.23040783405303955;0.3803477883338928;-0.6411381363868713;0.12738052010536194;-0.6620354652404785
diente/diente_diegolacra_h_esp.mp3;-425.3498840332031;100.78638458251953;9.215008735656738;52.971778869628906;22.2939453125;3.6676578521728516;12.252178192138672;11.33556842803955;8.287246704101562;2.3523011207580566;-3.255610704421997;10.283772468566895;2.2549502849578857;9.124079704284668;7.546604633331299;3.9043548107147217;7.258889198303223;4.153115272521973;-2.7793996334075928;13.39534854888916;-7.656766414642334;-1.5884557962417603;0.44477272033691406;-2.724952459335327;0.5112031698226929;1.396714448928833;-0.562202513217926;0.602325439453125;1.3782957792282104;0.9770002365112305;1.0424034595489502;0.14589190483093262;1.464145541191101;0.6590258479118347;0.4307006597518921;0.5022917985916138;0.5223528742790222;0.5292415022850037;0.09740894287824631;0.3935926854610443;-4.446434020996094;0.5704127550125122;1.5776716470718384;-0.744417130947113;0.7501647472381592;0.6848998069763184;-0.12442278116941452;0.08606954663991928;0.07401489466428757;-0.3667016327381134;0.18236520886421204;-0.545228123664856;-0.17499883472919464;-0.07590918987989426;-0.487214595079422;-0.16888543963432312;-0.039154741913080215;-0.23623907566070557;0.10187332332134247;-0.16868725419044495
diente/diente_gorgorito_h_esp.mp3;-314.93609619140625;113.43455505371094;21.471349716186523;60.359619140625;36.04438018798828;-14.42319393157959;7.860658168792725;1.800014853477478;-0.5742300748825073;-20.13404083251953;-10.465754508972168;3.001138210296631;-19.123018264770508;16.33501434326172;-7.202359199523926;0.42359453439712524;-5.843200206756592;3.14041805267334;-9.567131996154785;11.601572036743164;0.15888665616512299;-2.387861490249634;-0.24285297095775604;1.636181354522705;-0.7458865642547607;-0.39252153038978577;0.17460814118385315;0.36653804779052734;0.16067416965961456;0.23528258502483368;0.6229726076126099;0.5833327174186707;-0.10838069766759872;0.36816146969795227;-0.03398306667804718;1.0814998149871826;-0.17210642993450165;0.8020656108856201;0.1684177964925766;0.3286418616771698;-3.0460360050201416;-0.17866554856300354;-0.2598257064819336;-0.3586348295211792;-0.39371582865715027;0.5368466973304749;-0.011000498197972775;0.5164753198623657;-0.058367013931274414;0.24658328294754028;0.15323121845722198;-0.5521273016929626;0.47327950596809387;-0.17460650205612183;0.1339590698480606;-0.01863251067698002;0.07074527442455292;-0.23322433233261108;0.13739851117134094;-0.0175298061221838
diente/diente_momislo_h_esp.mp3;-348.08343505859375;115.8467025756836;21.066978454589844;62.00898742675781;4.870093822479248;-3.738304376602173;7.093274116516113;-5.47484016418457;-10.950132369995117;-4.752525806427002;-12.938172340393066;-1.0761774778366089;-9.828839302062988;5.112264156341553;-8.77981948852539;5.940432548522949;-5.380022048950195;-8.563708305358887;-2.129105567932129;-8.354877471923828;10.101736068725586;-1.774163842201233;-1.2939361333847046;1.0987054109573364;-1.9136550426483154;-2.52083420753479;-0.960540235042572;1.191366195678711;0.0014117793180048466;-0.3217196762561798;0.7134441137313843;1.1241260766983032;0.07465911656618118;1.7567282915115356;0.7669044137001038;0.7049643993377686;0.21434782445430756;0.8202775716781616;1.0340371131896973;0.5313851833343506;-3.041231393814087;1.248764157295227;-1.151158094406128;0.01850234344601631;-0.5190619826316833;-0.8760017156600952;0.7130849957466125;-0.5462647080421448;0.20328456163406372;-0.49110937118530273;0.3567639887332916;-1.0368098020553589;-0.04779467359185219;0.12452118843793869;-0.19367505609989166;0.2105782926082611;-0.075717993080616;-0.2512553930282593;-0.21299535036087036;-0.7204738259315491
diente/diente_urso170_h_arg.mp3;-263.1956481933594;129.08859252929688;31.9078426361084;70.47835540771484;4.608272075653076;-25.43738555908203;-19.087909698486328;-11.183856010437012;-9.38570785522461;-17.00741958618164;-4.626809597015381;-7.542083740234375;-2.982240676879883;-0.15178585052490234;-7.4474968910217285;5.446348667144775;-9.482155799865723;-7.352514266967773;-2.2832767963409424;-11.820534706115723;-0.7491945028305054;-2.4675686359405518;-1.1706410646438599;1.6242032051086426;-0.9815205335617065;-0.5413157939910889;0.13250374794006348;0.2766929566860199;0.22399264574050903;0.4051108658313751;1.7402315139770508;-0.35292065143585205;-0.10868749767541885;-0.2382258027791977;-0.19042308628559113;0.6162726879119873;-0.0036629987880587578;0.4211215078830719;-0.20023030042648315;-0.4535232186317444;-4.960172653198242;0.6122223734855652;0.9869784712791443;-1.7783501148223877;0.5390878915786743;0.07136556506156921;0.04915931820869446;0.3830300569534302;0.5226386189460754;0.3732351064682007;-0.10362622886896133;0.20476369559764862;0.04647839441895485;-0.20527811348438263;-0.10881855338811874;-0.42499783635139465;-0.10518291592597961;-0.15798825025558472;-0.23492449522018433;0.12223608791828156
diente/diente_wordfor_m_col.mp3;-244.97119140625;6.248258113861084;1.3556923866271973;48.43962478637695;-34.254215240478516;-22.033857345581055;0.27892667055130005;10.186147689819336;-25.24127960205078;-5.2255048751831055;-14.374621391296387;-6.221505641937256;-8.0966215133667;-7.240942478179932;-9.5773344039917;1.3018198013305664;-6.27498197555542;-0.5615113973617554;-4.047618865966797;-11.301825523376465;1.1695882081985474;0.23378603160381317;-3.833012342453003;-1.4131790399551392;-2.1858139038085938;0.08496744930744171;1.1305017471313477;1.0870939493179321;0.21732676029205322;0.5895985960960388;-0.45618367195129395;0.15186507999897003;0.771439790725708;0.21670815348625183;-0.2694651782512665;-0.2894860506057739;0.6696039438247681;0.26808667182922363;1.3564165830612183;-0.44764065742492676;-11.334480285644531;0.5241182446479797;-0.15576453506946564;-0.13022243976593018;1.732049822807312;0.7142226696014404;0.655165433883667;0.6922126412391663;-0.14784184098243713;-0.6738458275794983;-0.37576958537101746;0.6549519896507263;-1.235023021697998;0.27693650126457214;-0.17643901705741882;-0.34780383110046387;-0.4638074040412903;0.8888799548149109;0.5385472774505615;0.2659985423088074
espada/espada_bienhablado_h_col.mp3;-262.419189453125;7.257558822631836;7.733943462371826;54.29125213623047;-15.525779724121094;-4.525235652923584;-17.33454704284668;-11.531461715698242;-16.741071701049805;-16.580467224121094;-2.3737285137176514;-4.9318413734436035;-25.9990291595459;9.310779571533203;-12.902111053466797;2.7970592975616455;1.276906132698059;-3.789443254470825;-1.3674169778823853;3.7734436988830566;-1.0452454090118408;3.2422902584075928;-5.777829647064209;-9.362853050231934;-3.6112060546875;1.5823616981506348;-3.3706319332122803;-1.299090027809143;0.11987695097923279;3.7000675201416016;1.6726969480514526;-1.9819897413253784;0.748005211353302;-1.3865689039230347;-1.6387568712234497;-1.0846519470214844;-1.2816194295883179;-0.012857913970947266;1.1508058309555054;0.20183785259723663;-9.319392204284668;2.183387517929077;-1.525241494178772;-1.9354990720748901;-1.3187849521636963;1.785567283630371;1.214697003364563;0.06073515862226486;0.7404536008834839;0.27937787771224976;0.8000977039337158;-1.6351484060287476;-0.02886435016989708;-0.2758334279060364;0.197287917137146;-0.47517845034599304;-0.8274999260902405;0.3512093126773834;0.22138941287994385;-0.6462655663490295
espada/espada_donquijote_h_mex.mp3;-267.0469055175781;101.19210815429688;11.9638671875;8.33881664276123;-4.682651996612549;9.73546314239502;-5.691225051879883;4.225403308868408;-7.144186973571777;10.840171813964844;-1.1201679706573486;0.5217291116714478;-7.868299961090088;10.958313941955566;-11.900489807128906;3.4419353008270264;-5.414916038513184;-3.4947032928466797;-7.026708126068115;1.0518242120742798;-11.81216049194336;0.7588827610015869;-0.141170933842659;-1.6158840656280518;1.6030056476593018;1.7149547338485718;2.7738497257232666;-0.38534513115882874;0.49230799078941345;1.3621795177459717;-0.932421088218689;0.12707731127738953;0.20443476736545563;0.3403624892234802;0.7751710414886475;-0.5915789604187012;-0.6438549160957336;0.48964443802833557;0.6505981683731079;-0.06363727897405624;-10.28891658782959;2.421569585800171;-0.5334557294845581;0.5367791056632996;0.21436288952827454;-0.13838531076908112;-0.3460378050804138;-0.14360885322093964;0.37416234612464905;-0.8115856051445007;0.2237120121717453;0.3512464463710785;0.08323313295841217;-0.31362053751945496;0.10477044433355331;-0.23244644701480865;0.006269206292927265;0.19064374268054962;-0.056708525866270065;-0.34300488233566284
espada/espada_fpinto_h_chile.mp3;-292.33868408203125;91.30330657958984;11.460419654846191;-15.571677207946777;9.339152336120605;-17.08961296081543;-11.029853820800781;-11.244572639465332;-13.494429588317871;37.98458480834961;-17.30404281616211;6.352592945098877;-7.31233549118042;-5.9747796058654785;-14.337611198425293;4.003299236297607;-1.2663739919662476;-8.41128921508789;-4.571969509124756;13.022772789001465;1.8701777458190918;12.203376770019531;-5.492618560791016;-6.557894229888916;-3.6020336151123047;-0.5053541660308838;4.689829349517822;-1.099940299987793;1.5832438468933105;1.9556877613067627;-1.5416879653930664;-1.1478224992752075;-1.5645933151245117;1.7321135997772217;0.24772615730762482;-1.5057979822158813;-0.3141094148159027;-0.9866929650306702;-0.6251396536827087;-0.608737051486969;0.7039148807525635;1.9160641431808472;-0.7493590116500854;1.057923674583435;0.17701394855976105;-0.4579419791698456;0.8544467687606812;0.25948551297187805;0.32482218742370605;0.1599956750869751;-1.0840688943862915;-0.6216877102851868;0.31447741389274597;-0.6752560138702393;0.44339555501937866;0.1681498885154724;-0.34519830346107483;-0.10658847540616989;-0.35937896370887756;0.4513142704963684
espada/espada_juanpirincho_h_esp.mp3;-149.83444213867188;75.49452209472656;-34.73493576049805;25.271982192993164;0.5442355871200562;-9.576333999633789;0.0642927885055542;0.344705730676651;-3.6171786785125732;4.260794639587402;1.624696135520935;5.7062458992004395;-15.850245475769043;-4.752389430999756;1.0298869609832764;-2.8903465270996094;-1.2350810766220093;1.9002597332000732;-8.488308906555176;5.286949634552002;-0.1939765363931656;-1.439178228378296;-0.6652427911758423;-3.8996899127960205;-0.6347954869270325;3.0251097679138184;0.692933976650238;0.5510939359664917;1.4405300617218018;0.9864015579223633;0.3343331515789032;-0.589262843132019;-0.6059635877609253;-0.7462757229804993;0.2637333571910858;-0.44716623425483704;-0.32389646768569946;0.04217333346605301;0.059616826474666595;0.2624424397945404;-5.596923828125;0.8332411646842957;-0.2419532835483551;-0.06822892278432846;0.38683757185935974;-0.7607641816139221;0.6309621930122375;-0.7163721919059753;0.021254971623420715;0.004223551135510206;-0.11531621962785721;0.15337608754634857;0.00048203073674812913;-0.019786115735769272;-0.16628992557525635;-0.33939293026924133;-0.09252510964870453;-0.05824901536107063;-0.045350734144449234;-0.2056570053100586
espada/espada_steve04_h_col.mp3;-206.405517578125;106.93805694580078;-19.44927406311035;33.334781646728516;-20.681901931762695;-1.5572856664657593;15.855744361877441;-13.368213653564453;8.343499183654785;5.49524450302124;3.7862091064453125;5.541668891906738;-15.692734718322754;12.554810523986816;-7.26020622253418;3.472644567489624;0.8216720223426819;-5.815914154052734;0.21079617738723755;-3.2930715084075928;-2.8669393062591553;0.792724609375;-1.7449389696121216;-4.349800109863281;1.4146336317062378;2.8600122928619385;-0.44544580578804016;0.6771581768989563;1.9174129962921143;0.4394635260105133;-0.34828996658325195;-1.12272310256958;0.11658214777708054;0.1466754972934723;-1.334804892539978;0.7709541916847229;0.3072047829627991;-0.507445752620697;1.3816020488739014;0.10592563450336456;-7.102658271789551;0.46524256467819214;-0.04217459633946419;0.11984507739543915;0.03499079868197441;0.6894393563270569;-0.020461641252040863;0.08132858574390411;-0.43074357509613037;0.28346747159957886;-0.16860811412334442;0.4052150845527649;0.2880956828594208;-0.6893045902252197;0.9544733166694641;-1.06976318359375;0.40721872448921204;0.46870899200439453;-0.7671682238578796;0.5044095516204834
espada/espdad_alonsodeercilla_h_chile.mp3;-222.10702514648438;129.5513153076172;-1.8625789880752563;30.536670684814453;-20.745023727416992;11.58197021484375;11.686326026916504;-15.001516342163086;12.668174743652344;7.7463154792785645;9.668622016906738;13.85403060913086;-13.151895523071289;2.6230719089508057;-5.737343788146973;8.109121322631836;-1.6847445964813232;1.3097378015518188;-15.616484642028809;3.4557602405548096;-9.417664527893066;0.14124737679958344;1.227728009223938;-4.782677173614502;-1.438891887664795;4.948117256164551;1.296456217765808;0.22420738637447357;0.5633865594863892;1.78810453414917;0.7501063346862793;-0.3035273849964142;-0.4039911925792694;-0.05378377065062523;0.5067724585533142;-0.6657379865646362;0.42822322249412537;-0.2382688969373703;2.05879282951355;0.09443152695894241;-6.414391040802002;-0.662999153137207;0.8898274898529053;-0.17863526940345764;0.66908198595047;0.8238492012023926;0.009037831798195839;0.09089697152376175;-0.8238161206245422;-0.19233201444149017;0.10451681911945343;-0.25497889518737793;-0.13787895441055298;-0.656404435634613;-0.3417282998561859;-0.06407137215137482;-0.23844130337238312;-0.3879789412021637;0.24122625589370728;-0.26858165860176086
estrella/estrella_alan9_h_arg.mp3;-262.3897399902344;107.47200775146484;26.020626068115234;57.929386138916016;11.088122367858887;-0.7454103827476501;-11.100051879882812;11.436306953430176;-7.528488636016846;5.734358310699463;-10.418489456176758;3.1101298332214355;-1.3005144596099854;2.0843005180358887;-6.5095343589782715;2.975433826446533;-4.415543079376221;-0.5248810648918152;-7.232869625091553;1.742660641670227;-2.276367664337158;1.9744352102279663;-2.2693493366241455;-4.438252925872803;-0.27053627371788025;1.394419550895691;1.0535651445388794;-0.6378142237663269;0.5897122621536255;0.6285897493362427;0.1878722757101059;-0.5377220511436462;0.052261654287576675;-0.3724156320095062;-0.6617335081100464;0.2528608739376068;-0.9866239428520203;0.8129796981811523;-0.3393164575099945;-0.28820323944091797;-4.191915988922119;0.2725222408771515;0.2983199954032898;0.7224322557449341;-0.37676653265953064;-0.15755923092365265;-0.43849214911460876;-0.3898226320743561;-0.7008929252624512;-0.48343271017074585;0.2769186198711395;-0.1428682506084442;0.5056000351905823;-0.09999924153089523;-0.1271519660949707;0.17910799384117126;0.4766519367694855;-0.41051000356674194;-0.08284060657024384;-0.03774799779057503
estrella/estrella_art26py_h_Para.mp3;-229.39285278320312;74.46479797363281;-9.009248733520508;98.11749267578125;-3.8537819385528564;-26.65310287475586;-10.335354804992676;8.472505569458008;-3.4295692443847656;5.027298450469971;-17.830305099487305;-2.3602004051208496;-2.1193079948425293;5.506178379058838;-13.014810562133789;-2.9523589611053467;-7.555059909820557;-1.076249599456787;-12.953332901000977;-13.485321044921875;-1.928493857383728;2.854914903640747;-1.5447725057601929;-3.448885440826416;0.4916585385799408;1.2693941593170166;-1.1171276569366455;-0.6182723045349121;1.350267767906189;1.265722393989563;-0.17494745552539825;-0.15998737514019012;1.1907987594604492;0.6808493733406067;-0.6998950839042664;-1.5585012435913086;0.522301435470581;-0.9652525186538696;-0.17060327529907227;-0.8119559288024902;0.817361056804657;1.7294962406158447;-1.7587143182754517;-1.381914734840393;0.9154940843582153;-0.9946410059928894;-0.14736437797546387;-0.6786092519760132;0.12955042719841003;0.37387317419052124;-0.2559792697429657;-0.35984426736831665;-0.4576851427555084;0.2790103852748871;0.37023022770881653;-0.25064435601234436;0.13562354445457458;0.7867171168327332;-0.7958164811134338;-0.3861315846443176
estrella/estrella_azdriel_h_mex.mp3;-111.51542663574219;8.373860359191895;2.8311126232147217;63.14912414550781;-6.731532573699951;11.668753623962402;-23.23436737060547;1.2443398237228394;-7.931918621063232;3.632030725479126;-5.306093215942383;-1.2462599277496338;3.8639326095581055;7.0418548583984375;-3.0841126441955566;6.613442897796631;-0.1642717719078064;1.8709940910339355;-5.20241117477417;3.2051877975463867;-4.6620707511901855;2.229255199432373;-1.2128077745437622;-1.3934496641159058;-0.21495065093040466;1.4981811046600342;-0.32242047786712646;0.9623157382011414;1.063480257987976;2.197880506515503;0.8350118398666382;-1.2837839126586914;0.005265062674880028;0.35919055342674255;0.6223140358924866;-1.3184847831726074;-0.34835246205329895;0.6866841316223145;-0.35470545291900635;0.09522030502557755;-11.073789596557617;2.5749855041503906;0.7140256762504578;0.8755949139595032;0.387001633644104;0.9986097812652588;0.5489874482154846;0.6537989974021912;-0.7303135395050049;0.12551622092723846;0.43243712186813354;0.10195986926555634;0.3100414574146271;0.016579724848270416;0.7599308490753174;-0.2690264880657196;0.1176772341132164;0.0024152465630322695;0.23823589086532593;-0.3407175838947296
estrella/estrella_bellabanks_m_esp.mp3;-240.67520141601562;27.583711624145508;-16.334327697753906;23.257295608520508;-37.2333984375;-21.26606559753418;-70.46051788330078;0.4429521858692169;-21.092927932739258;10.402518272399902;-21.83527946472168;-4.399740219116211;-6.419427871704102;-18.838499069213867;-7.916703701019287;2.1747472286224365;-20.64470100402832;-5.312570571899414;-11.477054595947266;-17.28044319152832;-1.5285706520080566;3.4315435886383057;-3.3153038024902344;-1.6763499975204468;1.0842779874801636;0.0408034548163414;-0.47610732913017273;-0.09265869110822678;0.8138862252235413;0.33043745160102844;-0.8767597675323486;-0.5820321440696716;0.3747544586658478;-0.04935145005583763;-0.7665172815322876;-0.1607319712638855;0.09053681045770645;-0.9339324831962585;0.42407113313674927;0.48576977849006653;-4.610090255737305;3.133746862411499;-1.420028567314148;0.6279453039169312;0.24891147017478943;0.2060471475124359;0.5033577084541321;-0.49842917919158936;0.9054334163665771;0.16237743198871613;0.37097036838531494;0.4119000732898712;0.7657883167266846;0.10892796516418457;0.5461351871490479;0.047538675367832184;0.02028598077595234;-0.2147742211818695;0.0778421089053154;0.43042314052581787
estrella/estrella_bliks_h_esp.mp3;-258.6955871582031;67.49445343017578;21.645915985107422;58.460819244384766;-2.6578421592712402;14.379547119140625;0.9556952118873596;17.359010696411133;-7.281016826629639;11.097402572631836;2.386551856994629;0.8138015866279602;1.857887864112854;2.829921007156372;-0.09928397834300995;3.7633731365203857;9.952584266662598;5.1933794021606445;-0.553894579410553;-0.931709885597229;-10.115621566772461;4.774935245513916;-3.6942355632781982;-5.3274078369140625;2.4623630046844482;1.1777256727218628;0.08880899101495743;-0.07088936120271683;2.1234891414642334;0.5427125692367554;-0.623300313949585;-0.3778097927570343;0.3457242250442505;-1.5751745700836182;-1.3470067977905273;-0.04590785875916481;-0.1784127801656723;-0.22844043374061584;0.6438472867012024;-0.35631871223449707;-8.107941627502441;1.5406625270843506;0.03203239291906357;-0.2613479793071747;0.3467339277267456;0.07609321922063828;0.45096832513809204;-1.43706476688385;-0.08594811707735062;-0.20030826330184937;-0.3154350519180298;-0.5171741247177124;-0.03592883422970772;0.0016771650407463312;-0.25906839966773987;-0.3384225368499756;0.09446625411510468;-0.17748534679412842;-0.28482645750045776;-0.3257940411567688
estrella/estrella_camilorosa_h_chile.mp3;-275.71453857421875;63.29849624633789;33.25104522705078;64.89339447021484;16.675382614135742;-13.616079330444336;-9.373318672180176;-9.847739219665527;-2.3094494342803955;-25.930227279663086;-32.619049072265625;4.374758243560791;-11.111717224121094;3.7935450077056885;4.061810493469238;3.73469877243042;-4.046618461608887;-10.558405876159668;-14.283256530761719;-4.3690948486328125;-8.006299018859863;1.7475457191467285;-1.4518933296203613;-3.5389740467071533;0.5601045489311218;1.423080563545227;0.6121915578842163;0.3713931143283844;1.2423205375671387;2.4965243339538574;-1.1441662311553955;-0.5707219839096069;1.1838009357452393;0.011877789162099361;-0.6530597805976868;-1.882535696029663;0.23939956724643707;-0.8948832750320435;-0.9440922737121582;0.46731090545654297;-7.346734046936035;2.478949785232544;-0.9618006944656372;-0.09999652951955795;0.15808911621570587;0.12642133235931396;0.96863853931427;-0.13534745573997498;0.6475206613540649;-0.27242010831832886;0.03702293708920479;-0.4680256247520447;-0.5113955736160278;0.4067842364311218;-0.26717081665992737;-0.1849852353334427;0.12128646671772003;0.20306268334388733;-0.1112675666809082;-0.4051170349121094
estrella/estrella_cnquinteros90_m_chile.mp3;-253.49435424804688;96.70916748046875;-2.6031291484832764;68.61161041259766;-41.67780685424805;-40.33576202392578;-6.320379734039307;2.1862289905548096;-18.823863983154297;-24.14040184020996;5.178039073944092;-3.893542528152466;-12.785786628723145;1.7056655883789062;-17.170228958129883;3.3848860263824463;-11.574809074401855;-3.0514333248138428;-13.452507019042969;-4.188231468200684;-2.986665725708008;3.32570219039917;-3.9562180042266846;-2.87884521484375;1.6113053560256958;0.6257144808769226;-0.960340678691864;0.9310505986213684;1.041770577430725;-0.13641734421253204;-0.5524778962135315;-0.513969898223877;-0.059483129531145096;-0.9860970973968506;0.4519113600254059;0.2568303346633911;1.3666369915008545;-0.9385737776756287;1.1473208665847778;-0.7186005711555481;-1.528748869895935;1.6164295673370361;-1.64021635055542;-1.6041233539581299;1.1665747165679932;-0.16402791440486908;0.010622781701385975;-0.2219371646642685;0.16268374025821686;-0.13303078711032867;-0.19204860925674438;-0.0017976450035348535;0.22240065038204193;-0.18292517960071564;-0.19124996662139893;0.5277208089828491;0.43816736340522766;-0.3156113922595978;0.3011845648288727;0.25007086992263794
estrella/estrella_enriquemdc23_h_mex.mp3;-173.4769287109375;58.38398361206055;-21.698320388793945;52.68034744262695;2.1722657680511475;-19.358667373657227;-27.62493896484375;-11.698966979980469;-6.930690765380859;-3.17707896232605;-16.610017776489258;9.719594955444336;-16.96200180053711;11.373741149902344;-11.498335838317871;-4.241023063659668;2.285705327987671;-7.819886684417725;-6.209377765655518;0.3225226104259491;-3.433655261993408;3.688788652420044;-1.293866515159607;-1.0697519779205322;-0.8586088418960571;1.2612961530685425;-0.5771922469139099;-0.43036389350891113;-0.23181144893169403;0.3589325547218323;0.555204451084137;-2.3362815380096436;0.9278181195259094;-0.49318575859069824;-0.015245400369167328;-0.6774274110794067;-1.3465567827224731;0.5205963253974915;-0.31550395488739014;0.1811423897743225;-0.0965147539973259;5.265372276306152;-2.4856793880462646;-1.3010976314544678;0.3957499861717224;-0.4255391061306;-0.6059169769287109;-0.3396364748477936;0.27085867524147034;0.6487248539924622;0.35712987184524536;-0.183003231883049;-0.8380163311958313;0.7655555009841919;0.5167478322982788;-1.5381358861923218;0.10035006701946259;0.12251876294612885;-0.9459437131881714;-0.44371655583381653
estrella/estrella_er9834I_h_esp.mp3;-283.3708801269531;113.074462890625;16.402969360351562;53.11595153808594;0.019611358642578125;-16.94239616394043;-1.3504422903060913;0.7202568054199219;-0.0532025508582592;3.3077125549316406;-17.003992080688477;7.291510105133057;3.323453903198242;9.448491096496582;1.3290129899978638;-4.069178104400635;0.9216119647026062;-8.25704288482666;-2.6159164905548096;-0.15505720674991608;-4.3022637367248535;1.521538257598877;-2.359304428100586;-3.581904649734497;1.1901977062225342;2.505289316177368;1.3677746057510376;0.16258610785007477;0.08164563030004501;1.2102302312850952;1.7160053253173828;-0.5698341727256775;0.17559762299060822;0.0598025880753994;-1.0085355043411255;-0.770850658416748;0.888791561126709;1.3510828018188477;-0.21637438237667084;0.21598629653453827;-5.6955180168151855;1.2367464303970337;1.4994057416915894;0.8462640643119812;-0.148067906498909;0.7935778498649597;-0.30157962441444397;-0.12910182774066925;-0.137526273727417;-0.5849976539611816;0.23129455745220184;-0.6127891540527344;0.04562175273895264;0.03032270073890686;-0.1883525848388672;0.43217626214027405;-0.49766358733177185;0.19334883987903595;0.36788687109947205;-0.4393363296985626
estrella/estrella_LBarcelones_m_esp.mp3;-240.24012756347656;56.684181213378906;12.165948867797852;44.26749801635742;-25.728063583374023;-15.583995819091797;-22.773300170898438;-6.152476787567139;-23.828075408935547;-11.510171890258789;-5.914875507354736;-13.979345321655273;-1.9890601634979248;-5.310703277587891;-3.0150535106658936;-9.192502975463867;-14.90139389038086;-5.999456405639648;-8.632862091064453;-4.844401836395264;-1.253031849861145;3.935742139816284;-3.9423606395721436;-2.8709616661071777;-0.09016185253858566;0.7518999576568604;1.3327358961105347;-0.4148159921169281;1.590048909187317;-0.9815304279327393;-0.60805743932724;0.4258182644844055;-0.30020835995674133;-0.7664466500282288;-0.29658445715904236;-0.3471851050853729;0.4034402072429657;-0.20034876465797424;0.5154767632484436;0.3541876971721649;-3.4170053005218506;2.674239158630371;-2.31554913520813;0.19538380205631256;-0.9551483392715454;0.21434207260608673;0.14621557295322418;-0.744741678237915;0.3146100342273712;-0.3555651903152466;-0.296181321144104;-0.3903885781764984;-0.05798913538455963;-0.13704633712768555;-0.23015223443508148;0.009369361214339733;0.43886902928352356;0.08450204879045486;-0.1445826143026352;-0.16530494391918182
estrella/estrella_LeonSand_h_col.mp3;-302.56402587890625;95.33016204833984;16.714750289916992;51.961727142333984;25.470386505126953;1.3068398237228394;-7.478270530700684;7.727269649505615;-3.0312609672546387;4.2056965827941895;-5.969000339508057;-0.3382681608200073;3.158006191253662;2.542926549911499;-5.343683242797852;0.7841416001319885;2.8836419582366943;1.0037916898727417;-4.51290225982666;1.5640815496444702;8.593010902404785;3.3384368419647217;-2.065126419067383;-2.7703824043273926;-0.32052329182624817;-0.294091135263443;-0.5879181623458862;0.22596214711666107;-0.5042416453361511;-0.47854912281036377;0.16046562790870667;-0.4972274899482727;-0.34608176350593567;0.22719214856624603;-0.39613258838653564;-0.6522891521453857;0.015283484011888504;0.15222522616386414;-0.7412877678871155;0.09165247529745102;-7.154673099517822;-2.9865806102752686;1.9226882457733154;-0.6723076105117798;0.2232498824596405;1.5760862827301025;1.4434890747070312;0.975110650062561;0.5645630359649658;0.22898432612419128;0.024159414693713188;-0.16154545545578003;0.06374146789312363;-0.24100488424301147;0.13534264266490936;0.10856173932552338;0.5504289865493774;0.030660487711429596;0.07565511763095856;0.14081571996212006
estrella/estrella_Orphneus_h_arg.mp3;-129.64231872558594;55.32677459716797;-5.664017677307129;57.130069732666016;-2.590418815612793;-7.460682392120361;-26.066246032714844;-18.305082321166992;2.7286908626556396;3.3909292221069336;-17.825077056884766;6.7504425048828125;-1.5895180702209473;7.581608772277832;0.3437115550041199;-5.370514869689941;-1.0704519748687744;5.384891986846924;-9.636988639831543;-0.9582944512367249;-16.156822204589844;-1.0255287885665894;0.1732274740934372;-3.4912328720092773;-1.3019928932189941;0.28237855434417725;3.2669034004211426;0.08845338225364685;0.36986491084098816;3.527312994003296;1.3281705379486084;-1.593204379081726;0.42913439869880676;-0.16504862904548645;-0.7288808226585388;-0.1159428060054779;-1.4224861860275269;0.924775242805481;0.24942819774150848;-0.5639042854309082;-15.497416496276855;3.4645819664001465;-0.15999847650527954;-2.8042616844177246;0.3138599991798401;0.836385190486908;-0.2620885670185089;0.14023371040821075;-0.3277581036090851;0.6130965352058411;0.4114944636821747;-0.05442235991358757;-0.12617947161197662;0.3958417475223541;-0.556359052658081;-1.2858346700668335;0.12578286230564117;-0.24085162580013275;-0.09076958149671555;0.012945590540766716
estrella/estrella_SebastianPerilla_h_col.mp3;-376.0790100097656;73.25154113769531;8.417716979980469;31.3638916015625;12.519734382629395;4.832927703857422;-4.322434425354004;3.9183237552642822;12.632749557495117;-7.956097602844238;-6.600520133972168;13.421786308288574;16.562551498413086;11.387645721435547;-6.661453723907471;-0.8281453251838684;4.865181922912598;13.091937065124512;8.60039234161377;-1.3022472858428955;-6.2442426681518555;-1.4960036277770996;0.4809354841709137;-0.48873236775398254;-0.07711642235517502;0.5897120833396912;1.0416322946548462;0.6706695556640625;0.4524747431278229;1.254452109336853;0.9666779041290283;0.0702965185046196;-0.6412621140480042;-0.19599571824073792;1.299801230430603;0.6528381109237671;-0.15346544981002808;0.18086053431034088;-0.3520567715167999;0.5128202438354492;-0.6833891272544861;1.883474588394165;-0.4574029743671417;0.5003838539123535;-0.10459742695093155;-0.4501116871833801;-0.23947863280773163;-0.3549112379550934;0.008434037677943707;-0.16621865332126617;-0.15249869227409363;-0.19275526702404022;-0.16078272461891174;-0.07706022262573242;-0.2128736525774002;-0.2777593433856964;-0.10002034157514572;-0.23865516483783722;-0.23214411735534668;-0.19873014092445374
estrella/estrella_Seilaregia_h_mex.mp3;-214.11805725097656;55.303165435791016;41.232421875;35.13873291015625;11.341618537902832;-14.787419319152832;-12.561589241027832;3.4342825412750244;1.478798508644104;-9.404829978942871;-12.73897647857666;-1.2436630725860596;-0.7264317870140076;16.169410705566406;-7.866653919219971;4.328364372253418;-9.727863311767578;-4.287111282348633;-8.007750511169434;0.7026828527450562;-5.4129109382629395;-0.9418946504592896;-0.3103097677230835;-3.1125080585479736;1.9740687608718872;1.7233022451400757;-0.5872907638549805;1.3044134378433228;1.935809850692749;1.8754255771636963;-0.11073961853981018;-0.8262200951576233;1.2684054374694824;1.0762157440185547;0.42335617542266846;-0.7111080884933472;0.7497624158859253;0.3210155665874481;-1.0187609195709229;0.35648113489151;-9.860163688659668;0.5870586037635803;-0.9494236707687378;-0.9593226909637451;-0.14114829897880554;0.5436422824859619;0.6529184579849243;-0.3882623016834259;0.4753861129283905;0.4880949854850769;-0.15990068018436432;0.21225760877132416;-0.05593399703502655;-0.1196003332734108;-0.5411649346351624;-0.0802105963230133;0.24305802583694458;-0.22769835591316223;-0.10916752368211746;0.10438203066587448
estrella/estrella_tenpao_h_esp.mp3;-261.8052062988281;107.140380859375;-4.123913288116455;67.05046844482422;13.711443901062012;-22.090831756591797;-15.171728134155273;-21.9980525970459;12.674134254455566;-9.652429580688477;-6.72724723815918;1.1547931432724;-1.6654479503631592;13.249612808227539;-10.127275466918945;6.539074420928955;6.511111259460449;-1.6570985317230225;-7.0487165451049805;-4.85766077041626;-4.340750217437744;1.913590669631958;0.0109496945515275;-3.1405189037323;0.1199910044670105;2.1123032569885254;0.44875210523605347;1.315638780593872;-0.003950299229472876;0.9907031655311584;0.8182381987571716;-1.0711772441864014;0.14135217666625977;-0.3504653573036194;0.5873919725418091;-0.9138293266296387;0.5180147886276245;0.37327441573143005;0.6719375252723694;-0.5666540861129761;-4.617281436920166;2.9137489795684814;-1.0183649063110352;-0.21349629759788513;0.5315790772438049;0.10767149180173874;0.3852943778038025;-0.3826555907726288;-0.3270896077156067;0.27211812138557434;-0.5510920882225037;0.20175175368785858;-0.365403413772583;-0.41276612877845764;0.20905478298664093;0.03389189392328262;-0.25750914216041565;0.028390109539031982;-0.4676602780818939;-0.0751064121723175
estrella/estrella_wordfor_m_col.mp3;-207.77565002441406;-5.4944376945495605;-13.917739868164062;29.939891815185547;-29.076923370361328;-29.959484100341797;-14.655101776123047;-0.5466929078102112;-18.633214950561523;-14.509936332702637;-1.7072678804397583;-4.636838912963867;-8.737706184387207;-4.434381484985352;-8.600737571716309;-1.755820870399475;-8.92243766784668;0.6416177749633789;-8.285258293151855;1.9796985387802124;-4.696467399597168;1.1862101554870605;-3.0931169986724854;-0.2285720705986023;-0.5252950191497803;1.9458541870117188;0.09269250184297562;0.4109780490398407;1.5573910474777222;-1.1018562316894531;-0.23284082114696503;-0.6093753576278687;0.19576416909694672;-0.855424702167511;0.05025864765048027;0.01116001047194004;0.5733791589736938;-0.1414029747247696;0.10386297851800919;-0.039627984166145325;-3.2551229000091553;4.451300621032715;-1.5833072662353516;0.17904755473136902;-0.02735842391848564;0.07464618980884552;-0.07168617844581604;0.09692859649658203;0.14569535851478577;-0.4757438600063324;-0.2486829161643982;-0.4445079565048218;0.07364508509635925;-0.2534458339214325;-0.48784559965133667;0.20984381437301636;0.03170502185821533;0.3127444088459015;-0.12214081734418869;0.16278360784053802
Flecha/flecha_alter_h_ven.mp3;-225.64768981933594;119.70892333984375;-9.822461128234863;46.701622009277344;-2.8165364265441895;5.275321960449219;-29.913558959960938;-8.232357025146484;-20.285079956054688;6.593100547790527;-18.935626983642578;2.4567971229553223;4.080133438110352;9.243897438049316;1.3216733932495117;-10.123727798461914;-0.23070833086967468;-0.8487811088562012;-12.860166549682617;-3.516954183578491;-12.540299415588379;-5.5559492111206055;1.357975959777832;-1.2722777128219604;-2.542917251586914;0.7690386176109314;1.2705237865447998;1.0614107847213745;2.1697211265563965;0.18405649065971375;1.9900325536727905;-1.0476123094558716;1.2255362272262573;0.7875081300735474;-2.3922863006591797;1.0760326385498047;-1.1918607950210571;-0.0590403750538826;0.3286378085613251;-0.45123091340065;-6.653470516204834;1.5507186651229858;0.757959246635437;-1.8150848150253296;2.2974002361297607;0.995792031288147;1.2395076751708984;-0.612970769405365;0.7232221961021423;0.5442629456520081;0.5281333327293396;-1.0963408946990967;-0.21832837164402008;-0.14616525173187256;0.2683666944503784;-0.11360959708690643;-0.8326743245124817;0.7056207656860352;0.7603503465652466;-0.21211881935596466
Flecha/flecha_aycarallo_h_esp.mp3;-259.2078857421875;105.7240219116211;5.2523016929626465;25.03043556213379;3.6360065937042236;18.213987350463867;-29.57902717590332;13.448639869689941;-5.284001350402832;-1.1599549055099487;4.259878158569336;-1.3660309314727783;5.632686138153076;5.1653056144714355;3.825993537902832;0.11465512216091156;-0.9668250679969788;0.742461085319519;-3.2659988403320312;2.50003719329834;-5.482514381408691;3.6662673950195312;-0.47862768173217773;-3.161180019378662;0.330143541097641;-0.005064911209046841;-2.0344951152801514;2.3260366916656494;-0.37202441692352295;0.06821007281541824;0.8579976558685303;-0.1308956891298294;-0.7932330369949341;-1.019697666168213;-0.47085312008857727;-0.14075236022472382;-0.74763423204422;-0.7264461517333984;0.7333789467811584;-0.22285501658916473;-17.538047790527344;-0.27357250452041626;2.333544969558716;-0.6900800466537476;1.3300164937973022;0.2562306225299835;3.167043685913086;0.031475674360990524;0.31454187631607056;-0.18941374123096466;-0.803551971912384;0.004002107307314873;0.036821868270635605;-0.7040829062461853;0.18326732516288757;0.278057724237442;-0.03161786124110222;0.2289971262216568;0.5892819762229919;-0.3487873077392578
Flecha/flecha_pablo2012_h_arg.mp3;-196.2751922607422;59.613983154296875;25.055204391479492;43.514923095703125;8.053116798400879;6.157773971557617;-12.582779884338379;-0.8602490425109863;10.088376998901367;14.572131156921387;-23.242874145507812;2.6570608615875244;-1.7508485317230225;-9.31584644317627;-0.9151251316070557;7.093905448913574;-3.194321393966675;3.2942233085632324;-7.409002780914307;2.2762832641601562;-4.260624885559082;5.191182613372803;-1.05377197265625;-4.103300094604492;-3.6285037994384766;1.59160578250885;1.3978413343429565;1.1752678155899048;2.404993772506714;2.231146812438965;0.7611645460128784;-0.2133050411939621;0.4021938443183899;0.6551987528800964;0.4328010082244873;-0.11655308306217194;0.9229325652122498;-0.2541826367378235;0.42587441205978394;-0.3999256193637848;-11.420913696289062;-0.4968450665473938;-0.7819533348083496;-1.0533627271652222;1.6923149824142456;0.9227018356323242;1.0396548509597778;-0.776894748210907;0.0277003962546587;0.5519822835922241;1.4928561449050903;-1.3239306211471558;-0.5372096300125122;0.5012562870979309;-0.04016615077853203;-0.5545707941055298;0.720859944820404;-0.6501817107200623;0.2087469846010208;0.17528866231441498
Flecha/flecha_rodneycpht_h_cuba.mp3;-339.4424743652344;96.86809539794922;51.392112731933594;49.77336883544922;15.549431800842285;20.681177139282227;4.8584442138671875;17.338180541992188;0.5858469605445862;10.604888916015625;3.131178379058838;11.31412410736084;2.121886968612671;5.318360328674316;2.0178980827331543;4.702353477478027;1.7643500566482544;3.710343837738037;-2.680708408355713;5.001240253448486;-5.609527111053467;2.042520523071289;-0.48370301723480225;-0.7539798021316528;-0.47364944219589233;-0.25569942593574524;-0.0820358619093895;-0.2253408581018448;0.0034325625747442245;0.07068831473588943;0.3631828725337982;0.2432808130979538;0.0666457936167717;0.11370957642793655;0.23749707639217377;0.04463070631027222;0.08171630650758743;-0.06333320587873459;-0.1171208992600441;0.009531757794320583;-2.8654847145080566;0.0558340810239315;-0.5381001234054565;-0.20934385061264038;-0.09156152606010437;-0.11432325839996338;-0.22128154337406158;0.058967653661966324;-0.019356664270162582;0.029890993610024452;-0.07279518246650696;0.13119067251682281;0.10603903979063034;-0.14078964293003082;-0.1253248155117035;-0.14745038747787476;-0.03440523520112038;0.0048035550862550735;-0.02643386460840702;-0.08402351289987564
fruta/fruta_alina_m_arg.mp3;-210.26620483398438;111.47349548339844;-29.822708129882812;22.307010650634766;-16.74143409729004;-4.132683277130127;-22.387611389160156;-15.691662788391113;-2.2603204250335693;-18.787723541259766;0.2763678729534149;-20.58951187133789;-0.0882532000541687;-4.571074962615967;-15.705950736999512;3.7630667686462402;-7.295719146728516;-5.830204486846924;-13.479955673217773;-5.041606903076172;-6.631160259246826;4.181349754333496;-1.4223498106002808;-3.534860610961914;-0.4290134012699127;0.31734713912010193;0.28176936507225037;2.1443533897399902;0.2919541001319885;1.9471540451049805;-0.544808566570282;0.1534447818994522;-0.08056925982236862;0.24816875159740448;-0.5270950198173523;-0.19617600739002228;0.6923384666442871;-0.011881339363753796;1.061501383781433;-1.0397357940673828;-11.352017402648926;-0.3539186418056488;1.8334077596664429;1.1033579111099243;0.6574346423149109;-0.6002891063690186;0.7695270776748657;0.15418247878551483;0.2538655996322632;0.5574836730957031;-1.6457868814468384;1.8266897201538086;-0.9339339137077332;0.46629074215888977;0.4580290913581848;-0.36918243765830994;0.10210274159908295;-0.06119777262210846;-0.09829187393188477;-0.853165328502655
fruta/fruta_angeltellez13_h_cuba.mp3;-235.26446533203125;116.3228530883789;-25.184782028198242;55.206790924072266;-33.214725494384766;-14.713902473449707;0.3316171169281006;-26.762741088867188;-19.808088302612305;10.76769733428955;-9.269783973693848;-8.927916526794434;-11.641586303710938;-7.788554668426514;-9.15431022644043;-0.48372069001197815;-5.375871181488037;-5.927196025848389;-6.642416000366211;-9.384204864501953;-8.612704277038574;-5.312683582305908;-5.3138556480407715;-2.226066827774048;-2.2302937507629395;-1.5492782592773438;-1.256966471672058;-1.7569106817245483;3.2361271381378174;5.797911167144775;5.147266864776611;-1.4450087547302246;-3.687408685684204;-1.6485627889633179;0.3391928970813751;0.6449437141418457;0.08512095361948013;-2.333688497543335;0.5951183438301086;0.658118486404419;-2.864161252975464;-1.7872854471206665;-4.035811424255371;-2.1589205265045166;0.6237018704414368;0.3688204288482666;-2.0072078704833984;-0.43965622782707214;1.475104808807373;1.008323073387146;2.1958649158477783;-0.4041714668273926;-1.8679871559143066;-0.12202975898981094;0.7375788688659668;0.3409905731678009;0.48070335388183594;0.16024066507816315;-0.1586211770772934;-0.7719631791114807
fruta/fruta_covarrubias_h_esp.mp3;-248.3184051513672;91.81820678710938;-42.9353141784668;24.225614547729492;20.229873657226562;2.072237014770508;-4.353051662445068;7.9094414710998535;-27.612186431884766;11.952347755432129;3.351958751678467;-6.299041748046875;-2.706198215484619;9.048219680786133;-3.226654291152954;-2.2665951251983643;-1.2455735206604004;3.2333571910858154;-12.519862174987793;2.7207813262939453;-9.953645706176758;11.89574909210205;-1.4317398071289062;-0.35191115736961365;-0.11699440330266953;-1.518377661705017;-0.6246269345283508;0.9876435995101929;0.5261297821998596;2.8194406032562256;-0.5748899579048157;-1.7511042356491089;1.0157772302627563;1.647205114364624;0.7157883644104004;-2.8048269748687744;0.18934276700019836;-0.5651971697807312;-0.46166324615478516;-0.03376131132245064;-15.166017532348633;-5.729851245880127;0.9999540448188782;0.02340584062039852;-0.10885125398635864;1.052812933921814;1.297418475151062;1.5953816175460815;2.317272901535034;0.4230731725692749;0.3638123571872711;0.2049417495727539;0.9441781044006348;-0.49404996633529663;0.6037192344665527;0.5965413451194763;0.3730713129043579;0.6973862648010254;0.4646828770637512;0.289777010679245
fruta/fruta_ignasiperez_h_esp.mp3;-176.26904296875;91.20597076416016;-26.041234970092773;26.462051391601562;4.658280372619629;-14.911792755126953;-8.502995491027832;-35.121177673339844;-24.213762283325195;4.162874221801758;-24.6986083984375;-2.7036445140838623;-4.536709785461426;-12.761293411254883;-14.711352348327637;-8.920960426330566;-20.45814323425293;-1.5967248678207397;-12.315316200256348;1.884816288948059;-6.702188491821289;10.297123908996582;-5.3830742835998535;3.3611934185028076;-1.6045454740524292;0.06832995265722275;-0.1409759521484375;-0.9945980310440063;3.172567844390869;1.2495665550231934;1.9429091215133667;-0.386312872171402;0.11181256175041199;-0.5290829539299011;1.1156177520751953;-0.8173009157180786;-0.06357060372829437;-0.3043091893196106;0.9254555702209473;-0.09482696652412415;-12.009936332702637;-6.17092227935791;3.1071035861968994;0.02153731882572174;0.635503888130188;1.7957396507263184;-1.4096593856811523;0.6229124069213867;1.0456078052520752;-0.05261225998401642;1.5634486675262451;-0.2752417027950287;0.06410074979066849;0.5090984106063843;0.2326982617378235;0.18563924729824066;-0.2997211813926697;-0.24477864801883698;0.04216456413269043;0.014017924666404724
fruta/fruta_joseangel_h_esp.mp3;-296.7396240234375;158.90768432617188;29.668048858642578;-7.2866692543029785;-18.114315032958984;-7.85687780380249;-14.941584587097168;-12.989798545837402;-13.759140014648438;-3.883514404296875;-5.453091144561768;-16.501436233520508;-9.693944931030273;1.4605046510696411;-6.263099193572998;-2.6023473739624023;-8.134383201599121;-7.605629920959473;-1.123587727546692;1.7279303073883057;-3.1812334060668945;-4.390627861022949;-2.8367083072662354;0.5612951517105103;-0.582487940788269;4.364543437957764;-4.4750285148620605;1.177375316619873;2.079171895980835;3.3041772842407227;2.8691227436065674;-1.5970702171325684;-1.2479509115219116;-0.9273470640182495;1.8878930807113647;-0.7516412138938904;0.21258459985256195;-0.3351902365684509;-0.7873208522796631;-0.4253935217857361;-5.4609479904174805;-2.273386240005493;0.0698205977678299;-1.0126969814300537;2.2112722396850586;-0.9801718592643738;0.1832861602306366;0.06537915766239166;0.9145946502685547;1.0759320259094238;0.23298931121826172;0.6716278791427612;-0.1977340281009674;-0.7973415851593018;0.5617311596870422;0.6191914677619934;-0.674391508102417;-0.5059243440628052;-0.49088403582572937;0.19755801558494568
fruta/fruta_jperez_h_esp.mp3;-240.5559844970703;151.78125;-28.106204986572266;29.799339294433594;-22.68296241760254;-10.825132369995117;-1.5745896100997925;-30.973426818847656;-20.083782196044922;-1.0068433284759521;-8.694005012512207;-4.371126174926758;1.816779613494873;-1.2373979091644287;-10.952954292297363;-9.051432609558105;-15.269550323486328;-4.718181133270264;-11.969505310058594;-5.556873798370361;-7.62766695022583;1.140846848487854;0.9312241673469543;-0.27171263098716736;3.3663454055786133;-0.7384023666381836;-1.8353873491287231;0.8854568004608154;1.7519049644470215;2.072824001312256;1.8276762962341309;-0.7139922380447388;-0.6852738261222839;0.6648541688919067;1.1282216310501099;-0.5185286998748779;0.22902104258537292;0.3673302233219147;0.6983035802841187;0.10371046513319016;-3.5323400497436523;-1.8202942609786987;2.243669033050537;-1.70085608959198;0.024493694305419922;0.43736961483955383;-1.233676552772522;0.5457988381385803;-0.19069378077983856;0.07022958248853683;0.5636006593704224;-0.3740435838699341;0.00892813503742218;0.0158391073346138;-0.05282474309206009;0.05493226647377014;0.018418708816170692;0.10588453710079193;-0.12179824709892273;-0.2838190793991089
fruta/fruta_pablo2012_h_arg.mp3;-256.5167541503906;122.87808227539062;9.1989164352417;21.459003448486328;24.210895538330078;11.17740249633789;-6.287570476531982;-10.305682182312012;-13.099201202392578;3.1469063758850098;-20.832426071166992;-1.4738935232162476;-7.999177932739258;-7.96266508102417;1.0623626708984375;-12.008288383483887;12.582418441772461;-0.11083570867776871;-13.204662322998047;-2.4684932231903076;-5.379507064819336;-2.1438558101654053;-0.3268619179725647;-1.525423526763916;-1.2963569164276123;0.250201940536499;-1.9698677062988281;1.990649700164795;3.7821669578552246;4.4434638023376465;-1.7399877309799194;2.1234967708587646;0.49833041429519653;0.12751109898090363;-0.9832236766815186;-1.1333673000335693;1.0051015615463257;-0.8001406192779541;0.8403807878494263;-0.5890948176383972;-5.342278957366943;-1.1075475215911865;0.30162012577056885;-1.6218373775482178;-0.49436748027801514;0.6600118279457092;0.08859853446483612;0.4472735524177551;0.22951887547969818;-0.1639820784330368;-0.02231639251112938;-0.033068880438804626;0.3581829071044922;-0.2673320174217224;0.465729683637619;-0.660631000995636;0.14044420421123505;-0.0765223503112793;-0.14787864685058594;0.15326906740665436
fuego/fuego_alter_h_ven.mp3;-243.50205993652344;190.98818969726562;-20.361751556396484;5.018322467803955;-1.2725390195846558;1.363706350326538;-11.3292236328125;-15.209145545959473;-13.538603782653809;-9.230277061462402;-19.638132095336914;4.4585442543029785;2.9632627964019775;-1.797345757484436;10.932165145874023;0.6246340870857239;-6.827033996582031;-2.1933724880218506;-4.020843982696533;-6.228602886199951;-15.763338088989258;-0.10872732102870941;8.630155563354492;-1.725141167640686;0.10470335930585861;-0.17919673025608063;0.12551750242710114;0.9563623666763306;1.217925786972046;-2.12076997756958;0.37518566846847534;-1.1016978025436401;0.2369796335697174;1.7919743061065674;-0.29845142364501953;0.8601191639900208;0.07445631921291351;-0.30203777551651;-0.3109319806098938;1.0400545597076416;-7.9080352783203125;-3.6270976066589355;1.7804174423217773;0.6139613389968872;0.07661981135606766;0.6236704587936401;1.570379614830017;1.527605414390564;0.14283905923366547;0.5808199644088745;1.203649640083313;-0.7388676404953003;-0.23232795298099518;0.3354146480560303;-0.4980938732624054;-0.10207842290401459;0.4399398863315582;0.005208464805036783;0.01870436780154705;-0.03606477007269859
fuego/fuego_beitter_m_esp.mp3;-190.80050659179688;136.6238555908203;-0.4955635070800781;-9.005621910095215;-38.6275749206543;15.290742874145508;-21.622291564941406;-2.490844488143921;-8.478986740112305;-2.4297313690185547;-6.6883134841918945;-8.110138893127441;6.139422416687012;-9.499340057373047;-4.769638538360596;3.2388343811035156;-7.649808406829834;1.423279047012329;-4.153509140014648;-8.46265983581543;-18.827342987060547;6.061481952667236;3.3403947353363037;-0.9261650443077087;-1.4029757976531982;4.188673973083496;-0.21146443486213684;2.4310522079467773;3.0729422569274902;-0.5572701692581177;-0.681346595287323;1.3171054124832153;-0.42113611102104187;-0.6450127959251404;0.5167733430862427;-0.3216739892959595;2.023084878921509;0.38267427682876587;1.4238213300704956;-0.6660022735595703;-9.483890533447266;-3.524735450744629;2.475882053375244;-1.16053307056427;1.7463308572769165;-1.8803691864013672;1.9643720388412476;0.5793503522872925;0.5118601322174072;-0.5935221314430237;-0.6358694434165955;0.04837509244680405;-1.3009401559829712;0.2263927459716797;-0.4217302203178406;-0.14422392845153809;0.2012578845024109;-0.4177758991718292;-0.4549458622932434;0.19450902938842773
fuego/fuego_camilorosa_h_chile.mp3;-272.45953369140625;165.1794891357422;26.724756240844727;21.569324493408203;-11.492654800415039;-22.7628173828125;-27.912822723388672;-9.30095100402832;17.647422790527344;-14.208600044250488;-8.617012023925781;4.0042572021484375;-21.19580078125;21.391660690307617;0.30159685015678406;4.843695163726807;8.147621154785156;0.9177932739257812;-15.42546272277832;2.110854148864746;-13.096735000610352;5.638551712036133;4.379819869995117;2.5543088912963867;-2.1675174236297607;-0.7250174283981323;4.5456037521362305;1.6708638668060303;0.9669556021690369;0.7092578411102295;1.6507394313812256;-1.339829921722412;1.0172972679138184;1.3737388849258423;0.4687923789024353;0.5346252918243408;0.02922894060611725;-0.7080596685409546;0.29520514607429504;-0.22154226899147034;-7.81259822845459;-3.1639578342437744;2.687727451324463;-1.6048014163970947;1.615527868270874;1.3997381925582886;0.031194332987070084;1.2794311046600342;-1.2184619903564453;0.7417145371437073;-0.3800685405731201;0.05813591182231903;1.468492031097412;-1.802135944366455;0.05990806221961975;0.05014112591743469;-0.3186498284339905;-0.08401618897914886;0.46751970052719116;-0.46441224217414856
fuego/fuego_DonQuijote_h_mex.mp3;-272.2958984375;143.5709686279297;6.799846172332764;23.943252563476562;-10.740736961364746;-1.7934300899505615;-2.391860246658325;-2.7203938961029053;-7.291808605194092;-14.749776840209961;2.542551279067993;-1.6695150136947632;-1.1674308776855469;0.2203654944896698;-6.035233497619629;4.835394382476807;-8.066795349121094;2.8030974864959717;-7.341422080993652;-8.316047668457031;-16.93305206298828;-1.8072855472564697;1.1943442821502686;0.8409999012947083;0.7898871302604675;1.8184458017349243;0.09627056866884232;2.226771593093872;0.48521187901496887;0.6471566557884216;0.11623033881187439;0.04015214741230011;0.9716057777404785;-1.5706065893173218;0.2817820608615875;0.27938392758369446;0.5110021829605103;0.1496506929397583;0.8338489532470703;-0.5814019441604614;-11.657966613769531;-0.8911355137825012;2.946782112121582;-0.5160382390022278;1.47313392162323;0.6890182495117188;1.0624419450759888;0.04067402705550194;0.16275642812252045;0.5106329917907715;-0.4257410764694214;0.4309072494506836;-0.6910807490348816;0.3924536108970642;0.28432977199554443;0.18040645122528076;1.5578525066375732;-0.042764537036418915;0.1789727360010147;0.48878300189971924
fuego/fuego_estexu_h_esp.mp3;-254.8392791748047;102.60200500488281;-6.4748148918151855;29.72429847717285;-44.83573913574219;-15.357921600341797;-4.955477714538574;-19.71876335144043;-3.9767088890075684;-23.72784423828125;-3.687325954437256;-15.197813034057617;-26.87861442565918;-0.19824844598770142;-8.452808380126953;13.27398681640625;-4.4328484535217285;0.2855280637741089;-10.440901756286621;3.0881311893463135;-20.245466232299805;10.903061866760254;5.656224727630615;3.091909885406494;-2.8252851963043213;1.772076964378357;1.0457379817962646;0.8042073845863342;1.864740014076233;-0.6687071323394775;0.670944094657898;-1.6453406810760498;-1.0141361951828003;2.5217812061309814;0.13961941003799438;-0.4600945711135864;-0.21222704648971558;-0.5343902707099915;0.14946873486042023;-0.5573225617408752;-7.679162502288818;-4.851147174835205;-0.25365138053894043;-2.543287515640259;-0.005858421325683594;0.550139844417572;-0.6594582796096802;0.9474731087684631;0.8199641704559326;0.46538352966308594;0.8411125540733337;0.05032830312848091;1.572412133216858;-0.04967670515179634;-0.043654169887304306;-0.7131703495979309;0.2857995331287384;0.19637396931648254;-0.1877550184726715;0.8814024329185486
fuego/fuego_mindcontrololo_h_mex.mp3;-239.89967346191406;110.39944458007812;19.036678314208984;0.8378387093544006;-0.8213340640068054;-2.1351475715637207;-27.72208595275879;-7.812186241149902;-1.0683369636535645;-21.505062103271484;-2.7423226833343506;8.639013290405273;-25.36856460571289;34.3937873840332;-14.395892143249512;5.767261981964111;1.4307162761688232;-3.9594569206237793;-3.7916083335876465;-9.300710678100586;-12.405940055847168;8.783392906188965;2.1411921977996826;1.2686517238616943;-2.81032657623291;0.7020037770271301;0.9445421695709229;0.09871034324169159;1.2739789485931396;-0.5735650658607483;-0.5552818775177002;-0.07830379903316498;0.42937928438186646;1.3893579244613647;-0.46074071526527405;1.1420923471450806;-0.46366268396377563;1.0646307468414307;-0.8644533753395081;0.5002260804176331;-8.45362377166748;-5.296275615692139;1.121429204940796;0.07431246340274811;-0.20870794355869293;-0.6429348587989807;1.1138606071472168;0.45953166484832764;0.495085209608078;0.7635357975959778;0.47814884781837463;-0.5251287817955017;1.2931030988693237;-1.0539147853851318;0.6124804019927979;-0.05091239511966705;-0.12720002233982086;-0.2297384887933731;0.1970408707857132;1.1247508525848389
fuego/fuego_yelkoastur_h_esp.mp3;-271.2582092285156;129.5175018310547;8.187424659729004;4.5249857902526855;-60.81267166137695;-16.900070190429688;0.28961971402168274;-24.86417579650879;-15.237303733825684;-15.123579978942871;1.1119959354400635;-11.545866966247559;-5.7420973777771;6.56872034072876;-11.026515007019043;-5.7902750968933105;-4.417022228240967;-14.463403701782227;-18.85068702697754;4.319738864898682;-11.435851097106934;7.511107444763184;1.4601374864578247;1.5191282033920288;-4.157350540161133;0.12052414566278458;1.1094050407409668;1.1336147785186768;0.6211870312690735;0.8802121877670288;-0.2861047089099884;-0.18459466099739075;1.269072413444519;-0.20299513638019562;1.999845027923584;-1.8113555908203125;0.08315323293209076;-1.4618303775787354;-1.435316562652588;1.225816249847412;-5.334547996520996;-3.71907901763916;1.3767955303192139;0.030819900333881378;2.2916741371154785;0.2217440903186798;-0.498084157705307;0.934014618396759;0.14564546942710876;0.6726042628288269;-0.1462845355272293;0.27210918068885803;0.34307244420051575;-0.5763077139854431;0.20250973105430603;-0.0819917619228363;-0.4153076112270355;-0.34657570719718933;-0.02711435593664646;0.19154572486877441
globo/globo_brujacarter_m_esp.mp3;-328.37353515625;145.7703857421875;-10.085710525512695;30.589096069335938;-45.614688873291016;-16.336872100830078;-20.49507713317871;-21.11757469177246;-15.50425910949707;-15.362403869628906;9.1669282913208;-22.739404678344727;-2.264483690261841;7.4795918464660645;-16.698732376098633;-6.888059139251709;-1.023150086402893;-5.544560432434082;-12.68465518951416;-7.200809478759766;-12.718561172485352;2.184333324432373;6.570762634277344;-8.786974906921387;-4.7735114097595215;2.2116103172302246;6.194504261016846;4.169528484344482;-0.08908186107873917;-2.0428924560546875;-1.9100984334945679;1.8850840330123901;2.673393964767456;1.2894132137298584;-0.3788972795009613;0.0918152928352356;0.8214437365531921;-0.19342219829559326;0.6830986738204956;0.9351611733436584;-13.043484687805176;-0.9516920447349548;5.187802314758301;-0.24198634922504425;3.510136127471924;0.0020740714389830828;1.5878245830535889;0.4045981764793396;-0.6815627813339233;0.5007205605506897;-1.125109076499939;0.5716606974601746;-0.6824072003364563;-0.3085842728614807;0.3055366575717926;-0.44055336713790894;-0.34624484181404114;-0.8894534111022949;0.1742461621761322;-0.07395325601100922
globo/globo_irs00013_m_esp.mp3;-223.77157592773438;147.4595184326172;20.201499938964844;-0.5826030969619751;-19.585920333862305;-6.787968158721924;-15.066380500793457;-10.29719066619873;-5.490931987762451;-15.182676315307617;-32.06254577636719;-11.579360008239746;-3.18084979057312;-3.5116939544677734;-3.7796943187713623;-1.5433651208877563;-11.173280715942383;-1.649628758430481;-6.331302642822266;-8.65428638458252;1.1416387557983398;0.44794827699661255;-0.7551574110984802;-1.4060571193695068;-2.196922779083252;-0.3460042476654053;1.0139297246932983;0.6455969214439392;0.1369723379611969;-0.5770886540412903;-0.4766511023044586;0.568668007850647;0.15096613764762878;0.39003095030784607;0.5497424006462097;0.4803290069103241;0.38701316714286804;0.8047511577606201;0.4970657229423523;0.784656822681427;-6.873960018157959;-0.8336477875709534;0.9210526347160339;-0.6064705848693848;0.26138967275619507;0.5609841346740723;-0.2597362995147705;0.3100680708885193;-0.27388420701026917;-0.07254726439714432;0.5071533918380737;-0.18223658204078674;-0.6796542406082153;-0.2321690171957016;0.0035418840125203133;0.11957234144210815;0.2959691882133484;-0.2670636773109436;0.06734069436788559;0.43468180298805237
globo/globo_juanpirincho_h_esp.mp3;-283.84710693359375;175.44415283203125;6.667324066162109;21.923885345458984;-2.5999131202697754;-34.05378341674805;18.392257690429688;-14.911761283874512;-9.666664123535156;-14.238845825195312;-3.3774290084838867;3.6112570762634277;-19.621055603027344;6.643517017364502;5.660944938659668;-4.552152633666992;-6.284868240356445;4.134049892425537;-13.931588172912598;-5.03099250793457;-3.891946315765381;1.0636807680130005;5.971644401550293;-0.3809990882873535;-3.6912858486175537;-2.7934179306030273;0.6089216470718384;1.821505069732666;1.9885950088500977;0.2570556700229645;1.1857413053512573;1.030044436454773;-0.08410318940877914;0.4749642610549927;1.9857940673828125;0.07567304372787476;-0.42598894238471985;1.1777193546295166;-0.277719110250473;-1.0909967422485352;-3.2224926948547363;-2.3327879905700684;-0.36529862880706787;-0.009769769385457039;0.14348642528057098;-0.29444581270217896;0.30234813690185547;0.03647032752633095;0.4733749330043793;0.7856522798538208;0.10722310096025467;-0.9364674091339111;1.0086857080459595;-0.07787413895130157;-0.6431869268417358;-0.17952899634838104;-0.5337914824485779;-0.1578214466571808;0.1536504030227661;-0.0006117671728134155
globo/globo_RRR04_m_peru.mp3;-300.7063903808594;112.25814056396484;-12.105792045593262;12.741010665893555;-17.360809326171875;-13.9784574508667;-17.961673736572266;-17.975374221801758;-14.778800964355469;-4.419312953948975;-1.850346326828003;2.7020716667175293;-7.5180768966674805;-5.086376667022705;-14.877435684204102;-3.727006673812866;0.7321887612342834;-9.129426956176758;-3.91221022605896;-7.570523738861084;-0.35425642132759094;0.4329962730407715;-0.675010085105896;1.226145625114441;-0.6506783366203308;-2.102220058441162;0.590761661529541;1.0844682455062866;-0.3473268151283264;-1.557651162147522;-0.7608932256698608;-0.46748289465904236;-1.0806411504745483;-0.1160879135131836;-0.1443658173084259;-1.2227967977523804;0.28563958406448364;-0.6838979721069336;-0.3825419843196869;0.02043536864221096;-1.3072996139526367;-0.08709003031253815;0.1763216108083725;-0.1219368427991867;0.04988894239068031;-0.0323876328766346;-0.25739434361457825;-0.605503261089325;0.2538262903690338;0.705123782157898;-0.04711269214749336;-0.07339458912611008;-0.15020708739757538;0.14762501418590546;0.03912510350346565;-0.024590304121375084;-0.20455053448677063;-0.29471316933631897;-0.1169743686914444;-0.2959350049495697
globo/globo_vkal_h_esp.mp3;-197.1273193359375;131.9705810546875;33.73719024658203;7.180403709411621;-56.064918518066406;-18.38388442993164;25.365285873413086;-17.985519409179688;-10.079296112060547;-15.223777770996094;-15.244256973266602;-2.577479839324951;-11.568591117858887;17.300586700439453;-20.25367546081543;10.994986534118652;-0.3628130257129669;-10.72154712677002;-9.239728927612305;-1.4382845163345337;-6.681151390075684;1.2189127206802368;0.20740291476249695;-0.5905176997184753;-1.4441081285476685;0.2552068829536438;-0.906171977519989;0.9620978832244873;1.3089003562927246;0.8274649381637573;-0.23118209838867188;0.4072689414024353;0.45831429958343506;0.785325288772583;0.5050970911979675;0.11881772428750992;-0.5039961934089661;-0.06045088171958923;-0.21500161290168762;-0.5966005921363831;-6.10535192489624;-0.17147938907146454;1.833064079284668;-0.5498582124710083;0.3563717305660248;1.7602893114089966;-0.6561807990074158;0.8885875940322876;0.7216386795043945;0.245405375957489;0.6036815643310547;-0.8364664912223816;0.08580808341503143;-0.129317507147789;0.5508639216423035;-0.5359721779823303;0.14723245799541473;0.3287290036678314;-0.13226325809955597;0.4327804446220398
gorro/gorro_camilorosa_h_chile.mp3;-310.8721923828125;146.7765350341797;39.29497146606445;12.248612403869629;-15.207478523254395;12.225000381469727;-2.2214481830596924;-22.744571685791016;-27.023916244506836;-30.088159561157227;-22.807830810546875;-2.257453680038452;4.318226337432861;-3.1826283931732178;10.199938774108887;-6.248070240020752;-9.87622356414795;-2.1764883995056152;-15.533228874206543;-4.19863224029541;-3.180069923400879;0.5713365077972412;-0.7404861450195312;-4.007075786590576;1.9551126956939697;3.3004660606384277;-1.1915953159332275;-0.014688460156321526;-2.3653368949890137;-0.4757797122001648;1.2361571788787842;1.3879765272140503;1.6655991077423096;-1.2204883098602295;0.3058290481567383;-1.2947200536727905;-0.4498320519924164;0.6127713322639465;-0.13687855005264282;-1.6238919496536255;-8.638643264770508;-0.8524172306060791;1.1475659608840942;1.3168402910232544;0.5923440456390381;-0.5252503156661987;0.7586916089057922;0.14397399127483368;-0.2589498460292816;0.43968474864959717;0.5576435923576355;-0.028533125296235085;0.16729195415973663;-0.18227697908878326;-0.9022122025489807;-0.22539441287517548;-0.3241439759731293;-0.14936402440071106;-0.0973271057009697;-0.10513744503259659
gorro/gorro_eljose_h_peru.mp3;-240.00650024414062;174.24327087402344;-13.813909530639648;2.413867473602295;-16.095958709716797;-21.180770874023438;-19.352615356445312;-1.1394482851028442;-20.572643280029297;-19.323482513427734;-3.5803022384643555;-13.487762451171875;-5.435072422027588;1.4577991962432861;-11.395366668701172;-4.623150825500488;-6.010586738586426;-7.4262614250183105;-12.432733535766602;1.02690589427948;1.5814974308013916;3.612346649169922;-3.6363401412963867;-4.032447814941406;1.2777619361877441;1.2357611656188965;-0.990534245967865;-1.1001176834106445;1.4733737707138062;-1.8204364776611328;-0.8897342681884766;3.347672939300537;0.2675599455833435;-1.1944420337677002;-0.45701396465301514;0.1804046779870987;0.8811898231506348;-0.7777441740036011;-0.06888827681541443;-0.5290740728378296;-6.657075881958008;-0.9897648096084595;2.163727283477783;0.750056266784668;0.580194354057312;-2.031755208969116;0.898726761341095;0.6926422119140625;-1.2703410387039185;0.302386999130249;1.0026322603225708;-0.013344794511795044;-0.7521073222160339;0.15530087053775787;0.18123012781143188;-0.5947341322898865;0.4258993864059448;0.15609899163246155;0.3397347331047058;0.3472062945365906
gorro/gorro_guillermo_h_esp.mp3;-235.82278442382812;159.38108825683594;-19.85270118713379;-4.799865245819092;-26.106830596923828;-3.9882216453552246;-0.8692454695701599;-18.49589729309082;-11.00759220123291;-13.783319473266602;-33.64395523071289;6.39268159866333;4.369704723358154;-2.503624200820923;-8.595024108886719;-7.31213903427124;-15.512075424194336;-9.617677688598633;-2.018897533416748;-7.161577224731445;-12.831817626953125;2.3456640243530273;3.382413625717163;-5.0954999923706055;1.6245924234390259;3.6334595680236816;-0.8922634124755859;0.6226450800895691;-0.932658314704895;2.666051149368286;0.30060431361198425;-1.0329915285110474;1.3890100717544556;0.8674411177635193;-2.274623155593872;-1.0832178592681885;0.6973838210105896;0.34178704023361206;-0.32023176550865173;1.757389783859253;-9.692020416259766;1.1275084018707275;1.6931718587875366;1.5936236381530762;-1.8309299945831299;-2.2676069736480713;0.4071497321128845;1.1015191078186035;0.7170668244361877;-0.30981966853141785;0.8669478297233582;-1.311453938484192;-0.505411684513092;-0.08331436663866043;1.0618115663528442;-0.2672995924949646;-0.11878131330013275;-0.6138057708740234;0.09541691094636917;0.8392099142074585
gorro/gorro_Pablo2012_h_arg.mp3;-276.9089660644531;182.6587371826172;-1.7706944942474365;1.2799087762832642;-4.427574634552002;13.960206985473633;7.305772304534912;-9.01492977142334;1.3080884218215942;2.598207950592041;-12.752742767333984;-7.3606953620910645;3.31927752494812;-16.058086395263672;-8.313285827636719;6.719445705413818;-7.878714084625244;-7.943846702575684;-3.7201926708221436;-10.69357967376709;4.124859809875488;1.7013863325119019;-2.334378957748413;-3.2772295475006104;-2.7447502613067627;-0.05731835961341858;0.5642688274383545;1.4271924495697021;1.0029736757278442;2.6278953552246094;0.33047762513160706;1.912036657333374;-0.00186088215559721;-1.3685319423675537;1.5215641260147095;-0.5263983011245728;0.18474368751049042;0.27718690037727356;-0.03409138694405556;-0.08031664043664932;-7.240931510925293;-1.7373669147491455;2.0127711296081543;1.452221393585205;-0.10857560485601425;-0.22990643978118896;0.9658685922622681;0.7854444980621338;0.00661849370226264;0.8040337562561035;-0.7087367177009583;0.4543396234512329;0.04998175799846649;-0.46317729353904724;0.268705815076828;-0.48496317863464355;0.4528573751449585;-0.32025498151779175;-0.22487382590770721;0.2826448380947113
jabon/jabon_alter_h_ven.mp3;-227.3204803466797;193.7188262939453;-21.980642318725586;21.690258026123047;-20.31308364868164;-9.043840408325195;5.762452125549316;-4.172636985778809;-13.377935409545898;2.390937089920044;-10.195581436157227;5.563685417175293;-12.241495132446289;1.6904985904693604;12.589864730834961;-12.039499282836914;0.6845950484275818;2.1174116134643555;-12.376944541931152;-7.0705766677856445;-8.986116409301758;-0.20117731392383575;2.194577693939209;0.0854993686079979;0.7876067161560059;-1.233405351638794;0.8887580633163452;-0.7724263668060303;-0.8691561818122864;-1.4988658428192139;-0.08405280113220215;0.11162663996219635;0.9707444310188293;0.2845001518726349;0.9979902505874634;1.8185713291168213;0.8136299848556519;-0.4291468560695648;0.2586534023284912;0.5098880529403687;-9.117266654968262;-1.7261559963226318;2.3126933574676514;0.6199019551277161;1.4707584381103516;0.13586392998695374;-0.02294238843023777;0.13879786431789398;1.413851022720337;-0.5973154306411743;0.02021397277712822;-0.6296396851539612;0.2473156452178955;0.14015556871891022;0.333090215921402;0.669582724571228;-0.4074060022830963;-0.0872628465294838;0.44053488969802856;0.13260850310325623
jabon/jabon_ignasiBCN_h_esp.mp3;-214.627685546875;138.76055908203125;-27.953025817871094;41.94050979614258;-7.799408912658691;-8.881333351135254;30.12736701965332;-22.63312339782715;-14.0919771194458;12.00045394897461;-10.25935173034668;-0.11695962399244308;-4.468461990356445;-11.327470779418945;-4.989508152008057;-1.8347506523132324;-8.863956451416016;-6.670608043670654;-11.279078483581543;4.576349258422852;-18.09435272216797;3.6038818359375;2.8197479248046875;4.538394451141357;3.797327756881714;-0.7397034764289856;-0.9571001529693604;0.1894725114107132;0.34512126445770264;-1.50418221950531;0.7493598461151123;-0.1576373279094696;-0.7333893775939941;0.7669110894203186;1.1802605390548706;-0.4771541953086853;-0.46724891662597656;0.3965255320072174;0.7478470206260681;0.6266265511512756;-0.6156279444694519;-5.066374778747559;1.3203094005584717;-1.3422194719314575;1.264539122581482;0.56764155626297;-0.4258314371109009;1.1434378623962402;-0.21393553912639618;0.22957852482795715;0.4853445291519165;1.0159183740615845;0.09051287919282913;1.0365902185440063;0.09063683450222015;-0.3352454900741577;0.3691881597042084;0.3846350610256195;-0.4204506576061249;-0.27119699120521545
jabon/jabon_JaimeDes_h_mex.mp3;-354.97369384765625;188.48733520507812;-47.53767395019531;-2.040464401245117;-2.0064122676849365;23.303632736206055;19.024404525756836;-5.466594696044922;-25.32464027404785;-9.992952346801758;5.005494594573975;-4.8414692878723145;-13.777029991149902;-0.0789862871170044;7.431225776672363;-11.916010856628418;-24.48419189453125;-5.192953586578369;-8.336723327636719;-1.9683462381362915;-7.801688194274902;-4.563284873962402;1.9241001605987549;7.294650077819824;4.732389450073242;-0.6180657744407654;0.4123963415622711;-0.6687359809875488;2.2705187797546387;0.28271836042404175;-1.494659185409546;-0.5841199159622192;-1.0740671157836914;-1.545851707458496;-2.341087818145752;1.6836360692977905;-0.5314233303070068;-1.2935881614685059;2.2991786003112793;0.44012999534606934;-12.641776084899902;-7.513968467712402;0.2815237045288086;-0.6438212394714355;0.43180158734321594;0.7637050151824951;0.07786431908607483;0.1745840460062027;1.2625691890716553;0.2436663657426834;-0.6963917016983032;0.4502416253089905;0.559135377407074;0.0010636188089847565;-0.07196155935525894;-0.20495301485061646;-0.24753941595554352;-0.5668252110481262;0.7809746265411377;0.43958038091659546
jabon/jabon_pleitecas_h_esp.mp3;-294.3017272949219;127.29944610595703;-33.426212310791016;61.10609817504883;-24.692964553833008;36.68308639526367;-0.6959165930747986;0.6237569451332092;-3.2126777172088623;9.790611267089844;-3.4039182662963867;-10.90703010559082;10.247381210327148;12.729549407958984;-2.463752269744873;-4.236627101898193;-1.190434217453003;-1.3091323375701904;4.780897617340088;3.3047685623168945;-8.4424409866333;-0.6303203105926514;3.073277473449707;3.1848256587982178;1.8345401287078857;-0.3818199038505554;1.819525957107544;-0.6820431351661682;-0.6182262897491455;-1.0873394012451172;-0.5501973032951355;-1.8080233335494995;0.27627456188201904;-0.41262444853782654;0.4749341607093811;-0.05959146097302437;-1.3656240701675415;1.3650010824203491;0.8478381633758545;0.009986250661313534;-4.506608009338379;-1.0718439817428589;0.2730239927768707;-0.38954582810401917;0.6539397239685059;0.46506592631340027;0.6825291514396667;0.26211947202682495;0.4157603085041046;-0.5965346693992615;-0.10495975613594055;0.7007719278335571;0.3429834246635437;-0.434716135263443;-0.5918826460838318;0.07370668649673462;0.8021184802055359;-0.12489515542984009;0.10104387998580933;0.40092191100120544
jabon/jabon_Shaditor_m_arg.mp3;-286.98687744140625;189.47344970703125;-54.8619270324707;14.010842323303223;-7.72490930557251;-23.0849609375;16.194778442382812;-20.364892959594727;-19.84187126159668;12.048954010009766;-10.374675750732422;-1.742933988571167;-12.222432136535645;-15.887669563293457;3.600940227508545;-10.160386085510254;-7.374372482299805;7.496819496154785;-10.550514221191406;-0.662634551525116;-15.080198287963867;1.0493674278259277;4.936697006225586;1.7377616167068481;1.9043585062026978;2.8289310932159424;0.5241114497184753;-0.7459923624992371;0.9329606294631958;-0.8971728086471558;-0.7998215556144714;0.3815421164035797;0.5304756164550781;-0.829126238822937;-1.1280708312988281;-0.6339179873466492;0.3248467743396759;-0.13683849573135376;1.0452202558517456;-0.024995993822813034;-3.894690990447998;-0.7893646955490112;0.8608910441398621;-0.3260077238082886;0.13551026582717896;0.47905316948890686;0.25003305077552795;0.3883006274700165;0.570533812046051;-0.3345956802368164;0.194615438580513;-0.27187368273735046;0.08311784267425537;-0.0546475388109684;-0.5206692218780518;0.31915271282196045;0.11272194981575012;-0.013951192609965801;0.3599000573158264;0.02785087563097477
lapiz/lapiz_Astridyvc_m_ven.mp3;-644.426025390625;52.92995834350586;21.652036666870117;31.91330337524414;14.875092506408691;8.547435760498047;7.279436111450195;-1.4006993770599365;1.7609448432922363;-13.810104370117188;0.13918805122375488;-0.6685366630554199;10.780500411987305;11.486817359924316;-5.396536827087402;14.63160514831543;-6.272075176239014;4.2273783683776855;1.768702507019043;1.7862995862960815;0.186143159866333;0.48704037070274353;-0.12583889067173004;-0.13595029711723328;-0.01616712100803852;-0.07541179656982422;-0.5394724607467651;-0.6630018353462219;-0.5286793112754822;-0.10095507651567459;-0.7347422242164612;-0.4248782992362976;-0.11659196019172668;-0.03644575551152229;0.07270257920026779;-0.14210215210914612;0.1802946776151657;0.35211989283561707;0.65971440076828;0.010699025355279446;3.8042995929718018;1.585552453994751;0.2256564497947693;0.11917980760335922;-0.2736605703830719;-0.3233289122581482;-0.3079402446746826;-0.3163752257823944;-0.4591495096683502;-0.6327461004257202;-0.3492352068424225;-0.3820226788520813;-0.4634459316730499;-0.33279430866241455;-0.33319053053855896;-0.018146369606256485;-0.19714143872261047;-0.036718208342790604;-0.23362015187740326;0.18551012873649597
lapiz/lapiz_BrujaCarter_m_esp.mp3;-302.1075439453125;105.42293548583984;-54.73101806640625;62.9957160949707;-42.90399169921875;-0.9840099215507507;-19.80138397216797;-22.342376708984375;1.063450574874878;-20.55008888244629;-17.884998321533203;-28.34157371520996;9.3833646774292;0.2994042634963989;-13.859787940979004;6.636751651763916;-9.830869674682617;-1.6941989660263062;-0.6756170392036438;-9.408726692199707;-15.72527027130127;-5.41970682144165;11.001739501953125;8.750161170959473;1.0448302030563354;-1.1024433374404907;1.767370581626892;0.9961196780204773;-4.459897994995117;-0.006627058144658804;0.1569228619337082;-1.500333309173584;2.0646297931671143;1.8553962707519531;3.4749791622161865;0.5387630462646484;1.6595869064331055;1.2520800828933716;-0.15199556946754456;0.5646021366119385;-10.137961387634277;-1.3584041595458984;2.5474321842193604;-1.1218338012695312;0.8709245324134827;-0.5356436371803284;-0.4603573977947235;-0.16145648062229156;0.45542916655540466;0.22365665435791016;-0.09934928268194199;0.1524507999420166;-0.13439737260341644;-0.5091187357902527;0.48365482687950134;-0.2870749235153198;-0.25167426466941833;0.3416905105113983;-0.008928696624934673;-0.17309607565402985
lapiz/lapiz_cisne_h_bol.mp3;-374.6017761230469;23.395977020263672;44.198150634765625;53.14036560058594;-10.243365287780762;14.415204048156738;-24.43663215637207;4.563742160797119;-7.903875827789307;-1.411136269569397;0.5354755520820618;-16.677703857421875;10.9568510055542;1.8494125604629517;2.979410409927368;3.4261200428009033;-11.995474815368652;5.2346882820129395;-3.549090623855591;5.456751823425293;-5.830343246459961;-10.422874450683594;-2.6534647941589355;-3.1607935428619385;-3.887606620788574;0.34054049849510193;-1.7199136018753052;0.30020013451576233;0.38016262650489807;-0.42248421907424927;0.49224022030830383;1.3088231086730957;-0.5125265717506409;1.4050421714782715;2.062384605407715;-1.6547690629959106;1.7060726881027222;-1.0442843437194824;-0.6092190146446228;0.7242991328239441;-8.502988815307617;2.160656690597534;-0.16010984778404236;0.01444337610155344;0.06647098809480667;-0.0030376045033335686;0.47431355714797974;-0.1653580218553543;0.33264076709747314;-0.6979981660842896;-0.2113887220621109;0.35337021946907043;0.08254290372133255;0.5469898581504822;0.09195654839277267;-0.7870821356773376;-0.5695684552192688;0.19429618120193481;0.24767494201660156;-0.666566789150238
lapiz/lapiz_estexu_h_esp.mp3;-282.9548645019531;99.0134048461914;-11.853886604309082;55.598392486572266;-9.704402923583984;-23.88846206665039;3.522158622741699;-27.801433563232422;-3.5747783184051514;-21.124799728393555;-0.28659915924072266;-5.516039848327637;-41.46418380737305;-8.3192138671875;-9.166396141052246;2.879910707473755;-19.540088653564453;-1.950520634651184;-14.881082534790039;5.624492168426514;-7.674032688140869;-11.62326717376709;1.1853801012039185;2.5913078784942627;3.976930856704712;-0.84365314245224;-2.6307270526885986;5.429023742675781;-0.3822205364704132;-1.206495761871338;-1.0655375719070435;-0.46270737051963806;1.7226718664169312;-0.5874564051628113;-0.7746254205703735;-0.8657248020172119;0.7202184200286865;1.3358116149902344;-0.07642011344432831;1.1332679986953735;-8.444994926452637;-4.329442501068115;1.4525896310806274;0.06893710792064667;1.788540244102478;2.0891408920288086;-0.06725762039422989;-0.2365991473197937;0.4527158737182617;-0.03739528730511665;-0.7115241885185242;-0.3275967240333557;0.7175110578536987;-0.5642172694206238;0.23112721741199493;-0.2423914521932602;1.209960699081421;-0.19980287551879883;0.06399793922901154;0.3967575132846832
lapiz/lapiz_illinoi_h_eeuu.mp3;-335.82037353515625;115.13243103027344;27.222082138061523;1.6404685974121094;22.528186798095703;-22.601261138916016;-22.260488510131836;-5.706625938415527;0.9838104248046875;19.770267486572266;2.522371292114258;-1.28126859664917;-9.827295303344727;-1.0595353841781616;9.59004020690918;2.272663116455078;7.014228820800781;0.3872178792953491;-11.64630126953125;-10.429182052612305;-3.0307376384735107;-1.8846337795257568;0.5042322874069214;1.9596112966537476;-0.23475998640060425;0.932516872882843;0.9343327283859253;0.04983934760093689;0.15407830476760864;-0.8095178604125977;-0.0551067590713501;-0.7214877605438232;0.38587892055511475;-0.7955594062805176;0.3742014765739441;0.9990749359130859;-0.09966620057821274;0.3760291337966919;-0.4135357141494751;0.20727777481079102;-2.780029773712158;-2.1515798568725586;2.1662755012512207;0.8211222290992737;-0.0881529450416565;0.3815264105796814;-0.1610247790813446;0.02848982810974121;0.40568098425865173;-0.47221726179122925;-0.1461338847875595;0.4770297408103943;0.08602279424667358;-0.1450439691543579;-0.14078330993652344;0.06795553863048553;-0.1395861953496933;0.07374970614910126;0.46241769194602966;0.3376149833202362
lapiz/lapiz_pleitecas_h_esp.mp3;-283.3718566894531;110.81453704833984;-4.756113052368164;77.40816497802734;-5.133425712585449;-14.582531929016113;12.681120872497559;-14.458887100219727;4.22691535949707;8.644418716430664;-12.387765884399414;-11.166409492492676;-6.086867332458496;-0.7732988595962524;-9.405719757080078;5.468268394470215;-0.6765961647033691;-6.048662185668945;5.841282844543457;3.3635001182556152;-5.88347864151001;-4.353641510009766;4.28560733795166;2.950955390930176;-0.4736047387123108;0.5531455278396606;2.397266149520874;3.239828109741211;-1.7067461013793945;-0.14166384935379028;1.5627442598342896;-0.07313594222068787;-0.776364803314209;1.6254551410675049;1.6162419319152832;-0.16782887279987335;0.15424823760986328;1.0497114658355713;0.34382691979408264;1.0732777118682861;-11.389923095703125;-2.6048197746276855;3.6320183277130127;-1.575139045715332;0.9451580047607422;1.6556291580200195;-0.3659469783306122;1.050766944885254;0.12899281084537506;-0.029577776789665222;-0.3440195620059967;0.07149383425712585;-0.10371941328048706;-1.0454466342926025;0.30155280232429504;-0.0994546115398407;-0.7360966205596924;0.4561361074447632;-0.076199010014534;0.1252083033323288
libro/libro_camilorosa_h_chile.mp3;-267.4640197753906;108.97767639160156;3.5291786193847656;57.69260787963867;11.146642684936523;-10.303791999816895;13.691890716552734;-19.050893783569336;-25.101621627807617;-13.783539772033691;-18.99620819091797;-6.03977632522583;-10.947916984558105;-8.405932426452637;-8.041418075561523;-3.237034320831299;-4.347356796264648;2.4686784744262695;-19.561391830444336;2.9918925762176514;0.17521053552627563;2.1870718002319336;-0.2028651088476181;-5.38510799407959;-0.21170252561569214;2.8072354793548584;-0.15435320138931274;0.7474820613861084;-0.19033238291740417;-0.6509073972702026;2.277604818344116;1.2030892372131348;0.3453189432621002;-0.8540070652961731;2.273528814315796;1.0332865715026855;-2.0252583026885986;2.0001251697540283;0.4297683537006378;-1.7523059844970703;-10.651373863220215;0.03457037732005119;1.1172969341278076;-1.1817208528518677;-0.30622291564941406;0.5986233353614807;0.17892293632030487;-0.24458366632461548;0.6626994013786316;-0.03536330908536911;-0.44581106305122375;-0.2270425707101822;0.9482517242431641;0.09315153956413269;-0.7233482599258423;-0.023683853447437286;0.7788904905319214;-0.84288090467453;0.2722158432006836;0.277200311422348
libro/libro_Dakes_h_esp.mp3;-197.786865234375;131.6163330078125;23.51340103149414;60.46270751953125;4.305865287780762;1.2825500965118408;-3.8906373977661133;-12.284278869628906;-8.810976028442383;-2.791346788406372;-11.015375137329102;-13.441978454589844;-2.15008282661438;2.920279026031494;-10.86004638671875;-5.864597320556641;-1.0602514743804932;6.309194564819336;-12.309608459472656;2.77742075920105;-3.0772480964660645;5.774076461791992;-1.2906125783920288;-7.340142726898193;-1.0320346355438232;2.7955405712127686;-1.4553773403167725;1.05878746509552;-1.5300302505493164;2.7979860305786133;1.21274995803833;0.8189505338668823;1.5657520294189453;-0.2983973026275635;2.20219087600708;-0.5389586687088013;0.2057892233133316;-0.65227210521698;-0.13645842671394348;-0.2590557634830475;-8.166048049926758;0.3314470648765564;1.2638829946517944;-0.6908214092254639;-0.4769933819770813;1.1863527297973633;1.0082275867462158;-0.6254791617393494;0.8534234762191772;-0.33559662103652954;0.01586826890707016;-0.13203167915344238;0.556039571762085;-0.3763929605484009;0.0946890190243721;-0.400993674993515;0.6004815101623535;-0.9486218094825745;0.17440544068813324;0.10228747874498367
libro/libro_DonQuijote_h_Mex.mp3;-246.89215087890625;145.46685791015625;-0.10736913979053497;37.79983139038086;1.087011694908142;-9.38039779663086;14.458671569824219;-18.40948486328125;-11.697920799255371;-11.740297317504883;-2.2785634994506836;7.926655292510986;-15.222336769104004;13.337176322937012;-14.424646377563477;10.631424903869629;-15.664518356323242;-1.0377026796340942;-2.9430065155029297;-6.260682582855225;-7.830210208892822;4.755483627319336;0.35870361328125;-6.480678081512451;-1.8761286735534668;2.280449390411377;2.2310760021209717;2.129880666732788;0.7885638475418091;1.2440916299819946;0.03710068017244339;0.6506569981575012;3.715451955795288;-0.9320557713508606;0.33448097109794617;0.4073972702026367;-0.8274773955345154;0.9197924137115479;-0.4084823727607727;0.28182244300842285;-12.75167465209961;0.6206642389297485;1.7749104499816895;-0.5723148584365845;1.8006566762924194;1.8990511894226074;-0.1428016722202301;0.29711827635765076;-0.39183151721954346;1.4312851428985596;0.11754848808050156;-0.3638632297515869;0.45625030994415283;-0.400046706199646;1.6469658613204956;-0.19762086868286133;0.44593295454978943;-0.12921206653118134;0.041825298219919205;-0.09539639949798584
libro/libro_estexu_h_esp.mp3;-312.31622314453125;107.41645812988281;-15.78882884979248;80.20838928222656;-5.100960731506348;-21.00732421875;6.49530029296875;-19.046470642089844;-25.3018741607666;-16.321500778198242;-20.39089012145996;-11.66524887084961;-29.812591552734375;-9.220706939697266;-10.012063026428223;4.855237007141113;-2.0822887420654297;-10.503607749938965;-6.199430465698242;-3.5178937911987305;2.8623952865600586;6.0449910163879395;-3.729142904281616;-3.9344558715820312;-1.7577053308486938;-0.4049665927886963;-0.5921142101287842;1.2535139322280884;-0.48983776569366455;-2.3749678134918213;1.0879896879196167;3.269541025161743;0.08087049424648285;-0.8112788200378418;1.0757417678833008;1.0549139976501465;-0.0551254004240036;-0.09508072584867477;0.19996137917041779;0.3689202666282654;-7.023200035095215;0.3427995443344116;1.0181654691696167;-1.019583821296692;-1.6291977167129517;0.18233312666416168;1.0580710172653198;-0.4968843460083008;0.10628753155469894;0.506963849067688;-0.4651981592178345;-0.7753452658653259;0.03678438439965248;0.7315843105316162;-0.05536467581987381;-1.3029484748840332;0.30047446489334106;0.19978928565979004;-0.2329523265361786;-0.2554229497909546
libro/libro_loquim_h_arg.mp3;-257.85894775390625;130.1372833251953;1.377774715423584;60.744667053222656;7.001941204071045;-17.42754554748535;-19.489015579223633;-22.770299911499023;-20.72954750061035;-17.431625366210938;-23.6778507232666;17.074047088623047;-2.275599479675293;6.69896936416626;-1.6976511478424072;-12.984335899353027;5.439745903015137;6.127638339996338;-20.027870178222656;-2.1601638793945312;2.6901845932006836;4.368320465087891;-2.0425422191619873;-5.561842441558838;-2.185363531112671;0.62774258852005;2.3072855472564697;1.1766754388809204;-1.8012787103652954;-0.29528677463531494;2.4592418670654297;1.389931321144104;0.7244020700454712;-0.802971363067627;-0.09669175744056702;0.27883380651474;-0.8952834606170654;-0.10878685861825943;-0.39571696519851685;-1.3138805627822876;-14.375340461730957;0.2930087447166443;2.3931891918182373;-1.267603874206543;0.9137774109840393;1.5451833009719849;0.2704426646232605;-0.15363363921642303;0.37944483757019043;-0.3035929203033447;0.6076561212539673;-0.7294380068778992;0.43504753708839417;-0.001906388089992106;-0.6473037004470825;-0.2135343998670578;0.35103461146354675;0.2761176824569702;0.0574275441467762;-0.26167532801628113
libro/libro_mith_h_esp.mp3;-239.63583374023438;116.3220443725586;0.34239500761032104;49.28388977050781;4.067399024963379;-14.726158142089844;11.990118026733398;-9.234427452087402;-36.73204803466797;11.883895874023438;-19.734542846679688;5.590828895568848;-3.2105655670166016;-13.518280029296875;6.125353813171387;-3.1532986164093018;-10.839510917663574;-2.4596056938171387;-8.907370567321777;0.8544524312019348;-3.468728542327881;2.944833755493164;-1.7317701578140259;-4.079868316650391;0.9278090596199036;1.7161681652069092;1.0982450246810913;-0.7532298564910889;-0.6590911149978638;1.6232398748397827;3.35154390335083;0.7886539101600647;0.7842360734939575;1.3230584859848022;-0.32785069942474365;-1.6182371377944946;0.11259870231151581;0.7015625238418579;-1.4165360927581787;-0.6081908345222473;-10.911279678344727;-1.7454240322113037;2.4784340858459473;0.42216387391090393;0.6442462205886841;1.3469167947769165;0.2542797923088074;0.35593849420547485;1.1171414852142334;-0.6709376573562622;0.3455333113670349;0.44539445638656616;0.7764989733695984;-0.2681909501552582;-0.39382660388946533;-0.019076619297266006;0.11578377336263657;-0.180259108543396;0.6854538917541504;-0.08353312313556671
libro/libro_tenpao_h_esp.mp3;-272.1130065917969;134.7172393798828;2.0057566165924072;72.56819152832031;35.03778076171875;-6.33486795425415;6.6590423583984375;-23.50803565979004;3.3152995109558105;-13.76203441619873;-3.084730863571167;2.8539881706237793;-8.349475860595703;3.7868356704711914;-1.588309407234192;4.572749137878418;3.013643264770508;0.052994586527347565;-1.1337785720825195;0.2780555784702301;-3.749255657196045;5.049616813659668;1.678201675415039;-8.433052062988281;-1.9223053455352783;1.0353423357009888;-0.02956020087003708;2.5064570903778076;-1.042251467704773;-0.3972816467285156;3.0396854877471924;0.7162742018699646;1.0188251733779907;-0.0661565288901329;1.5741204023361206;0.099910669028759;-0.39896559715270996;1.3309556245803833;0.43597131967544556;-0.5968986749649048;-12.165894508361816;0.6296743750572205;2.7702136039733887;-0.5134674906730652;-0.6531329154968262;2.4348647594451904;0.5437664985656738;0.7998143434524536;-0.21595227718353271;0.741910457611084;-0.5576584935188293;-0.36320608854293823;0.6425184607505798;-0.5265796780586243;0.2049369364976883;-0.699325680732727;0.11971364170312881;0.4251781404018402;-0.5924152731895447;-0.16611620783805847
libro/libro_yelkoastur_h_esp.mp3;-297.4612731933594;100.3004150390625;2.207531690597534;75.42444610595703;-8.415387153625488;-13.924592971801758;-22.644445419311523;-32.79465103149414;2.261220693588257;-26.500438690185547;-3.969883680343628;-13.651310920715332;-15.902976036071777;8.250006675720215;-6.8599748611450195;-7.469395637512207;-9.340484619140625;-11.863564491271973;-13.993682861328125;-1.4548107385635376;-4.028432369232178;8.217113494873047;-0.5117369890213013;-8.130475997924805;-1.4505419731140137;2.884643077850342;0.46251314878463745;2.137727975845337;-1.2518588304519653;1.090800166130066;3.3271541595458984;1.4895830154418945;1.4485760927200317;0.38229188323020935;1.9879850149154663;-0.9019322395324707;-0.3260226845741272;1.020050287246704;-1.0221117734909058;0.039202552288770676;-10.397870063781738;2.1569056510925293;0.8185901641845703;-1.6469560861587524;0.8978195190429688;1.7222954034805298;1.1803959608078003;0.17284949123859406;-0.26660868525505066;0.12291087955236435;-0.8264386653900146;0.6561980247497559;0.8788448572158813;-0.6496341228485107;-0.6027190089225769;-0.2415218949317932;0.013862105086445808;-0.2770002782344818;0.40414664149284363;0.4338128864765167
mosca/mosca_alter_h_ven.mp3;-277.4083251953125;195.12814331054688;-13.30746841430664;1.1708784103393555;9.33543872833252;11.780305862426758;-15.762564659118652;-0.6217522621154785;2.9692680835723877;-12.39799690246582;-3.9418914318084717;4.463213920593262;-7.077274322509766;3.5833277702331543;5.371520042419434;-1.786789894104004;-7.131042957305908;-3.5565433502197266;-5.394712448120117;-10.596497535705566;-3.398159980773926;-0.5945919156074524;-3.398698568344116;-0.988177478313446;2.230769395828247;2.6857995986938477;-3.6201677322387695;-1.1931090354919434;2.997903823852539;1.4694623947143555;1.6492552757263184;1.2822071313858032;1.3368710279464722;0.05126518756151199;1.0291836261749268;0.4207305908203125;-0.8846696019172668;-0.3390900194644928;0.9780572056770325;-0.6790351867675781;-9.85359001159668;-2.804058313369751;-0.622018039226532;0.9596543312072754;2.717233896255493;1.6424976587295532;2.1780965328216553;0.7406660318374634;-0.5208485126495361;-0.39914262294769287;0.5787126421928406;0.17801299691200256;-0.2395452857017517;-0.41740185022354126;0.28811129927635193;-0.010670395568013191;-0.005118068307638168;0.01852707378566265;-0.10389706492424011;-0.08643137663602829
mosca/mosca_brujacarter_m_esp.mp3;-251.61038208007812;140.5142822265625;-57.08038330078125;17.423830032348633;-32.015602111816406;19.38515281677246;-13.99764633178711;-14.087291717529297;-10.166529655456543;-20.420259475708008;2.6044178009033203;-15.697948455810547;-5.581918239593506;-7.727209091186523;-7.640491962432861;-8.161870002746582;-9.1703519821167;-3.777536153793335;-9.147960662841797;-0.4783058166503906;-2.80121111869812;-0.5444824695587158;-2.428722858428955;-2.8607606887817383;1.608136534690857;0.33814340829849243;0.575154721736908;2.1735727787017822;1.1497838497161865;1.6917022466659546;1.5825451612472534;0.5847052931785583;0.19135724008083344;-0.0982302874326706;-0.5367662310600281;0.9531967639923096;1.2180876731872559;-1.1764488220214844;1.4148943424224854;0.6881689429283142;-13.470690727233887;-2.4252421855926514;3.789644956588745;-0.6395125985145569;1.5340479612350464;-0.07199931889772415;0.669798731803894;-0.17408053576946259;-0.05543123185634613;0.039281897246837616;-0.697717547416687;0.37632104754447937;0.5086677074432373;0.54503333568573;0.7006126046180725;0.7026060819625854;-0.2870847284793854;-0.11782985180616379;0.3669632375240326;-0.4755765199661255
mosca/mosca_camilorosa_chile_h.mp3;-245.2535400390625;89.09552001953125;5.871520042419434;12.427595138549805;-8.028596878051758;-2.289515256881714;0.5448808073997498;3.923517942428589;24.016307830810547;-11.517194747924805;-9.167187690734863;-2.9358813762664795;-13.874180793762207;5.044643402099609;-10.279475212097168;-2.8069677352905273;-5.2695770263671875;-10.458829879760742;-17.074527740478516;-3.9300696849823;4.087093353271484;-0.7963747382164001;-3.7893898487091064;-1.3656712770462036;2.7821402549743652;-1.0745657682418823;0.7123961448669434;0.26364484429359436;-0.46133431792259216;0.32597070932388306;1.2718653678894043;-0.14565175771713257;1.4600034952163696;0.8543053865432739;-0.7490826845169067;-0.3000726103782654;0.009188313968479633;0.6231806874275208;-0.7465091347694397;0.1479676365852356;-9.772249221801758;-2.2997281551361084;0.837610125541687;-0.9274086952209473;1.6738063097000122;1.9208513498306274;0.33634504675865173;1.1507638692855835;-0.6268104910850525;1.0312705039978027;0.12048628181219101;-0.7625543475151062;0.3040941655635834;-0.6369366645812988;0.4281267821788788;-0.3025480806827545;0.12372098863124847;-0.2567334771156311;0.5417314171791077;0.5820801854133606
mosca/mosca_diggeridoo_h_esp.mp3;-291.9656677246094;98.10208129882812;3.701575756072998;27.41762924194336;2.934004068374634;10.170675277709961;11.339472770690918;2.6061394214630127;16.16942596435547;8.855329513549805;-20.928211212158203;-6.9445390701293945;-6.185676097869873;0.272267609834671;-16.022624969482422;-27.368877410888672;-12.923609733581543;3.2081611156463623;-4.217198371887207;-1.686910629272461;13.262884140014648;3.195852756500244;-5.374759674072266;-4.610944747924805;-1.6570472717285156;-1.4935851097106934;-1.2135984897613525;-0.5835174322128296;0.7169838547706604;2.36320161819458;1.250920057296753;-0.385861337184906;-0.6485082507133484;-0.8701669573783875;0.2966151833534241;0.6837096214294434;-1.2199573516845703;-0.07371890544891357;0.5399940013885498;0.7149564027786255;-3.097546100616455;-0.6476181149482727;1.2157447338104248;-0.8248912692070007;0.5202013850212097;0.6461279392242432;0.19557969272136688;0.5521458387374878;-1.1104546785354614;-0.18570320308208466;0.6189916729927063;0.39970746636390686;0.14292392134666443;-0.7688668966293335;1.1071686744689941;0.7149242162704468;0.605252206325531;0.14018480479717255;0.13138453662395477;0.3365757465362549
mosca/mosca_febela_m_arg.mp3;-312.76055908203125;97.62691497802734;-20.32654571533203;1.0625526905059814;-42.86558151245117;4.563082218170166;-50.10538101196289;26.8065242767334;-29.590177536010742;-27.135074615478516;21.021272659301758;-32.69858932495117;-1.3428010940551758;-7.626491069793701;-10.49690055847168;-6.067954063415527;-15.30310344696045;6.151103973388672;-7.863078594207764;-10.398331642150879;10.630033493041992;-0.4290350079536438;-7.992819786071777;-4.810353755950928;-0.6577927470207214;1.870208740234375;-1.724775791168213;2.574660062789917;-0.600165605545044;-0.6679709553718567;3.1213676929473877;-2.136759042739868;-0.3972422778606415;0.7946182489395142;0.74781334400177;-0.12213419377803802;-0.11740144342184067;1.3699352741241455;-0.32838934659957886;0.46876680850982666;-11.39218521118164;-3.311843156814575;3.743596315383911;2.374199628829956;0.7927200794219971;1.188830018043518;0.8547701239585876;-1.7675421237945557;-0.12142612040042877;-0.27498939633369446;-1.3064626455307007;1.429991364479065;-1.4008897542953491;0.011721738614141941;1.4508603811264038;-0.6684372425079346;0.9147862195968628;-0.8186099529266357;0.3118074834346771;0.24537263810634613
mosca/mosca_ignasiperez_h_esp.mp3;-192.498779296875;105.87276458740234;-21.866092681884766;20.36163330078125;-8.41647720336914;-9.830636024475098;-15.094400405883789;-16.701400756835938;-14.008726119995117;8.119096755981445;-18.230579376220703;-4.71653938293457;-9.53609848022461;-17.142963409423828;-11.159320831298828;-6.159996032714844;-21.3843994140625;-4.604596138000488;-8.590188026428223;-4.318697452545166;2.444068193435669;-3.2437210083007812;-2.335043430328369;-1.1180567741394043;-1.0458695888519287;1.1083506345748901;0.7080719470977783;-0.28388524055480957;0.6555761098861694;1.3833481073379517;0.4261947572231293;-0.49388962984085083;1.3678443431854248;-0.23321683704853058;0.267822802066803;-0.20158293843269348;0.023569714277982712;0.09718455374240875;0.30494627356529236;-0.08891849219799042;-12.257749557495117;-3.829310655593872;3.5270111560821533;0.9803668856620789;2.2800357341766357;2.46559739112854;-0.35895171761512756;0.6010770797729492;0.5095075964927673;-0.6708171963691711;0.38130220770835876;-0.033679332584142685;-0.25188082456588745;-0.1326109915971756;-0.020238887518644333;-0.5703727602958679;0.6687762141227722;0.06335298717021942;0.24050796031951904;-0.05870731547474861
mosca/mosca_leooslos_h_arg.mp3;-317.6633605957031;177.64634704589844;-35.502071380615234;34.95590591430664;-22.44400978088379;6.699289321899414;22.399391174316406;-21.102508544921875;20.327287673950195;13.407130241394043;-6.958559513092041;-11.546915054321289;-5.831264019012451;13.809775352478027;-11.317732810974121;-22.749553680419922;-5.102895736694336;-9.405202865600586;-4.716292381286621;5.102746963500977;7.559369087219238;2.4186620712280273;-2.79178786277771;-1.365845799446106;-3.3188040256500244;-1.1685887575149536;0.3898269832134247;-0.7214411497116089;1.0994083881378174;1.6646932363510132;1.1332240104675293;0.5030742883682251;-0.4477974772453308;-1.045304536819458;0.3879212737083435;1.0470664501190186;-0.05147260054945946;0.30384793877601624;0.10624590516090393;-0.5816540122032166;-8.337916374206543;-2.2523651123046875;3.0932581424713135;-1.8010952472686768;0.3675259053707123;0.3711525797843933;-0.4392760694026947;0.8684359788894653;0.13445168733596802;0.12958969175815582;0.022876795381307602;0.3874850869178772;0.5605926513671875;-0.7807024717330933;0.08688504993915558;0.4898413419723511;-0.3141499161720276;0.16962726414203644;-0.1369790881872177;-0.46714815497398376
mosca/mosca_mayorcatorce_h_esp.mp3;-226.24208068847656;105.81854248046875;20.979324340820312;7.2495222091674805;-11.781425476074219;2.853663682937622;5.536891460418701;-8.861473083496094;8.658251762390137;5.639739513397217;-0.6768504977226257;12.428556442260742;-11.383288383483887;6.395461559295654;-4.937359809875488;-1.0201129913330078;-6.428913593292236;5.41174840927124;-0.7807467579841614;0.9590329527854919;-4.932632923126221;1.3434385061264038;-4.189102649688721;-4.205574989318848;3.578970193862915;1.6201831102371216;-0.6983355283737183;1.1226003170013428;-0.7316589951515198;1.6734097003936768;2.802311420440674;0.2552964389324188;0.43874621391296387;-0.4277940094470978;0.7276082038879395;0.26178956031799316;1.0005359649658203;0.33103257417678833;0.2650294303894043;0.2498069405555725;-12.39224910736084;-2.5329065322875977;-0.8860678672790527;0.263296902179718;1.4035263061523438;2.099198818206787;0.2206590473651886;0.6676716804504395;0.40888237953186035;-0.009176569990813732;-0.7167879939079285;-0.33855271339416504;-0.19608163833618164;-0.2447197586297989;0.15516550838947296;0.5431165099143982;0.7770735025405884;1.0573393106460571;0.11407861858606339;0.16715234518051147
mosca/mosca_miniwini_m_esp.mp3;-332.5279846191406;61.43500518798828;-27.04688262939453;-40.09577941894531;-3.0803115367889404;14.30749797821045;-11.361254692077637;-25.82132911682129;-18.72553253173828;3.525622844696045;-21.62200927734375;-39.99916076660156;19.80223846435547;-11.34189510345459;-16.31747055053711;4.330200672149658;-6.7983856201171875;-14.396267890930176;-5.5873332023620605;-15.107453346252441;-7.29750919342041;-7.374792575836182;-7.514435768127441;-6.602155685424805;3.9016029834747314;-0.11977218091487885;-2.940070629119873;-3.409817934036255;1.4573419094085693;2.8459632396698;-0.7547835111618042;1.6954787969589233;1.343125581741333;2.476039409637451;2.2317936420440674;2.0976674556732178;1.8796647787094116;1.1977213621139526;1.273324728012085;1.828451156616211;-15.070221900939941;-0.6313854455947876;0.7196220755577087;3.0393381118774414;1.3579216003417969;-0.23894920945167542;1.3551939725875854;0.724191427230835;0.7628406286239624;-0.10146471858024597;-0.28027811646461487;1.0086051225662231;-2.0913960933685303;0.43638038635253906;0.04099591448903084;-0.18876272439956665;0.3262915313243866;0.974396288394928;-0.38975778222084045;0.6440359950065613
mosca/mosca_silvina_m_arg.mp3;-302.99432373046875;86.96997833251953;-7.826970100402832;-32.422157287597656;-39.677711486816406;10.172255516052246;-22.32900619506836;-6.960324287414551;-1.8138132095336914;-13.061517715454102;-1.6346242427825928;4.418919563293457;-2.5849642753601074;-12.993189811706543;8.51775074005127;-18.770803451538086;-7.989256381988525;-3.112724542617798;2.875859260559082;-1.281064748764038;5.7817888259887695;-2.3862884044647217;-3.159942150115967;-2.8257179260253906;0.4638613760471344;-0.17856526374816895;-0.6764798164367676;-0.043134383857250214;3.18615984916687;1.1603648662567139;-3.4421658515930176;1.807785987854004;-0.809101402759552;0.8056280016899109;-0.3368202745914459;-0.017433244735002518;0.8713760375976562;-1.07427179813385;0.2791415750980377;0.5447362661361694;-14.019418716430664;0.6536626815795898;2.2523632049560547;-0.9544383883476257;1.616746187210083;0.16827528178691864;1.4235429763793945;0.42285656929016113;0.732819676399231;-0.2180705964565277;0.14160597324371338;0.02358836494386196;-0.6636802554130554;1.3729734420776367;-0.4230365753173828;1.3304951190948486;-0.24873927235603333;0.26727181673049927;-0.35255616903305054;0.04780564457178116
negro/negro_brujacarter_m_esp.mp3;-262.3560791015625;128.0159149169922;-56.49517822265625;51.051025390625;-28.171279907226562;-15.264688491821289;-28.74619483947754;-28.23054313659668;-7.850389003753662;-12.354352951049805;3.2206404209136963;-14.160008430480957;-11.913430213928223;-5.660498142242432;-13.179733276367188;-11.518447875976562;-12.106005668640137;-7.844228267669678;-7.550065517425537;7.348591327667236;-2.8121795654296875;4.381852149963379;-2.385441303253174;-6.104185581207275;-0.11867761611938477;1.263291597366333;0.03561244532465935;-0.6069108247756958;0.8077225089073181;1.083736538887024;0.26186949014663696;-0.47626426815986633;1.0538352727890015;1.1013450622558594;0.723404586315155;-0.020099345594644547;0.6070504784584045;1.1388152837753296;-0.3236508369445801;-0.25067800283432007;-16.27298927307129;0.8211787343025208;5.103832244873047;-1.849994421005249;2.020723819732666;-0.4512638747692108;1.2651945352554321;0.15120400488376617;-0.9731701612472534;0.5988718271255493;-0.9182367920875549;-0.710293710231781;0.006892246659845114;0.2177594006061554;0.0009349669562652707;-0.05763575807213783;0.1456259936094284;-0.24134555459022522;0.6020225286483765;-0.06656015664339066
negro/negro_bydopu_h_fra.mp3;-171.8496856689453;89.2791748046875;-28.658870697021484;71.78046417236328;-21.212871551513672;-33.48542022705078;-8.329108238220215;-31.255970001220703;-8.89297103881836;-3.0923407077789307;-0.3747728765010834;-4.607778072357178;-4.97452974319458;-10.370272636413574;-6.582000255584717;-2.7997372150421143;-2.9450721740722656;-14.872212409973145;-9.001969337463379;-7.03463888168335;-9.424494743347168;5.362955570220947;-1.720154881477356;-6.265636444091797;-2.553727865219116;2.2336771488189697;3.384368419647217;-4.149759769439697;-0.2972348630428314;3.291261672973633;1.4996092319488525;0.3118596076965332;0.05176336690783501;0.2596126198768616;-1.0375341176986694;-0.0487697534263134;-1.0192797183990479;0.030237777158617973;0.21241840720176697;-1.0657838582992554;-8.241598129272461;2.194253444671631;-0.0625026747584343;-1.3958323001861572;-0.3784463107585907;0.6317791938781738;0.8491548299789429;-0.6934422254562378;-0.014878375455737114;0.5424913167953491;0.40335506200790405;0.3508022427558899;-0.597602903842926;-0.02022257074713707;-1.0269821882247925;0.13587433099746704;0.4138900935649872;-0.35491570830345154;-0.30387958884239197;0.7408352494239807
negro/negro_ignasibcn_h_esp.mp3;-266.8428039550781;127.57941436767578;-33.95619583129883;58.75529479980469;1.9864726066589355;-34.14495849609375;5.48445987701416;-34.8677864074707;-15.95179271697998;-15.58112907409668;-17.180309295654297;6.706547260284424;-5.101637363433838;-10.562469482421875;-0.4646463394165039;-11.859204292297363;-17.700359344482422;-0.7686532139778137;-18.96772003173828;-0.6375654935836792;6.018949508666992;2.0145316123962402;-4.307372093200684;-2.8297643661499023;-4.645219326019287;-0.5829042792320251;1.4554132223129272;-0.7586644291877747;0.4122968316078186;-0.23030029237270355;-0.6364160776138306;2.445998191833496;0.4590555429458618;0.3334702253341675;1.0804661512374878;-0.527610719203949;0.432802677154541;0.23041889071464539;-0.8921908140182495;-0.14330172538757324;-8.960100173950195;-0.3816989064216614;2.94559383392334;-0.4662339985370636;0.4615083932876587;1.4278531074523926;-0.4389397203922272;1.6128554344177246;1.140697956085205;0.27779993414878845;-0.2460024654865265;-0.6527043581008911;-0.43758490681648254;0.5154945850372314;-0.46438801288604736;0.09156648069620132;-0.16703851521015167;0.20542758703231812;-0.1659557819366455;0.5573694109916687
negro/negro_nodoubt9203_h_eeuu.mp3;-262.837646484375;93.00170135498047;-14.96165943145752;61.238487243652344;-7.979236125946045;-8.068568229675293;-2.3835811614990234;-4.995617866516113;-6.599918842315674;-6.121829032897949;1.3378490209579468;-14.109771728515625;6.883468151092529;7.107004165649414;-12.352335929870605;7.118204593658447;-3.6444613933563232;-1.9197096824645996;-2.9853765964508057;-7.07180643081665;-9.031933784484863;4.902516841888428;1.188864827156067;-6.846246719360352;-2.493795871734619;1.5754358768463135;4.582776069641113;-1.6582235097885132;-0.20020133256912231;1.1306159496307373;0.041524022817611694;0.061101846396923065;0.9923781752586365;0.6483166217803955;0.12012416124343872;0.055773042142391205;-1.414630651473999;1.2336719036102295;-1.31368887424469;-0.4795985519886017;-14.633254051208496;1.4230104684829712;2.5466625690460205;-0.4767575263977051;0.7448163032531738;0.5060964226722717;0.9578443765640259;0.6699480414390564;1.5014855861663818;-0.6716156005859375;-0.9325997233390808;-0.49326640367507935;0.7075595855712891;0.4352647066116333;-0.6612846851348877;0.46354731917381287;0.21676316857337952;0.515605628490448;-0.3498160243034363;-0.1552090346813202
negro/negro_odin35_h_mex.mp3;-286.6464538574219;107.78682708740234;24.662860870361328;56.453643798828125;13.838064193725586;-7.169910430908203;-0.9692420959472656;-0.7065186500549316;-3.4657516479492188;-6.599106788635254;-0.7058384418487549;-5.9497904777526855;0.01574873924255371;1.977293610572815;-9.572004318237305;-10.598201751708984;-5.8502278327941895;-5.9171648025512695;-11.979621887207031;-8.957120895385742;-9.854216575622559;4.387125492095947;-4.384487628936768;-2.5993881225585938;-1.783943772315979;1.1171644926071167;3.821043014526367;-0.7051455974578857;0.08758853375911713;1.3384130001068115;0.10814350843429565;1.5711978673934937;0.5042213797569275;-0.15254811942577362;1.2574231624603271;0.913977861404419;-0.8933247327804565;0.05768805742263794;-0.1572280079126358;-0.5985771417617798;-15.240339279174805;-4.038821220397949;2.7300195693969727;-0.5838081240653992;0.10237465798854828;1.2338051795959473;0.8257308602333069;0.997239351272583;0.260675311088562;0.7381139993667603;-0.27587199211120605;-0.8974547386169434;1.0809451341629028;-0.13403552770614624;-0.6077861785888672;-0.07742170989513397;-0.2107636034488678;-0.189027801156044;0.2439168393611908;-0.4427393674850464
negro/negro_teknad_h_esp.mp3;-295.5033264160156;131.33946228027344;-6.611740589141846;65.19778442382812;6.715710639953613;-32.92831802368164;-16.3292179107666;-30.3536319732666;-11.42342472076416;-14.732831954956055;-6.632262229919434;2.144528388977051;-13.741203308105469;-5.1243085861206055;5.374463081359863;-4.187901496887207;-9.951959609985352;-8.063573837280273;-8.683675765991211;1.0085303783416748;-2.5189712047576904;0.659429669380188;-0.45004957914352417;-2.6344122886657715;-1.727851390838623;1.352849006652832;1.255691647529602;-0.22724300622940063;0.7095222473144531;-0.1546071618795395;-0.3205268383026123;2.1009950637817383;-0.24271097779273987;0.26715320348739624;0.9136618375778198;1.1902413368225098;-0.41677719354629517;2.0367977619171143;0.5737814903259277;-0.0943470448255539;-8.356208801269531;1.11786949634552;2.252413749694824;-1.8057599067687988;-0.673949658870697;0.559144139289856;2.172516345977783;0.881640613079071;-0.8368533849716187;0.5158737897872925;0.6571738719940186;0.14531660079956055;-0.30303385853767395;0.09473598003387451;-0.1929137110710144;-0.4552338123321533;0.3592371344566345;0.46564772725105286;0.492994487285614;-0.51142418384552
negro/negro_victorino_h_col.mp3;-303.0721130371094;115.71495056152344;35.96270751953125;36.42399978637695;22.161479949951172;-28.66306495666504;-16.043676376342773;-4.588930606842041;-5.853452205657959;-18.62070655822754;2.968743085861206;0.342744380235672;-11.534364700317383;-0.1794380396604538;-16.449386596679688;5.378320217132568;-17.133102416992188;-1.2661715745925903;-3.9962379932403564;8.83370304107666;-1.0527825355529785;2.3675918579101562;-0.18548628687858582;-2.992691993713379;-3.0576858520507812;1.9335830211639404;1.4449316263198853;1.3623937368392944;1.215785026550293;-1.0759594440460205;0.2835642993450165;1.2107220888137817;0.31193479895591736;1.1609104871749878;2.728189468383789;-0.24054400622844696;-0.7661949992179871;0.5304903388023376;-0.6362946033477783;-0.08500654250383377;-7.792501449584961;-0.4669473171234131;-0.0025346677284687757;0.15203478932380676;1.2875803709030151;0.041319943964481354;0.011184561997652054;-0.6704259514808655;-0.5371128916740417;0.7452327609062195;-0.20138198137283325;-0.20320896804332733;0.3659715950489044;0.3564068377017975;-0.07101015001535416;-1.148675560951233;0.8478712439537048;-0.141085684299469;0.22530224919319153;-0.6768586039543152
nin╠âo/nin╠âo_cancion35127_h_eeuu.mp3;-254.28298950195312;118.91831970214844;67.2652587890625;58.349613189697266;-0.33309563994407654;6.089991092681885;3.1602632999420166;-0.12263347953557968;-17.126100540161133;0.4600335955619812;18.341594696044922;-19.308773040771484;-3.4407832622528076;-6.657223224639893;-9.50229549407959;-6.843775272369385;-6.762515544891357;-6.9584059715271;-9.481643676757812;6.1657328605651855;5.463263988494873;-1.4096252918243408;-2.3782429695129395;-4.675978183746338;-2.439786911010742;0.7920928001403809;1.6540802717208862;0.8913913369178772;1.4218590259552002;0.048041366040706635;-0.5698848962783813;0.8164399266242981;0.558754563331604;1.0586519241333008;1.2700538635253906;-1.3497302532196045;0.5948380827903748;0.49453556537628174;-1.4464471340179443;0.5681813955307007;-5.145016193389893;-0.7298085689544678;1.2763012647628784;-0.21725128591060638;-0.4982137382030487;0.05181542783975601;0.909030020236969;-0.3044703006744385;0.8445239663124084;-0.648662269115448;-0.8107897639274597;0.3038749694824219;-0.5059711337089539;0.21873065829277039;-0.19573748111724854;-0.5829572081565857;0.15469279885292053;-0.22692929208278656;-0.02113543450832367;0.016493571922183037
nin╠âo/nin╠âo_cteve04_h_col.mp3;-330.38153076171875;120.0959243774414;15.449348449707031;79.9993667602539;-19.81330108642578;3.7910618782043457;-18.084997177124023;25.154279708862305;-16.409313201904297;-22.709575653076172;9.11864948272705;-15.808252334594727;5.2002668380737305;-7.147188663482666;-1.675988793373108;-20.77347755432129;-5.2702178955078125;-0.6364444494247437;-11.86008071899414;0.36059707403182983;-0.8466932773590088;2.677842855453491;-1.324772596359253;-5.450316429138184;-1.0158791542053223;1.2638274431228638;-0.16731037199497223;0.5810600519180298;1.89889657497406;2.6627776622772217;-0.2553490698337555;0.5636943578720093;0.9519482851028442;-0.9653694033622742;0.5420355796813965;1.786804437637329;0.5965383052825928;-0.06517869234085083;-0.01923959329724312;0.17754754424095154;-18.856494903564453;-1.0120155811309814;3.854901075363159;-1.4447506666183472;4.359500885009766;-1.2142677307128906;1.2716569900512695;0.10903390496969223;0.32867348194122314;0.491225004196167;0.009668455459177494;-0.15519744157791138;-1.4245749711990356;1.3524340391159058;-1.3292776346206665;-0.24204044044017792;0.3804618716239929;0.5491098761558533;0.27094975113868713;-0.6754184365272522
nin╠âo/nin╠âo_fjglez_h_esp.mp3;-407.15106201171875;64.22601318359375;38.43119812011719;148.8361358642578;18.344139099121094;4.153654098510742;21.3916015625;-12.482593536376953;-5.69647216796875;-9.964315414428711;0.8502132892608643;-13.174205780029297;-22.94216537475586;0.8504102230072021;-9.82238483428955;-10.99669361114502;-12.823209762573242;5.641580581665039;-15.230562210083008;-0.4629615247249603;12.160383224487305;-2.024338722229004;-6.920831680297852;0.9646069407463074;-1.6558789014816284;-2.173179864883423;-3.508997678756714;-2.12233829498291;2.9968998432159424;4.513509750366211;2.165637493133545;1.0529743432998657;1.5555684566497803;-0.8188527822494507;-0.44915083050727844;-0.2900409698486328;-2.318915367126465;0.628494143486023;-0.9525678157806396;1.649364709854126;-8.358598709106445;4.754045009613037;1.1727192401885986;-8.576850891113281;0.9805768132209778;2.051254987716675;-0.29959636926651;-0.6107193827629089;-0.3184887170791626;1.4719243049621582;-0.40411102771759033;-0.2381405234336853;-0.3874264359474182;-1.1729800701141357;-0.0884120762348175;-1.308097243309021;1.1371402740478516;-0.6986488699913025;0.3583565056324005;-0.1597752869129181
nin╠âo/nin╠âo_laurasanchez22_m_esp.mp3;-332.6954650878906;49.25288391113281;-7.912644863128662;21.154277801513672;-27.932222366333008;8.03248405456543;-4.195584774017334;3.729370594024658;-1.8737678527832031;-0.5015991926193237;-5.355288982391357;2.6695830821990967;-5.657568454742432;-6.478921413421631;-10.005302429199219;0.29877060651779175;-4.357398509979248;1.622514247894287;-8.364428520202637;3.2420146465301514;-8.319382667541504;-1.89960777759552;0.8071234822273254;-0.17150168120861053;1.2979778051376343;0.806658923625946;1.1408523321151733;0.3671760559082031;1.3077235221862793;0.6969688534736633;0.9163215756416321;0.39270421862602234;0.5396259427070618;0.594910740852356;0.739334762096405;0.6340463161468506;0.340746134519577;0.23552286624908447;0.6544330716133118;0.582726001739502;-1.259486198425293;0.5697760581970215;0.4106729030609131;-0.1583898961544037;0.9246971607208252;0.11589095741510391;0.15728859603405;-0.01798430271446705;-0.017521625384688377;0.06161588802933693;-0.059310510754585266;0.15756240487098694;-0.22612281143665314;0.10925402492284775;0.0986132100224495;0.07353656738996506;0.2454795390367508;-0.2130873054265976;0.38529476523399353;0.16487646102905273
nin╠âo/nin╠âo_mith_h_esp.mp3;-276.41754150390625;104.79031372070312;12.788392066955566;53.758460998535156;-0.3022465407848358;-16.296716690063477;25.154634475708008;-4.467570781707764;-22.448225021362305;10.59969711303711;-18.809202194213867;-7.0251145362854;-8.522258758544922;-20.082242965698242;4.463119029998779;0.15758748352527618;-3.26397705078125;-1.8115341663360596;-12.624651908874512;4.992700099945068;-1.7369892597198486;-1.0172184705734253;1.0393452644348145;-1.518686294555664;1.280587077140808;1.693077564239502;-0.37287643551826477;-1.4356296062469482;0.6584855914115906;1.813976764678955;0.6654752492904663;0.3060344457626343;1.3380030393600464;1.1176466941833496;0.19864784181118011;-0.5747983455657959;-0.16507862508296967;0.05701116472482681;-0.47689664363861084;0.24193841218948364;-9.10610580444336;0.21840901672840118;1.8768938779830933;-0.864961564540863;0.9796779155731201;1.014854907989502;-0.7057400345802307;0.6169746518135071;0.9423394799232483;-0.8913260102272034;0.7299438118934631;-0.5973987579345703;-0.3784424662590027;0.02370944805443287;-0.7818053960800171;0.03669793903827667;0.030934035778045654;0.0378529392182827;0.45530903339385986;-0.09424977749586105
nin╠âo/nin╠âo_momislo_h_esp.mp3;-283.38751220703125;100.91985321044922;17.354398727416992;49.74799728393555;-15.121023178100586;-5.229572772979736;26.69927978515625;-15.334248542785645;-3.9906647205352783;-0.23843593895435333;-9.472126007080078;0.49893227219581604;-10.825701713562012;-0.7862002849578857;-15.59623908996582;0.3005104660987854;-10.0138578414917;-7.7403106689453125;-12.706108093261719;0.17303510010242462;0.6744464635848999;2.708400249481201;-2.0662169456481934;-4.982966899871826;-1.4201672077178955;1.4749644994735718;1.2356816530227661;-0.49962717294692993;1.5140833854675293;1.736337661743164;0.405676931142807;0.1388227939605713;1.7521123886108398;-1.5163724422454834;0.7359926104545593;-0.3123413026332855;-0.9619928598403931;1.1069562435150146;-0.6123464107513428;0.24243907630443573;-14.671220779418945;1.802351713180542;2.064103841781616;-0.9101592898368835;1.1651824712753296;1.9638944864273071;0.21304278075695038;0.9263831377029419;-0.6955677270889282;-0.3880798816680908;-0.008645331487059593;-0.10135090351104736;-0.1845533549785614;-0.6910074949264526;0.784441351890564;0.049931034445762634;0.0999104306101799;-0.07904455810785294;0.3435649275779724;-0.28381237387657166
nin╠âo/nin╠âo_pablo2012_h_arg.mp3;-258.5967712402344;111.49869537353516;30.285934448242188;51.2263298034668;-10.433443069458008;8.926807403564453;22.783946990966797;-3.864680767059326;0.25636154413223267;5.28738260269165;-15.065298080444336;-3.330625057220459;-6.80579137802124;-12.554634094238281;-5.996420860290527;-4.371533393859863;-5.042909622192383;1.3431185483932495;-12.621916770935059;1.3387219905853271;5.1814985275268555;3.715242862701416;-5.439454078674316;-4.067981719970703;-1.940744400024414;1.3972735404968262;-1.1820732355117798;0.40237873792648315;1.1906721591949463;1.3993279933929443;0.3115811049938202;0.675210177898407;-0.46344050765037537;-0.8675246238708496;0.7197784185409546;-0.24045780301094055;0.32225507497787476;-0.47658324241638184;-0.7421354055404663;0.5986136794090271;-11.164105415344238;1.7989037036895752;1.2508184909820557;-1.585982084274292;0.9650647044181824;0.6339909434318542;0.2922993302345276;0.49948984384536743;-0.2732425630092621;-0.6043630242347717;0.5233585834503174;0.22994807362556458;0.18510672450065613;-0.06847933679819107;0.29261210560798645;0.03759036213159561;0.011256054043769836;0.10922382026910782;0.4348486065864563;-0.3772273063659668
nin╠âo/nin╠âo_tica_m_CR.mp3;-382.0168762207031;76.0901107788086;22.873332977294922;39.0269775390625;-9.555180549621582;14.0806303024292;-2.3176822662353516;-17.277286529541016;-16.423870086669922;-16.967411041259766;-9.78819751739502;0.49477091431617737;2.909528970718384;-11.832670211791992;-5.20846700668335;-8.417320251464844;-0.9137402176856995;-3.4713711738586426;-5.071412563323975;-0.07585261017084122;0.4425356090068817;-2.0952064990997314;-1.628335952758789;-1.0497459173202515;-0.8006765246391296;1.0272507667541504;0.752827525138855;0.670731782913208;1.7556521892547607;1.1753336191177368;0.8633826375007629;0.282081663608551;0.7487161159515381;0.8318496346473694;0.9671429991722107;-0.05058556795120239;0.28960171341896057;0.6100057363510132;0.26634681224823;-0.04993537813425064;-0.4094437062740326;0.719948947429657;0.3830605447292328;0.16348904371261597;0.5502696633338928;0.12575297057628632;-0.2156333178281784;-0.2771490514278412;0.15935972332954407;0.09312689304351807;-0.139595165848732;-0.6507583856582642;-0.3427707552909851;0.06950866430997849;0.28637534379959106;-0.003568851388990879;-0.11309754848480225;-0.02413327433168888;0.03270488977432251;-0.18861466646194458
nin╠âo/nin╠âo_wichopv_h_mex.mp3;-362.8564453125;76.60594177246094;3.992738962173462;54.8472785949707;1.8219082355499268;-5.362508296966553;21.096574783325195;-5.020782947540283;9.121203422546387;-9.246679306030273;-1.8264111280441284;1.5251493453979492;8.026041984558105;-4.316783428192139;-2.0330071449279785;-6.231086254119873;5.7788214683532715;0.09293223172426224;-5.853299617767334;1.984742283821106;-8.990050315856934;0.9439156651496887;0.6033623814582825;-0.22657091915607452;-1.5062482357025146;-0.32257887721061707;1.345453143119812;1.3214222192764282;0.48529312014579773;-1.1255851984024048;-0.46346256136894226;0.9824104309082031;-0.32065093517303467;-0.2637021243572235;-0.17230330407619476;-0.5738651156425476;0.022360309958457947;-0.08180971443653107;0.211656391620636;0.43331634998321533;2.5454533100128174;-0.110365130007267;-0.3234146237373352;-0.03472736477851868;-0.29131171107292175;0.14416977763175964;0.08196499198675156;-0.2445565164089203;-0.07593759149312973;0.004441071301698685;-0.026829594746232033;-0.09004192054271698;-0.19116352498531342;-0.14666001498699188;-0.06034030765295029;-0.03669878840446472;-0.05300021171569824;-0.006710153538733721;-0.13143640756607056;-0.2881090044975281
Peine/peine_BrujaCarter_m_esp.mp3;-270.5195007324219;94.9765853881836;-51.525291442871094;88.95581817626953;-50.9623908996582;-15.069700241088867;-19.789867401123047;-4.374539852142334;-10.759875297546387;-21.883403778076172;14.863043785095215;-25.753753662109375;-8.225895881652832;-13.678492546081543;-3.160043954849243;-2.7092092037200928;-14.105116844177246;2.2017266750335693;-8.66546630859375;0.9224818348884583;-5.304938793182373;-0.5673925876617432;0.7624948620796204;-0.5076780915260315;0.5057224035263062;4.379401683807373;4.33234977722168;0.22465208172798157;-0.5207841396331787;0.664692759513855;0.12488889694213867;0.008364359848201275;-0.6042609810829163;-0.7023967504501343;-0.42013394832611084;-0.9727325439453125;-0.3902014493942261;1.463890790939331;1.505536437034607;-0.7809513807296753;-12.774666786193848;0.24744145572185516;2.3856489658355713;-2.842592477798462;4.0037736892700195;-0.5287114381790161;-0.04026412218809128;-0.13337571918964386;0.15051384270191193;-0.0005441904067993164;-1.0694196224212646;1.2334448099136353;-0.13332311809062958;0.5371116995811462;-0.5134534239768982;-0.3847038447856903;0.39327239990234375;-0.29979121685028076;0.3538505733013153;-0.3208884000778198
Peine/peine_harTsaRx_h_esp.mp3;-294.11578369140625;56.90816116333008;8.742412567138672;96.78313446044922;-3.87331223487854;-21.032997131347656;6.328890800476074;-14.162131309509277;1.3892264366149902;13.432023048400879;2.4797253608703613;10.016796112060547;-7.8073201179504395;-4.11144495010376;-11.138179779052734;-0.7504755258560181;-4.55234432220459;1.7787142992019653;-2.9120421409606934;-3.7213213443756104;-22.390357971191406;-9.318105697631836;4.2026472091674805;2.429180383682251;-1.2857469320297241;-3.8498177528381348;-0.05684293061494827;1.4656392335891724;-0.9712873101234436;-0.4813869297504425;0.2650257647037506;1.390731692314148;-2.3906304836273193;-5.001046180725098;-1.8232612609863281;-0.24442818760871887;-0.9555612206459045;2.091174364089966;0.17837701737880707;-1.855421543121338;-5.115488052368164;-1.7439382076263428;-3.4009413719177246;-4.802910804748535;2.15371036529541;0.7371124625205994;-0.5037893056869507;1.0991603136062622;-0.493466317653656;0.9752651453018188;-0.6712353825569153;-0.1990002691745758;0.6860177516937256;-1.1392642259597778;0.017183469608426094;0.7573426365852356;0.030340489000082016;-0.058541055768728256;0.44940054416656494;-0.5227959752082825
Peine/peine_urso170_h_arg.mp3;-210.0890655517578;121.0997543334961;-20.30585479736328;63.71701431274414;-30.598207473754883;-28.343393325805664;-14.286906242370605;-2.612989902496338;-18.029802322387695;-11.954681396484375;-4.832015037536621;-0.17767715454101562;-22.67243766784668;2.4492013454437256;-14.667326927185059;1.0045764446258545;-8.613389015197754;-4.157159328460693;-7.411574363708496;-12.35570240020752;-11.534884452819824;-1.2587735652923584;3.100630760192871;-1.9415546655654907;3.070833683013916;-0.3534061014652252;0.2668018937110901;3.2580881118774414;-0.5023259520530701;0.5424709320068359;-0.167826309800148;0.20317582786083221;-1.4128284454345703;-0.23215503990650177;-0.31315410137176514;-0.3640075623989105;0.43141889572143555;-0.5583302974700928;0.3952978849411011;-0.8133389949798584;-8.913207054138184;1.4680066108703613;0.30558905005455017;-3.2085766792297363;1.6539353132247925;-0.10182693600654602;-0.5573508143424988;0.3238011598587036;0.8676534295082092;0.009158516302704811;-0.25343048572540283;0.18986590206623077;0.49945563077926636;-0.49186432361602783;0.24269890785217285;-0.06259725242853165;0.16359038650989532;-0.4677993059158325;0.2894693911075592;0.2912021279335022
piedra/piedra_bmhawk_m_eeuu.mp3;-254.08924865722656;140.392822265625;-51.889644622802734;18.299835205078125;-5.0532331466674805;-29.0039005279541;-18.126611709594727;-22.48388671875;-8.60375690460205;-16.024417877197266;1.965179204940796;-27.937904357910156;-13.352298736572266;7.664523601531982;-12.240330696105957;-9.702447891235352;-6.7548089027404785;1.9360946416854858;-15.469204902648926;-2.459256172180176;-2.5539863109588623;2.6744353771209717;-4.04017972946167;-6.953916072845459;1.9829072952270508;0.13845212757587433;-0.6605340838432312;2.5281858444213867;2.197223663330078;-0.1436549425125122;-0.5294457077980042;-1.1581223011016846;-0.4282514154911041;0.15164919197559357;-0.7052270770072937;-1.3930269479751587;-0.5559780597686768;0.04315833002328873;-0.7806768417358398;-0.5204875469207764;-6.377293586730957;-1.2403956651687622;1.9027942419052124;0.768552839756012;1.4584816694259644;1.0549029111862183;0.8773172497749329;1.0536564588546753;0.20326785743236542;0.3981444239616394;-0.062009233981370926;0.3890759348869324;-0.6799648404121399;-0.7082237005233765;0.6461589932441711;-0.8520515561103821;0.816613495349884;0.7287274599075317;0.04780179262161255;0.5368618965148926
piedra/piedra_brujacarter_m_esp.mp3;-247.5491180419922;125.84198760986328;-66.36707305908203;60.98236846923828;-17.784868240356445;-16.9539737701416;-15.520764350891113;-11.664795875549316;-2.2582108974456787;-22.686681747436523;-13.366278648376465;-24.446502685546875;-3.6364598274230957;1.157033085823059;-9.2202730178833;-2.2557713985443115;-8.31188678741455;-2.182542562484741;-2.3739559650421143;-0.548579216003418;-2.039069652557373;8.668828964233398;-4.521369934082031;-12.026997566223145;1.1125506162643433;1.1876236200332642;2.592716693878174;2.2123851776123047;2.5432403087615967;2.1906113624572754;-0.3997221291065216;1.3167649507522583;-1.9830728769302368;-0.6317668557167053;0.1816137582063675;-3.040527820587158;0.6584981679916382;0.48757001757621765;-1.0324136018753052;0.2630905508995056;-12.826926231384277;-2.733293056488037;3.3708877563476562;-1.0125434398651123;2.3755016326904297;1.304250717163086;0.4236353933811188;-0.18894906342029572;-0.22243162989616394;0.44303402304649353;0.27381306886672974;-0.08083147555589676;-0.7896772027015686;-0.2967551648616791;-0.862818717956543;-0.35629892349243164;0.32209745049476624;-0.5339190363883972;-0.20441114902496338;-0.19920948147773743
piedra/piedra_camilorosa_h_chile.mp3;-188.78016662597656;127.784912109375;-37.81087112426758;67.42681121826172;3.264754295349121;-16.49176788330078;-20.20868682861328;-46.12077331542969;9.340494155883789;-0.9992566108703613;-6.502665996551514;3.5254592895507812;-6.361593723297119;8.506240844726562;-21.31196403503418;2.803112268447876;0.30629122257232666;-16.003145217895508;-2.160820722579956;-4.700239181518555;0.9614365696907043;4.849677085876465;-4.210359573364258;-5.563052177429199;0.14053305983543396;0.04636402055621147;0.32019245624542236;0.1772886961698532;1.0093414783477783;2.4682741165161133;0.13659684360027313;0.3938710689544678;2.2705624103546143;0.16617348790168762;0.3285694122314453;-0.7829117774963379;1.2214465141296387;0.346423864364624;-0.6950302720069885;0.5280369520187378;-7.298387050628662;0.8708169460296631;0.431828111410141;-1.8570128679275513;1.9065015316009521;1.6617720127105713;-0.3515704274177551;1.9058613777160645;0.28187161684036255;0.04800167679786682;-0.08801843225955963;-1.2801265716552734;0.7072014212608337;-0.6271973848342896;0.3113378882408142;-0.5401259660720825;-0.22281865775585175;0.16642071306705475;-0.14333635568618774;0.6606110334396362
piedra/piedra_cata_m_eeuu.mp3;-254.21743774414062;92.51981353759766;-6.747057914733887;37.21875762939453;-1.6439218521118164;-6.424115180969238;4.968806266784668;2.3741424083709717;7.676249027252197;-3.661769151687622;2.921698808670044;-9.182968139648438;5.811487197875977;1.3476572036743164;-5.322739124298096;5.18002986907959;-1.7095838785171509;1.0135905742645264;-2.0488438606262207;3.7439255714416504;-12.328536033630371;0.28918761014938354;-0.2562885582447052;-3.3525986671447754;1.8015499114990234;1.9310775995254517;1.0917984247207642;1.543255090713501;1.9796876907348633;1.2104870080947876;-0.5601774454116821;0.4214670658111572;0.34123846888542175;0.23858675360679626;0.9885732531547546;0.23510131239891052;1.1054766178131104;0.41686397790908813;0.5034452676773071;1.2955248355865479;-7.54268741607666;-1.529315710067749;3.466829299926758;-1.5047420263290405;1.538372278213501;1.5236152410507202;-0.7944567799568176;0.636126697063446;-1.2031068801879883;1.7426817417144775;-0.9667026400566101;1.1996711492538452;-0.7544776201248169;0.3416368067264557;0.11711102724075317;0.20452749729156494;0.06434599310159683;0.37178435921669006;0.5595227479934692;-0.07219447940587997
piedra/piedra_javier_h_esp.mp3;-259.8576354980469;131.27249145507812;-24.648038864135742;52.735939025878906;2.8309426307678223;-41.147377014160156;4.7970428466796875;-29.95053482055664;-7.0197553634643555;5.9056196212768555;-31.942419052124023;14.057792663574219;-8.127254486083984;-1.2689772844314575;3.9478509426116943;-13.915943145751953;-8.178007125854492;-3.9630393981933594;-11.114599227905273;-1.7684346437454224;1.159637451171875;6.649823188781738;-5.561859130859375;-6.060757160186768;-2.8642797470092773;3.201308488845825;-2.1853089332580566;-0.17945396900177002;1.5376460552215576;1.5377461910247803;1.6011276245117188;-0.9308013916015625;1.3178459405899048;1.1587635278701782;-0.8384441137313843;-0.8171504735946655;-1.1150000095367432;0.06808627396821976;-0.1807551383972168;-0.11000344157218933;-13.745983123779297;-1.0966839790344238;1.8754962682724;-1.0924711227416992;-0.057165756821632385;3.02767276763916;-0.24079743027687073;1.285355567932129;-0.1555705964565277;-1.1135578155517578;1.5644786357879639;-1.590416669845581;-0.11415544897317886;-0.11188775300979614;-0.5172667503356934;0.17791354656219482;-0.45190364122390747;-0.03013843670487404;0.8941932320594788;-0.30850139260292053
piedra/piedra_johntyner_h_eeuu.mp3;-406.0234375;69.97541046142578;36.86798095703125;36.77964401245117;26.001359939575195;14.613998413085938;16.568185806274414;14.270702362060547;10.487211227416992;21.588293075561523;5.953556060791016;10.615876197814941;-0.746201753616333;9.568123817443848;2.5790700912475586;10.164416313171387;5.820250511169434;1.9705796241760254;-1.8736158609390259;-0.10306451469659805;-5.901782989501953;0.46223318576812744;-0.1094343289732933;-2.8323047161102295;0.4185280203819275;1.3284122943878174;0.7205275893211365;0.8700125217437744;0.11648549139499664;0.5441079139709473;0.5077046751976013;-0.009180795401334763;0.6109416484832764;0.4562307596206665;-0.19349727034568787;0.31665143370628357;0.15027545392513275;-0.1539846509695053;0.17712068557739258;0.20616354048252106;-1.8690576553344727;0.4955078363418579;0.18245556950569153;0.49559321999549866;0.1540454477071762;0.2829521894454956;-0.6313382387161255;-0.05206034705042839;0.3184051811695099;-0.1066640317440033;-0.156937837600708;-0.2372535914182663;-0.027061378583312035;-0.31359797716140747;0.08435557782649994;-0.0590607114136219;0.1839487999677658;0.1305723786354065;0.08144661784172058;0.0830356627702713
piedra/piedra_jspatt_h_eeuu.mp3;-302.5917663574219;155.89747619628906;-36.93965148925781;54.275447845458984;19.85844612121582;-29.59673500061035;-1.7175899744033813;0.27222439646720886;-27.551786422729492;-3.9569761753082275;-1.97532057762146;-16.89227294921875;-9.793360710144043;13.29980754852295;-11.274584770202637;-10.816723823547363;-5.38382625579834;-5.277837753295898;2.340113401412964;-12.78549575805664;9.917040824890137;2.9941844940185547;-5.188112258911133;-2.70870304107666;-2.7668893337249756;-1.9405721426010132;0.3679925799369812;0.28568851947784424;-0.11631729453802109;1.7632344961166382;1.192111849784851;0.37842708826065063;0.15718194842338562;0.2736009657382965;-0.764352023601532;0.2657330632209778;-0.41771095991134644;0.8085812926292419;2.008066177368164;-0.32749131321907043;-3.6678271293640137;-1.9923232793807983;0.34661102294921875;-2.1680850982666016;-1.010550856590271;1.4399757385253906;0.44777151942253113;0.05941368639469147;1.154960036277771;-0.32899102568626404;-0.056290172040462494;0.49330878257751465;0.4518243074417114;-0.1617836058139801;0.21389353275299072;0.5771467685699463;0.44325152039527893;-0.07134731113910675;0.049970414489507675;0.4430147111415863
piedra/piedra_ksmccain21_m_eeuu.mp3;-393.0970153808594;65.0050277709961;-8.300576210021973;28.050216674804688;-8.909031867980957;5.2317352294921875;5.187839984893799;1.060002088546753;8.155989646911621;3.452611207962036;-1.5857446193695068;3.4532666206359863;0.6629818677902222;4.844318389892578;6.04973840713501;7.52340030670166;5.22186803817749;7.371861457824707;0.4377332925796509;-1.931076169013977;-7.795740604400635;2.291818857192993;0.8361993432044983;1.2711819410324097;-0.1711595356464386;-0.6717439293861389;0.7889346480369568;-0.2881157398223877;-0.4848523437976837;-0.0508626364171505;0.08734036237001419;-0.1167881041765213;0.03405226767063141;0.30378296971321106;0.6407290101051331;0.7113494873046875;0.609304666519165;0.35296234488487244;0.4319332540035248;0.22998036444187164;0.696904182434082;-0.4236753284931183;0.3155319392681122;0.2921980917453766;0.01413187850266695;-0.16735708713531494;-0.5931816697120667;-0.3927668631076813;-0.03807610645890236;-0.41031837463378906;-0.16877123713493347;0.03615410998463631;-0.24135081470012665;-0.15940818190574646;-0.05923880636692047;-0.15285485982894897;-0.14640472829341888;-0.1821184605360031;-0.14177553355693817;0.28999757766723633
piedra/piedra_matthewludlum_h_eeuu.mp3;-171.51165771484375;87.76410675048828;-35.33252716064453;43.58419418334961;-0.3649703860282898;-28.087438583374023;-14.45512580871582;-15.314598083496094;1.9573557376861572;-1.1988028287887573;-13.806252479553223;9.877925872802734;-14.199895858764648;14.29005241394043;-12.904925346374512;-5.7719197273254395;-7.725673675537109;2.86637020111084;0.12524908781051636;-8.705275535583496;-0.2243480682373047;6.3077545166015625;-4.06597375869751;-8.211787223815918;0.31711259484291077;1.4243108034133911;-3.6280293464660645;1.3370567560195923;-0.2286098301410675;1.503917932510376;1.7661223411560059;-0.888301432132721;-0.6352362632751465;1.4976805448532104;-0.2296474128961563;-1.8766708374023438;0.4233325719833374;-1.4264380931854248;-0.57356858253479;0.8916983604431152;-12.187485694885254;-0.8220200538635254;2.7198917865753174;1.042217493057251;0.33940938115119934;1.4086722135543823;0.45776069164276123;1.092687964439392;-0.0017542908899486065;0.17576655745506287;0.2365431785583496;-0.46788594126701355;0.8752877116203308;-0.6160687804222107;0.6196123361587524;0.20357762277126312;-0.15394164621829987;-0.13723967969417572;-0.22298236191272736;0.4707728624343872
piedra/piedra_mlsantos_h_eeuu.mp3;-436.64324951171875;-26.72687530517578;22.494260787963867;47.13352584838867;32.35791778564453;15.338561058044434;12.67569637298584;11.067739486694336;11.567678451538086;18.90966796875;9.19157600402832;12.67948055267334;4.251004695892334;19.793460845947266;3.6783697605133057;0.33749669790267944;2.1844887733459473;1.063391923904419;-0.16611924767494202;8.5354585647583;-3.513425827026367;3.7591216564178467;-3.0917320251464844;0.8699217438697815;-1.2057007551193237;-0.6910560727119446;-0.8271099328994751;-0.005980347283184528;0.46305257081985474;1.370144009590149;-0.12404895573854446;-0.4468788802623749;0.44716957211494446;0.6099827885627747;0.1521000862121582;0.1111338809132576;0.34324637055397034;0.451091468334198;-0.0025485230144113302;-0.2409064769744873;-4.996762275695801;2.6221883296966553;3.1717348098754883;-0.4951568841934204;0.061103422194719315;-0.6512212753295898;-0.19972312450408936;-0.3080039918422699;0.3936340808868408;-0.6468378901481628;-0.4908830523490906;-0.2938106060028076;-0.3625383973121643;-0.3300071954727173;-0.26637694239616394;0.13357332348823547;0.2569173276424408;-0.03178993612527847;-0.26936525106430054;-0.18594759702682495
piedra/piedra_momislo_h_esp.mp3;-231.2102508544922;115.67445373535156;-20.579267501831055;59.8198127746582;-12.724660873413086;-15.27811050415039;1.3170850276947021;-14.736287117004395;3.700399160385132;5.373395919799805;-7.284537315368652;4.504866123199463;-8.737241744995117;14.558757781982422;-15.158760070800781;7.245733261108398;-4.647323131561279;-4.285698890686035;-2.0603177547454834;-3.4061310291290283;-0.9559273719787598;7.109044551849365;-3.412796974182129;-6.2481842041015625;-0.4248271882534027;0.15475758910179138;-1.2639689445495605;0.22295793890953064;1.9189316034317017;1.6799980401992798;0.40009504556655884;-1.6886639595031738;1.7463818788528442;-0.34002164006233215;-1.4142266511917114;0.06796345859766006;0.16857343912124634;0.10117882490158081;-0.3031556308269501;-0.2711929976940155;-12.066582679748535;0.6589052677154541;0.7726176381111145;-1.6423625946044922;1.3559032678604126;1.493024230003357;0.8705847859382629;0.479414165019989;0.45238834619522095;0.25717079639434814;0.0715796947479248;-0.5066688656806946;0.207856222987175;-0.23706279695034027;0.48015570640563965;-0.013477995060384274;-0.07951733469963074;-0.025301599875092506;-0.016503456979990005;0.541873037815094
piedra/piedra_msalas_h_eeuu.mp3;-443.14501953125;86.98241424560547;32.72289276123047;5.509064197540283;8.508051872253418;-14.002958297729492;-1.0179861783981323;7.280462265014648;-4.772400856018066;-13.51202392578125;-5.848576545715332;-12.924196243286133;11.538114547729492;3.21047306060791;-3.105736255645752;4.478841781616211;-4.831868648529053;4.0179972648620605;-4.908522605895996;12.25656795501709;0.43613800406455994;1.018933892250061;-0.5742520093917847;-0.2678898274898529;0.04522179812192917;-0.35649144649505615;-0.36702486872673035;-0.25275489687919617;-0.3108266294002533;-0.2557709813117981;0.4010023772716522;0.4284394383430481;0.32283997535705566;0.4671517312526703;-0.28886109590530396;0.3157138526439667;1.0257196426391602;-0.5605226159095764;-0.33351948857307434;-0.04778276011347771;-0.4215186536312103;0.21025432646274567;0.3555125892162323;-0.11585383117198944;-0.19590617716312408;-0.13589061796665192;-0.06348411738872528;0.05386171117424965;0.29240211844444275;0.31981760263442993;0.2685767412185669;-0.05831928551197052;-0.3595752716064453;0.2792038023471832;-0.279039204120636;-0.2433060109615326;-0.015514767728745937;-0.057454872876405716;-0.3174431025981903;-0.08275379985570908
piedra/piedra_pablo2012_h_arg.mp3;-228.71311950683594;97.44410705566406;5.5710649490356445;68.59419250488281;4.777324199676514;-20.288997650146484;-15.816575050354004;-3.930898666381836;-5.610860347747803;12.707250595092773;-17.51761245727539;8.279170036315918;-16.665449142456055;-2.75188946723938;-5.819636821746826;-1.1076058149337769;4.919404029846191;-7.53546667098999;0.5226770639419556;-9.897822380065918;-1.5627882480621338;4.686957836151123;-2.005502700805664;-5.605282783508301;-1.089198112487793;1.571882963180542;-2.09930419921875;0.2562207281589508;3.07958984375;1.5655454397201538;-0.7152007222175598;0.5070757269859314;1.8757742643356323;1.2934741973876953;-1.7584749460220337;-0.5965625047683716;0.5013626217842102;-1.4428642988204956;0.6994802355766296;0.547505795955658;-7.412075042724609;-1.2712370157241821;-2.2979800701141357;-0.6262523531913757;1.0246403217315674;1.385934591293335;0.2814440429210663;0.5215314030647278;0.6596378087997437;0.5325358510017395;0.5044415593147278;-0.6403886079788208;0.3339788317680359;0.18255390226840973;-0.25216013193130493;-0.15664318203926086;0.15842606127262115;0.27551645040512085;0.20650704205036163;0.5964471101760864
piedra/piedra_tenpao_h_esp.mp3;-277.42340087890625;113.85750579833984;2.7166550159454346;64.8773193359375;31.29332733154297;-26.97926902770996;-2.231200695037842;-20.063636779785156;6.463399410247803;2.000354051589966;-9.367732048034668;4.861823558807373;-2.8016197681427;4.742559909820557;3.8411009311676025;-2.350351095199585;7.81513786315918;-1.9044774770736694;-0.7478982210159302;-2.9438929557800293;-7.413448810577393;4.870492935180664;-2.2579116821289062;-5.551178932189941;-2.2273237705230713;0.2677726745605469;-2.6531991958618164;-0.09130407869815826;1.1553853750228882;0.23949050903320312;2.8463492393493652;-1.1249339580535889;0.6532366871833801;2.220907688140869;-0.47083044052124023;-0.21813780069351196;-0.7135642766952515;0.6543683409690857;-0.8721355199813843;-1.428375005722046;-11.936432838439941;1.0857387781143188;1.04521644115448;-1.8729379177093506;0.5871340036392212;2.472282648086548;1.0815374851226807;1.3141576051712036;0.8564311861991882;0.45919665694236755;0.8096157908439636;-0.7409154176712036;-0.7295666337013245;-0.3377205729484558;-0.22287963330745697;0.27965086698532104;-0.9261446595191956;0.3097103536128998;0.5191905498504639;0.27875766158103943
plancha/plancha_beitter_m_esp.mp3;-251.44212341308594;73.50714111328125;1.4486374855041504;25.141504287719727;-17.884626388549805;8.148200035095215;-16.66257095336914;19.18060874938965;-9.9321870803833;-1.0847963094711304;-14.427957534790039;2.539025068283081;-13.635104179382324;-3.6099138259887695;-1.4625943899154663;-0.1411726027727127;-1.853643774986267;1.3346216678619385;-4.217675685882568;-0.30262044072151184;1.3614786863327026;-0.33914875984191895;-0.9289717674255371;-2.9904890060424805;-0.8101981282234192;1.6866605281829834;2.305346965789795;1.7820934057235718;1.550269365310669;0.7804738879203796;-1.0065257549285889;0.20924873650074005;-0.15175849199295044;0.22495023906230927;1.1034514904022217;0.5830805897712708;0.08058962225914001;-0.5684803128242493;0.66498863697052;0.9646138548851013;-14.369490623474121;1.2402271032333374;2.2659101486206055;1.1625155210494995;3.2500643730163574;0.4515974521636963;-0.26125818490982056;-1.5998406410217285;0.7905715107917786;-0.7623454928398132;0.07005411386489868;-0.11959127336740494;0.6057363152503967;-0.4139614999294281;-0.5113903880119324;0.08159215748310089;0.5331012606620789;-0.5924359560012817;-0.31646332144737244;-0.5952574014663696
plancha/plancha_camilorosa_h_chile.mp3;-241.95860290527344;108.99607849121094;-1.5576744079589844;24.985742568969727;-6.2977681159973145;8.902539253234863;1.5152673721313477;-17.25811195373535;5.644059658050537;-4.492388725280762;-18.95655059814453;-6.82070779800415;1.1217678785324097;2.580476760864258;-19.72430992126465;1.5084925889968872;-5.7462687492370605;2.2024965286254883;-2.5465071201324463;-10.700514793395996;0.7103906869888306;1.5137859582901;-1.2896182537078857;-3.3885927200317383;0.4534297287464142;0.6243255734443665;0.1364208161830902;1.543679118156433;0.9083179831504822;0.31750333309173584;0.3304872512817383;-0.5268400311470032;0.6238719820976257;0.779746413230896;-0.43693527579307556;-0.23992054164409637;0.08908307552337646;0.046317826956510544;0.02024083398282528;-0.24125811457633972;-15.835470199584961;2.7345218658447266;0.3020389974117279;0.7255938053131104;2.1252715587615967;1.477300763130188;0.4448215961456299;0.4580543339252472;-0.47391560673713684;0.10151609778404236;-0.25217971205711365;-0.3725346624851227;-0.44148150086402893;0.009617697447538376;0.6229588389396667;-0.037234533578157425;0.08531811833381653;-0.051378924399614334;0.2894941568374634;-0.04288547858595848
plancha/plancha_yelkoastur_h_esp.mp3;-273.396728515625;97.2960433959961;-33.02470397949219;15.36967945098877;-8.446861267089844;-11.2257661819458;-22.439136505126953;-16.308549880981445;0.22772575914859772;11.878430366516113;-2.831409215927124;-12.017024993896484;-3.8764328956604004;-3.125601291656494;-8.540966033935547;-14.001326560974121;-1.629490613937378;-2.527064085006714;-9.545730590820312;-1.3332834243774414;-8.527185440063477;2.4209706783294678;1.106797695159912;-0.4011269211769104;-0.49695834517478943;0.8748524188995361;0.3143925964832306;0.45973557233810425;1.9945663213729858;0.8071112632751465;-1.1121642589569092;0.7261438965797424;0.10568369179964066;-0.6781760454177856;-0.41530588269233704;-0.3573664426803589;0.579943060874939;-0.1637619584798813;0.07188677042722702;0.5864716172218323;-12.479500770568848;-0.1682431846857071;4.00568151473999;0.3434005081653595;2.020517110824585;0.5194603800773621;1.0223628282546997;0.043984491378068924;-0.8720319271087646;-0.597577691078186;-0.010759767144918442;-0.2805226445198059;-0.07924744486808777;-0.05384210869669914;0.3575595021247864;0.5052174925804138;-0.6246112585067749;0.40105119347572327;0.11006040126085281;-0.6232890486717224
rojo/rojo_alter_ven_h.mp3;-260.6526184082031;218.0388641357422;-43.340431213378906;-1.3210848569869995;-5.148852825164795;-17.116823196411133;6.069444179534912;-19.295005798339844;-21.398359298706055;-10.379805564880371;-6.618036270141602;-0.867095947265625;-7.679653644561768;1.2760313749313354;2.7994768619537354;-10.178681373596191;-8.564889907836914;-7.915136814117432;-6.722967147827148;-6.6732072830200195;-18.25299644470215;-6.404452800750732;10.092132568359375;-7.3853654861450195;-5.519607067108154;4.344784736633301;3.6840758323669434;3.151548147201538;1.2475916147232056;-0.02929757907986641;-1.456333875656128;0.015508782118558884;2.568272590637207;-0.457521915435791;-1.3924320936203003;-0.7007645964622498;-0.2246662974357605;1.8435112237930298;-0.23503823578357697;-0.5108831524848938;-9.895986557006836;-7.004321575164795;3.876183271408081;0.4290359616279602;0.8120185732841492;0.963552713394165;-1.0740761756896973;1.527053713798523;1.4953292608261108;-0.38321417570114136;-1.0592974424362183;-0.9788283705711365;0.538835346698761;0.298071950674057;-0.31569212675094604;0.28002408146858215;-0.47806671261787415;-0.29851096868515015;0.986085832118988;0.6304211616516113
rojo/rojo_aqucorrea_h_arg.mp3;-264.8052062988281;128.16397094726562;-18.50689697265625;-45.50153350830078;-38.76420211791992;16.221988677978516;10.326427459716797;-14.197704315185547;-31.42163848876953;-2.4016432762145996;2.5486721992492676;-17.019865036010742;11.833293914794922;-19.071563720703125;-1.94113290309906;-1.310060977935791;-8.86783218383789;-4.085763931274414;3.1554417610168457;4.977310657501221;-11.121631622314453;3.556358814239502;4.836686134338379;-0.6053526997566223;-3.7431721687316895;-1.0862599611282349;0.780563235282898;1.7688573598861694;2.300177574157715;-0.873089075088501;-1.8434901237487793;-0.45082706212997437;0.7628523707389832;1.195571780204773;-0.7192639708518982;0.6521912813186646;0.06749476492404938;-0.10484008491039276;-0.12216520309448242;-1.046292781829834;-7.719306945800781;-0.15565596520900726;1.4045870304107666;-0.038330528885126114;1.6429853439331055;1.017927646636963;0.451621949672699;0.81787109375;0.45233747363090515;0.06840351223945618;-0.7067418694496155;0.07912108302116394;-0.3475673496723175;-0.10675973445177078;0.43501174449920654;-0.6887767314910889;0.22306476533412933;0.6279289722442627;-0.1510886698961258;0.1886269748210907
rojo/rojo_brujacarter_m_esp.mp3;-275.35150146484375;171.2025604248047;-28.76862907409668;7.017287254333496;-35.528587341308594;-13.39547061920166;3.2584569454193115;-16.584896087646484;-16.184484481811523;-12.54782485961914;-3.2855448722839355;-1.0963826179504395;-6.229162216186523;-3.385157585144043;-4.8488969802856445;-8.299443244934082;-8.385849952697754;-14.225397109985352;-11.421348571777344;8.496871948242188;-15.0485258102417;2.430957078933716;10.443044662475586;-3.213582992553711;-4.080326080322266;2.2246668338775635;2.8781511783599854;1.8658539056777954;1.7009660005569458;0.5043222904205322;-0.3012576103210449;-0.24557887017726898;0.8955581188201904;-0.14162993431091309;-0.6349939107894897;0.25978416204452515;1.0191066265106201;-0.04229146987199783;0.13562658429145813;0.19442057609558105;-8.33011245727539;-3.2438793182373047;1.8685307502746582;0.6981969475746155;1.9720878601074219;0.5844274163246155;-1.4914029836654663;1.0857508182525635;1.1709671020507812;-0.011562079191207886;0.09508976340293884;-0.3219243288040161;0.07854234427213669;0.07175624370574951;-0.0094505175948143;-0.273659348487854;-0.09260526299476624;0.33064529299736023;0.7205543518066406;-0.3113323450088501
rojo/rojo_danibusuu_h_esp.mp3;-424.0303955078125;131.48048400878906;-5.6638288497924805;3.5340378284454346;-10.145713806152344;1.7094838619232178;12.444449424743652;17.79224395751953;-12.576598167419434;-1.0770201683044434;0.24772684276103973;6.386924743652344;1.9031723737716675;-3.726634979248047;-7.324051856994629;-7.244002819061279;0.15793201327323914;-6.895938396453857;1.3165621757507324;-5.221892833709717;-4.414024829864502;-3.251281976699829;2.676191568374634;0.14357203245162964;-2.3647220134735107;0.5908849239349365;0.9182632565498352;0.7146682143211365;0.3850375711917877;0.21627011895179749;0.3272057771682739;0.1580105721950531;-0.4944079518318176;0.6653879880905151;0.35178670287132263;-0.28508374094963074;-0.10269074141979218;0.07056302577257156;0.058364082127809525;-0.3977305293083191;-3.5034523010253906;-2.678353786468506;0.36280301213264465;0.31631308794021606;-0.2519576847553253;0.7380248308181763;0.04190186411142349;-0.326564759016037;0.5143758058547974;-0.21318413317203522;0.34191787242889404;0.13381974399089813;-0.2648787796497345;0.09372130036354065;-0.11869146674871445;0.3048669397830963;0.07089775055646896;-0.11401832103729248;-0.13819652795791626;-0.0009345296421088278
rojo/rojo_estexu_h_esp.mp3;-293.2787170410156;152.99850463867188;-6.477414131164551;15.073750495910645;-37.33002471923828;-15.627635955810547;-19.84891128540039;5.540523529052734;-0.9831397533416748;-23.11721420288086;-24.591976165771484;-6.527346134185791;-13.043344497680664;-9.17947006225586;2.2516493797302246;-3.8318090438842773;-9.552326202392578;5.25236701965332;-8.260076522827148;-3.5635528564453125;-6.443432807922363;-1.9050228595733643;7.202606201171875;1.6886558532714844;-5.20400333404541;-1.9556206464767456;1.400068759918213;2.0195515155792236;0.39959797263145447;0.3520243763923645;1.2706143856048584;-0.32495468854904175;-1.458939552307129;-0.7135252952575684;0.27613377571105957;-0.10271395742893219;-0.6400065422058105;1.4757750034332275;-1.950465440750122;0.16158823668956757;-10.591967582702637;-1.0151348114013672;0.029493384063243866;-0.09517283737659454;0.25275638699531555;1.506035327911377;0.37134605646133423;-0.4810032248497009;-0.007430460304021835;0.13260619342327118;0.43488508462905884;-0.17672646045684814;-0.1956663727760315;-0.015631098300218582;-0.6332767009735107;-0.28240346908569336;-0.32958149909973145;0.4604730010032654;-0.18135690689086914;-0.026326164603233337
rojo/rojo_justnahuel_h_arg.mp3;-276.2202453613281;141.04701232910156;4.0509538650512695;-20.483884811401367;-29.212703704833984;-10.562215805053711;10.185726165771484;-10.800060272216797;1.1368882656097412;-9.538515090942383;-7.349055290222168;0.10865398496389389;-10.768238067626953;1.1144092082977295;-5.573482990264893;-4.3563714027404785;-16.616558074951172;0.9723162055015564;-9.905511856079102;-5.771601676940918;-15.001495361328125;-2.7458889484405518;8.856830596923828;-6.362360000610352;-4.332700252532959;1.2868497371673584;-2.7595739364624023;1.0860474109649658;2.4288525581359863;-0.968874990940094;-0.8589950203895569;-0.914088249206543;-1.4547464847564697;0.20309573411941528;-1.0143548250198364;0.6024757623672485;-0.254936158657074;-1.4008146524429321;-0.9599040150642395;-0.13470281660556793;-7.489108085632324;-1.6400372982025146;-0.9214822053909302;2.033926010131836;2.5958333015441895;0.12742352485656738;-0.9906130433082581;2.066458225250244;-0.2235042154788971;1.1321790218353271;1.4651997089385986;0.4534323811531067;-0.15881143510341644;0.40230780839920044;0.3577607274055481;0.7298634648323059;0.8016370534896851;0.23246222734451294;0.37310680747032166;0.340764582157135
rojo/rojo_magdaibeth_m_col.mp3;-339.1332702636719;101.20013427734375;-6.111461162567139;-3.3689708709716797;-20.560686111450195;8.997048377990723;-12.093241691589355;-33.55735397338867;-14.248405456542969;-1.8997163772583008;-4.663600921630859;14.133694648742676;4.506499767303467;6.230867862701416;10.333870887756348;1.7242703437805176;-1.911230444908142;-7.907636642456055;-4.179477214813232;-10.030582427978516;8.259197235107422;0.5295364856719971;0.5351095795631409;-1.2781187295913696;-2.7360849380493164;3.7367515563964844;1.862794280052185;2.0617191791534424;0.3677777349948883;0.44485536217689514;-0.007313927169889212;-0.46669283509254456;-1.2967652082443237;-0.8936834335327148;-0.890032947063446;-0.2506897747516632;-0.9222094416618347;0.09167128056287766;0.4585929214954376;-0.31245866417884827;-2.7461090087890625;1.4047762155532837;0.9662845134735107;-0.6445737481117249;0.4638603627681732;-0.07743807882070541;0.8499380946159363;0.12272325903177261;0.8138673901557922;0.14993752539157867;-0.6334304213523865;-0.40163424611091614;-0.5416001081466675;0.22797243297100067;-0.18879956007003784;0.3273078501224518;0.001977761508896947;0.32039156556129456;0.21736295521259308;0.14834780991077423
silla/silla_donquijote_h_mex.mp3;-209.64024353027344;72.50875091552734;8.075716018676758;45.908077239990234;8.855551719665527;-9.851249694824219;-4.935216426849365;-4.872342109680176;-5.168932914733887;-11.698213577270508;-4.6170196533203125;-4.144516944885254;-16.126068115234375;12.373254776000977;-18.671289443969727;5.84058141708374;-12.567488670349121;1.190216064453125;-1.8862134218215942;-2.35756254196167;-0.182861328125;12.95296573638916;-8.234228134155273;-4.177859783172607;-2.6975390911102295;2.460482358932495;-0.5812107920646667;-1.6738172769546509;3.79437255859375;2.8404858112335205;1.3374747037887573;-2.0704708099365234;2.1405999660491943;1.0067387819290161;0.17857129871845245;-0.46857398748397827;-2.3134663105010986;1.6625102758407593;-2.234957218170166;0.04853985831141472;-13.038047790527344;-3.1870651245117188;2.8776473999023438;-2.7571399211883545;2.1717538833618164;2.034008026123047;1.106148362159729;1.2679080963134766;0.2627946436405182;1.4647902250289917;-0.8208599090576172;-0.7575677037239075;1.6679660081863403;-0.5759298205375671;0.7538943886756897;-0.21425001323223114;0.23499958217144012;-0.27366968989372253;-0.3796294033527374;0.4138377010822296
silla/silla_justmelody_m_arg.mp3;-493.4256591796875;19.16131591796875;1.224937081336975;9.652693748474121;2.6176373958587646;-1.970703363418579;-1.4481391906738281;-10.155253410339355;-6.9165778160095215;-1.591025710105896;-3.701026201248169;2.1040613651275635;-2.0751845836639404;-3.4737186431884766;-1.2737271785736084;2.592958450317383;-2.571953773498535;-2.5552427768707275;-3.0378613471984863;1.0699070692062378;-3.6213133335113525;0.3331631124019623;0.8011664152145386;-0.036053091287612915;1.5777851343154907;1.5728305578231812;1.0102814435958862;1.692895531654358;1.471154808998108;0.8475273847579956;1.0484083890914917;0.43148401379585266;0.5054705739021301;0.5013684034347534;0.7172496914863586;0.43548011779785156;0.2654815912246704;0.07806369662284851;-0.063882976770401;-0.19204236567020416;-0.5262953639030457;-0.6598268151283264;0.1253669708967209;-0.14543591439723969;0.33868125081062317;-0.2586517930030823;-0.24437053501605988;0.103411465883255;-0.266475647687912;-0.17694948613643646;0.2368192821741104;-0.08283313363790512;-0.00802510604262352;-0.06902100145816803;-0.17091651260852814;-0.09919329732656479;0.20206677913665771;0.15192820131778717;0.006824253126978874;-0.03175335004925728
silla/silla_justnahuel_h_arg.mp3;-237.68942260742188;69.04618072509766;20.487958908081055;30.061174392700195;3.130777359008789;-6.989096164703369;-6.37821102142334;8.152713775634766;-11.053022384643555;-22.407896041870117;-6.277266025543213;-7.783076763153076;-9.976279258728027;-6.127160549163818;-18.277481079101562;5.706770896911621;-4.585570335388184;14.604551315307617;2.2147176265716553;-1.2459830045700073;-2.6850712299346924;8.738595962524414;-2.6067135334014893;-6.3811845779418945;-1.8837336301803589;1.3937556743621826;0.21513380110263824;-2.2073147296905518;5.618663787841797;2.915550470352173;-0.48783427476882935;1.712056040763855;0.5094725489616394;1.1281298398971558;-0.8200437426567078;-1.4605977535247803;0.2199254333972931;-0.8005248308181763;0.018975870683789253;-0.7860518097877502;-9.604056358337402;-1.1840695142745972;-1.3500239849090576;-5.097380638122559;0.730717122554779;1.1537164449691772;-0.1088210865855217;1.068259358406067;0.6598051190376282;0.9395882487297058;0.01395074836909771;-0.9750138521194458;0.9377784729003906;-0.15202005207538605;0.7463399171829224;0.7549041509628296;0.20339049398899078;0.6135368347167969;0.44296473264694214;-0.7596946954727173
silla/silla_mariad_m_esp.mp3;-241.19189453125;10.424224853515625;55.89189910888672;25.207477569580078;4.396072864532471;5.566481113433838;4.382914066314697;0.9231582880020142;-7.0724921226501465;-1.5592622756958008;-8.240008354187012;-1.2661855220794678;-4.523116111755371;-0.43003296852111816;-0.60005122423172;-0.633651852607727;-0.5422956347465515;-2.071274757385254;-1.6841700077056885;-1.1214340925216675;-1.264140248298645;10.623441696166992;-8.041508674621582;0.4513484239578247;-2.8051204681396484;-0.11846429854631424;0.7577518224716187;-2.928708791732788;1.6711232662200928;-1.4349679946899414;-1.13817298412323;-1.2114092111587524;-0.7859399318695068;-1.1308573484420776;-1.387560248374939;-0.4015344977378845;0.18524856865406036;-0.6847155094146729;-0.7374654412269592;-0.018356259912252426;-10.170841217041016;-0.5045540928840637;-1.6561510562896729;-1.2681772708892822;1.1737858057022095;2.71806001663208;0.19938938319683075;-0.3661668300628662;0.3935268521308899;0.08051127195358276;-0.167851060628891;0.7526488900184631;0.2340812385082245;-0.004859299398958683;1.0001593828201294;-0.474064439535141;0.848080575466156;-0.1051531732082367;0.051692839711904526;-0.3162095844745636
silla/silla_nymes_h_esp.mp3;-187.23411560058594;46.4935188293457;12.098043441772461;21.92268943786621;11.645017623901367;21.65382957458496;-24.394147872924805;3.8310954570770264;-12.65455150604248;-16.717735290527344;-23.397411346435547;3.040911912918091;-4.905806541442871;2.9499919414520264;-5.221129417419434;0.1338433027267456;-6.729502201080322;-11.064709663391113;-7.69891881942749;-1.5113654136657715;-7.945140838623047;17.89889144897461;-3.058652877807617;-2.489163398742676;4.936626434326172;-0.6891618967056274;2.106823444366455;0.6574100255966187;0.2075495719909668;3.2306301593780518;-0.22332492470741272;-0.20216307044029236;1.1325582265853882;0.023093312978744507;0.30707359313964844;-1.213504433631897;0.3299969732761383;-0.46198803186416626;0.33961692452430725;0.03363857418298721;-7.843899726867676;-0.6304218173027039;-0.844882607460022;-0.5964036583900452;-0.11127476394176483;0.7497098445892334;0.500277578830719;-0.6261224746704102;0.1242535337805748;0.038034163415431976;0.19034117460250854;-0.48948273062705994;0.2602463960647583;0.23772454261779785;-0.41709083318710327;0.18916893005371094;-0.34554925560951233;0.412412166595459;0.025330835953354836;-0.16005079448223114
silla/silla_roonblis_m_mex.mp3;-259.4397277832031;13.43078327178955;-1.2312846183776855;50.95981216430664;-5.092715263366699;-48.869712829589844;0.5834026336669922;-10.806306838989258;6.039829730987549;-21.78705596923828;-4.318991184234619;-14.882339477539062;-12.651782035827637;0.20353083312511444;-22.901334762573242;2.9602715969085693;-18.34906578063965;8.52358627319336;-19.07111358642578;-5.20858097076416;4.467141628265381;9.723625183105469;-4.506213665008545;-0.020755203440785408;-0.2741582989692688;3.0330207347869873;-0.32403090596199036;0.11881999671459198;0.49875256419181824;0.5060576796531677;-3.1664092540740967;0.3681490123271942;1.4233916997909546;-0.4051211476325989;-0.6485288143157959;0.10371199250221252;0.9946502447128296;-1.3934369087219238;0.4877433776855469;0.7769504189491272;-4.9073944091796875;0.10908209532499313;-0.6478757262229919;-1.1697443723678589;0.5245289206504822;0.8042881488800049;-0.3319685161113739;-0.7917541265487671;0.24394555389881134;0.23596519231796265;0.39333096146583557;0.28234899044036865;-0.045195210725069046;-0.06292848289012909;-0.06665041297674179;0.13701428472995758;0.06535796076059341;0.22128672897815704;0.10459775477647781;-0.10185129195451736
silla/silla_seilaregia_h_mex.mp3;-289.5879211425781;34.43259811401367;64.17161560058594;48.48946762084961;14.774785995483398;-9.837486267089844;-2.4138619899749756;6.568379878997803;0.25775736570358276;-1.044090986251831;-14.31452751159668;2.14062237739563;-4.052710056304932;12.059568405151367;-15.717153549194336;0.14118890464305878;-4.471757411956787;3.567819595336914;0.4404938817024231;-0.893828272819519;7.725477695465088;2.290804624557495;-7.972506523132324;0.2439144104719162;-1.3381892442703247;-1.3971751928329468;0.15057912468910217;-0.6808868646621704;0.009347963146865368;-1.1975700855255127;-1.2707264423370361;-1.3696907758712769;-0.7046933174133301;0.6494353413581848;-0.18863114714622498;-0.04885716363787651;-0.42754340171813965;-0.8682128190994263;-0.7670648694038391;-0.7978042960166931;-10.15920639038086;2.7952778339385986;-2.4595539569854736;0.3311172127723694;0.17083649337291718;0.7630148530006409;0.7769325971603394;-0.43267732858657837;0.33240318298339844;0.6786192655563354;-0.733941912651062;-0.6145713925361633;0.024988675490021706;0.2456754446029663;-0.007074576802551746;-0.39810317754745483;-0.017882946878671646;-0.09515094757080078;-0.5736293792724609;-0.2782849371433258
silla/silla_trajano_h_esp.mp3;-246.8936004638672;2.7213053703308105;2.194545269012451;23.265506744384766;-11.181734085083008;-24.726512908935547;-11.887962341308594;-9.106374740600586;-11.481478691101074;0.07227534055709839;-8.500734329223633;-1.4466736316680908;-2.1619341373443604;0.3496990501880646;15.33253002166748;-9.641971588134766;-0.30704018473625183;-5.792032241821289;-1.8680692911148071;9.0789794921875;5.704212188720703;15.722384452819824;-5.415650367736816;3.4720964431762695;0.011065528728067875;0.229018896818161;0.19194571673870087;-1.8233343362808228;1.0198205709457397;0.9442980885505676;-0.12302743643522263;-1.524696707725525;-0.48335880041122437;-0.7914165258407593;0.2945331037044525;-2.0567033290863037;-0.2906472086906433;-0.5875771641731262;0.5899950861930847;-0.7904404997825623;-7.686026573181152;1.3060448169708252;0.7028017044067383;1.5710563659667969;0.3469904363155365;1.0799593925476074;0.31885409355163574;-0.09498119354248047;-1.084110140800476;-0.30359014868736267;0.1433892846107483;-0.137198805809021;-0.42984017729759216;-0.6714523434638977;-0.03905666247010231;-0.11370526999235153;-0.22845594584941864;-0.2518966794013977;-0.032306134700775146;-0.10798471421003342
silla/silla_victornalab_h_ven.mp3;-301.1844482421875;67.50196838378906;53.036651611328125;29.564197540283203;2.3588664531707764;-32.59659194946289;-6.20452356338501;-12.884283065795898;-8.642655372619629;-10.117317199707031;-26.73818016052246;1.5575807094573975;-17.034929275512695;-4.084686756134033;-9.292095184326172;-3.515061616897583;-14.01661491394043;-11.409588813781738;-6.781557559967041;-5.0319719314575195;-5.189302921295166;12.698755264282227;-1.6219148635864258;2.752471446990967;-1.1183929443359375;1.9434659481048584;0.8597682118415833;-1.7562901973724365;0.8447855114936829;1.0277353525161743;1.0955480337142944;-0.5408968329429626;0.0026361828204244375;0.22190648317337036;-1.0935404300689697;-2.178008556365967;-0.5247593522071838;0.020301099866628647;-0.07715728878974915;0.03188101574778557;-8.8944730758667;-0.8718897700309753;1.2507715225219727;0.12116505205631256;-0.27346500754356384;1.48335862159729;0.12435463815927505;-0.6193866729736328;-0.06038498878479004;0.2480156272649765;1.3093814849853516;0.23241034150123596;-0.2828780710697174;0.021998075768351555;0.0009026924963109195;0.7257914543151855;0.15163446962833405;0.3148728013038635;-1.0405043363571167;-0.3271438181400299
silla/silla_xristian_h_col.mp3;-382.36260986328125;98.88740539550781;32.7418327331543;55.43320083618164;0.527034342288971;13.833382606506348;-2.913515329360962;-7.623777866363525;11.433773040771484;-2.945326089859009;4.684783935546875;-4.991969108581543;-1.0028889179229736;8.061254501342773;4.246448040008545;4.999587059020996;9.687644004821777;-0.20273460447788239;1.1197694540023804;-2.2446465492248535;4.974398612976074;3.4011502265930176;-1.9644322395324707;-3.146982192993164;-1.6990793943405151;-0.42205163836479187;-0.8280603885650635;-0.767188549041748;0.29072144627571106;0.548638105392456;-0.2755470275878906;-1.239990234375;-0.5056795477867126;-0.4566349387168884;-0.1786581128835678;-0.411560595035553;-0.24615053832530975;-0.5349581241607666;-0.652367889881134;-0.03200992941856384;-2.7293996810913086;-0.07904769480228424;0.8955397605895996;-0.6074119210243225;0.4701472222805023;0.3799402117729187;0.7715241312980652;0.5324644446372986;-0.07439663261175156;0.33141839504241943;-0.2415468990802765;0.12595729529857635;-0.35599786043167114;-0.15638360381126404;-0.13133195042610168;-0.03052966669201851;-0.18192864954471588;-0.06964602321386337;0.10725056380033493;-0.15141552686691284
silla/silla_yelkoastur_h_esp.mp3;-283.8443298339844;63.83858871459961;-8.33767318725586;68.23391723632812;-17.151172637939453;-31.753068923950195;-5.028110980987549;-13.24333381652832;-9.646015167236328;-3.645643949508667;-9.745898246765137;-2.336449384689331;-7.323862075805664;-5.847316265106201;-3.1071202754974365;-9.117502212524414;-13.81086254119873;-3.3872814178466797;-10.781608581542969;-3.605555295944214;-9.050315856933594;14.692338943481445;-6.686916828155518;0.06819852441549301;-0.11740664392709732;1.0936000347137451;0.632978081703186;-0.3025413751602173;3.684354543685913;1.6724131107330322;-0.1260654479265213;0.23722822964191437;-0.39271122217178345;-0.17591947317123413;-0.9284241795539856;-2.160572052001953;0.6097081303596497;0.3671276271343231;-0.4952581226825714;0.09546617418527603;-13.208357810974121;-3.060063362121582;3.644120216369629;-2.851658821105957;1.2950700521469116;1.0295886993408203;-0.04829094186425209;1.4782767295837402;0.6372541189193726;0.7275780439376831;0.5271159410476685;-0.8582385182380676;0.4461672008037567;-0.1319810301065445;0.29699063301086426;-0.26353371143341064;-0.39889371395111084;-0.30035504698753357;0.8817651271820068;-0.05123059079051018
tambor/tambor_dafanafel_m_col.mp3;-282.9732666015625;111.1754150390625;-32.74022674560547;0.325554221868515;-34.50135803222656;31.299718856811523;-21.231901168823242;8.29910945892334;-12.391705513000488;-3.1216509342193604;-18.28566551208496;4.753180503845215;-13.307077407836914;-7.1802978515625;-14.568840980529785;-7.157956123352051;-11.451937675476074;-4.9105634689331055;-9.321556091308594;-4.938310146331787;-15.531878471374512;1.6204544305801392;0.3956696689128876;0.040010422468185425;1.6008557081222534;-1.282567024230957;-0.30122438073158264;-1.6384834051132202;-0.316010445356369;-0.5477455258369446;1.0804978609085083;0.11193057894706726;-0.15502917766571045;-0.6966148614883423;-0.15787376463413239;-1.974492073059082;0.7046425938606262;-0.9167041778564453;-0.5396682620048523;-0.3941979706287384;-5.706878662109375;-1.2081608772277832;0.5364508628845215;1.7964122295379639;2.458317995071411;-3.687598705291748;1.5574413537979126;0.887116551399231;0.47202053666114807;0.09896794706583023;0.2637668251991272;0.2701011598110199;0.5020231604576111;0.7492486238479614;0.24845799803733826;0.39058613777160645;-0.041482292115688324;0.43232861161231995;0.04433484002947807;0.4052906036376953
tambor/tambor_diegolacra_h_esp.mp3;-340.4284362792969;143.0987548828125;-20.693126678466797;15.877679824829102;-19.676912307739258;11.763843536376953;20.346805572509766;-7.442651748657227;0.1876899003982544;9.658675193786621;5.315314292907715;-5.626642227172852;1.1923938989639282;5.044764518737793;0.7871519327163696;4.083452224731445;0.014050674624741077;-4.103301525115967;-7.324367046356201;11.121904373168945;-22.335590362548828;-2.9379305839538574;4.100091934204102;-0.2195912003517151;2.401519775390625;0.8118951320648193;1.3466507196426392;1.1241363286972046;0.1365511119365692;-1.1300995349884033;0.1676407754421234;0.42488178610801697;0.7519558668136597;0.7767936587333679;0.5706077814102173;1.1365967988967896;0.7761715054512024;0.5319457650184631;0.6968094110488892;-0.14009405672550201;-3.653067111968994;-0.7906043529510498;2.249507427215576;1.0399023294448853;0.29378437995910645;-0.47757041454315186;-0.6983940005302429;0.1946866661310196;0.45776331424713135;0.23948657512664795;-0.29917842149734497;0.21702022850513458;0.5112064480781555;0.3748405873775482;0.011845204047858715;-0.17367926239967346;-0.5312889218330383;-0.2582239508628845;0.4815255403518677;-0.532601535320282
tambor/tambor_fjglez_h_esp.mp3;-340.91961669921875;20.59175682067871;-118.54082489013672;-30.64546012878418;-103.18470764160156;-32.61981201171875;-16.806468963623047;2.042804718017578;-15.625141143798828;-5.801475524902344;40.630401611328125;25.085283279418945;-1.5003209114074707;25.42862892150879;-3.3985209465026855;0.4519803822040558;-16.19167137145996;11.407817840576172;-22.01438331604004;4.469917297363281;-13.223445892333984;0.5758413672447205;-4.118246078491211;2.6333720684051514;2.325650691986084;2.3307061195373535;2.8219358921051025;0.02250276692211628;-0.12364717572927475;-0.029988501220941544;1.9249354600906372;1.7649441957473755;-1.8907610177993774;-1.224169373512268;-2.1990768909454346;0.7632068991661072;-0.7769827842712402;-0.2912616729736328;-1.4326637983322144;-0.2620338797569275;-5.808200359344482;-4.747570514678955;0.7250506281852722;2.3516414165496826;6.404180526733398;-0.42172130942344666;-0.9144591093063354;0.6432545781135559;0.292904257774353;1.2292330265045166;-1.6793084144592285;0.3361738920211792;-0.3047654628753662;-0.3302026391029358;0.026539824903011322;-0.555338442325592;0.28874826431274414;-1.7979559898376465;1.507233738899231;-0.9599436521530151
tambor/tambor_joseig_h_esp.mp3;-90.57681274414062;77.64079284667969;-36.39427185058594;2.739957094192505;-32.76963806152344;-16.51102066040039;-11.636826515197754;-9.576329231262207;-10.136884689331055;7.157905578613281;-8.939275741577148;-2.4001588821411133;-9.309619903564453;1.6418907642364502;-7.924777030944824;-3.08258318901062;-7.96933650970459;-6.054229736328125;-11.837364196777344;-0.6440225839614868;-7.384085655212402;5.179235935211182;-1.2588818073272705;1.7591922283172607;0.9151203036308289;0.7404136657714844;0.6330854296684265;-0.4840511381626129;-0.7359300851821899;-0.9045065641403198;-0.19503434002399445;1.1107959747314453;-0.27838242053985596;0.8066854476928711;0.7064357995986938;-0.45968103408813477;-0.43133920431137085;-0.5406249761581421;-1.0531723499298096;0.13653597235679626;-11.711248397827148;0.2725144028663635;1.3958866596221924;-0.24308660626411438;-0.2738139033317566;-0.2723506987094879;-0.19575583934783936;-0.10601575672626495;0.5552593469619751;-0.6152716875076294;-0.2722824215888977;0.27266520261764526;0.5111701488494873;0.40869975090026855;0.02726166322827339;-0.38053417205810547;0.32769104838371277;0.04845769330859184;-0.054618678987026215;-0.4016992449760437
tambor/tambor_sentinel2009_h_peru.mp3;-384.0799865722656;124.8846664428711;26.059555053710938;35.096065521240234;7.09055233001709;18.35361099243164;14.800679206848145;2.909799814224243;5.019894599914551;5.924991607666016;1.6491690874099731;8.734421730041504;-2.188432216644287;11.355693817138672;2.0418832302093506;5.25046968460083;-1.941179871559143;7.453395843505859;-0.6483020186424255;-0.1341109722852707;-15.130048751831055;-3.7997026443481445;1.5480759143829346;-0.6067659854888916;1.7476383447647095;0.5316831469535828;0.8843809962272644;1.1175647974014282;-0.5701585412025452;-0.8651646375656128;0.6284686923027039;-0.3381205201148987;0.6900610327720642;-0.6725789308547974;0.6285377740859985;-0.40554678440093994;0.774293839931488;-0.20423074066638947;0.2700207531452179;0.3741200268268585;0.8721121549606323;0.34007179737091064;0.5811822414398193;0.4653409719467163;-0.09995865076780319;-0.2713034451007843;-0.2464495748281479;-0.00927770510315895;-0.02698536589741707;-0.2111765295267105;-0.4776381850242615;0.36003515124320984;0.0694790706038475;-0.2173815667629242;-0.14166384935379028;-0.012256947346031666;-0.0024496768601238728;0.0624656043946743;-0.053043194115161896;-0.2812654674053192
taza/taza_adroguense_h_arg.mp3;-210.233642578125;129.964111328125;-44.07832336425781;7.168442726135254;-32.36735534667969;26.109180450439453;3.412651777267456;-2.6901230812072754;7.296946048736572;28.86675262451172;3.347989320755005;-16.10877799987793;12.713691711425781;-2.391057014465332;-3.8270771503448486;4.925857067108154;-7.4827070236206055;-8.574285507202148;-2.9681997299194336;1.3282469511032104;-21.211524963378906;5.471785545349121;-0.706997275352478;-0.6369243860244751;1.6259026527404785;2.8134493827819824;3.43367338180542;-0.5887993574142456;-0.43355000019073486;1.5164048671722412;1.3215878009796143;0.09728458523750305;0.7376704812049866;-1.2276513576507568;0.17587895691394806;0.3244030773639679;-0.6048879027366638;-1.5740858316421509;0.19442324340343475;-0.06872846186161041;-12.256757736206055;-2.864410400390625;2.6497223377227783;-0.7243566513061523;0.8454858064651489;0.6654841899871826;-0.1592358648777008;0.4223195016384125;0.7951696515083313;-0.23331066966056824;-0.6291244029998779;0.32517099380493164;-0.3250269889831543;-0.309882789850235;0.0528751015663147;-0.3431546986103058;-0.0040838830173015594;-0.22083568572998047;-0.20964540541172028;-0.1658315807580948
taza/taza_alter_h_ven.mp3;-289.9640808105469;149.2471923828125;8.390786170959473;6.404637336730957;7.471305847167969;18.616003036499023;-20.471004486083984;-5.256291389465332;-9.721457481384277;16.289278030395508;1.6149187088012695;-4.687065124511719;-5.303750038146973;6.154050827026367;-3.474787473678589;-12.828877449035645;-5.176520347595215;-3.773693084716797;-6.224216461181641;-2.4510765075683594;-15.446866989135742;-4.748664855957031;8.316088676452637;3.6182479858398438;3.214501142501831;3.241424560546875;3.02602219581604;1.5271379947662354;1.0617172718048096;-0.595990777015686;-0.40533655881881714;0.14055226743221283;0.30690738558769226;-0.15241639316082;0.13524040579795837;1.1930934190750122;-0.1642283946275711;0.4515395164489746;-0.046789005398750305;-0.4641837179660797;-3.811875820159912;-1.9860916137695312;0.42037782073020935;0.6853691935539246;-0.08201344311237335;-0.8847718238830566;-0.14397713541984558;-0.15920189023017883;0.08991628885269165;-0.09459851682186127;-0.00917581282556057;0.15723402798175812;0.3655804693698883;0.15287509560585022;-0.19687485694885254;0.14175131916999817;0.30470865964889526;0.05352099612355232;-0.23886533081531525;0.11739055812358856
taza/taza_amazulro_h_col.mp3;-186.67025756835938;79.32704162597656;-19.67283058166504;-4.257408142089844;-9.216673851013184;-7.466286659240723;-17.356609344482422;-0.7310662269592285;10.864469528198242;19.784870147705078;-1.1199222803115845;-11.14085578918457;1.8413512706756592;5.080729007720947;-7.258174419403076;0.28529009222984314;-2.5148463249206543;0.9401016235351562;1.0256445407867432;-1.7382999658584595;-8.148232460021973;-5.835385322570801;5.146454334259033;-2.401073932647705;1.7993419170379639;0.7417166829109192;2.3657360076904297;0.07746706902980804;2.245025157928467;-0.1780846267938614;1.3201652765274048;0.3372415602207184;-0.03975062817335129;0.08563872426748276;1.9967882633209229;-0.16008789837360382;0.8444526791572571;-0.29492679238319397;0.37491777539253235;0.2576916515827179;-12.013618469238281;2.216611862182617;-1.3452140092849731;0.9822860360145569;-0.9029542207717896;0.6306589841842651;-0.22673645615577698;1.1087065935134888;0.11910609155893326;-1.0621013641357422;-0.5832735300064087;-0.04332079365849495;0.3323729932308197;0.012129472568631172;0.24248388409614563;-0.02680465579032898;0.7565054297447205;-0.47406086325645447;0.17555184662342072;-0.14011751115322113
taza/taza_churru_h_esp.mp3;-108.44463348388672;116.931884765625;-24.79587173461914;-14.161428451538086;-28.175386428833008;-4.234320163726807;7.677039623260498;3.9329593181610107;-6.872694492340088;10.827234268188477;6.092806816101074;0.689100980758667;-11.082925796508789;-4.564391136169434;-10.2503023147583;0.2395709753036499;-3.694634199142456;-1.5226982831954956;-1.6136438846588135;5.451684474945068;-11.600624084472656;7.556356906890869;0.7525186538696289;-2.4106178283691406;-0.7205014228820801;1.2334201335906982;2.7719805240631104;0.05972660332918167;-0.6881032586097717;0.16524383425712585;0.2979564070701599;-0.15214335918426514;-0.03396785259246826;-0.0639251321554184;0.22189511358737946;-1.137839674949646;0.062423817813396454;-0.8093233108520508;-0.7071624398231506;0.7130328416824341;-12.957918167114258;1.7695024013519287;0.15802040696144104;0.5686304569244385;1.2404649257659912;0.20130163431167603;0.06405386328697205;-0.1976080685853958;0.8472111821174622;-0.23211121559143066;-0.09728933870792389;0.03810795769095421;0.5905673503875732;0.36888790130615234;0.3474164605140686;-0.2716333270072937;0.17129333317279816;-0.004837818443775177;0.5033596158027649;-0.0993836522102356
taza/taza_distridexter_h_arg.mp3;-276.0847473144531;136.4391326904297;-18.946420669555664;9.43197250366211;-9.04935073852539;12.933467864990234;7.68971061706543;14.997406005859375;-17.83464813232422;32.24727249145508;0.33642733097076416;-0.10095471888780594;-8.078907012939453;0.009757863357663155;-6.895867824554443;0.5787718296051025;-5.213577747344971;-11.359613418579102;-2.533789873123169;7.072120189666748;-16.252826690673828;1.072655439376831;2.3601112365722656;-1.2375109195709229;0.08041606843471527;1.7391393184661865;2.7757136821746826;0.583519458770752;1.7500633001327515;-0.37777402997016907;-0.4274015724658966;0.960139811038971;0.34973815083503723;-1.6665703058242798;1.5195651054382324;0.4080362915992737;-0.21347936987876892;1.0811638832092285;-0.8474105596542358;-0.08769026398658752;-10.935514450073242;-4.819494247436523;2.961639404296875;1.1717488765716553;0.716494619846344;0.9818394780158997;0.22232502698898315;0.36634504795074463;0.4559861719608307;-0.8894386291503906;-0.08258692920207977;-0.0024622762575745583;0.6346785426139832;0.5578343272209167;-0.0296003520488739;0.1833699345588684;-0.5749533176422119;0.7042762637138367;0.11778777092695236;-0.3006786108016968
taza/taza_Eeemmmlll_m_arg.mp3;-247.98532104492188;85.45122528076172;-11.55842113494873;-50.36960983276367;-2.086245059967041;1.0504636764526367;0.5529283285140991;-3.6518747806549072;4.251423358917236;-4.142294406890869;0.06577297300100327;-6.654347896575928;-6.014019012451172;-7.6991353034973145;-3.3743221759796143;-5.510880947113037;-8.41886043548584;2.9897074699401855;-3.3096683025360107;-3.163099527359009;-4.332346439361572;0.3151713013648987;3.1495163440704346;0.6651135683059692;1.2418161630630493;1.1133314371109009;-0.15204551815986633;-0.7619901895523071;0.08444537222385406;0.6487864255905151;-0.8696958422660828;-0.06971370428800583;-0.5356910824775696;0.21197733283042908;-0.8096637725830078;0.08654595911502838;-0.32036256790161133;-0.8221762776374817;1.3006435632705688;-1.0841678380966187;-10.101730346679688;-1.8886213302612305;1.1383483409881592;0.29449376463890076;0.8237066864967346;-0.5800365805625916;0.03782882168889046;0.6717748641967773;0.31216490268707275;0.10292236506938934;0.5989276766777039;0.678743839263916;0.21320196986198425;0.47083306312561035;0.2970694601535797;0.5527981519699097;0.2312261164188385;-0.06071620061993599;0.3054311275482178;0.13222528994083405
taza/taza_rorradealarido_m_mex.mp3;-287.3243103027344;104.86238098144531;-28.834182739257812;1.5696847438812256;28.713350296020508;3.747640609741211;-2.4882917404174805;10.026224136352539;6.391458988189697;18.684537887573242;-16.47536277770996;11.547752380371094;0.029025793075561523;10.801048278808594;-13.523284912109375;10.993256568908691;-1.1911746263504028;-9.953327178955078;3.8032426834106445;-4.599444389343262;-17.257747650146484;1.0021740198135376;1.560159683227539;1.135620355606079;4.604081153869629;3.862889289855957;3.268101215362549;-0.04233656823635101;1.6557283401489258;-0.32933270931243896;-0.12460345774888992;0.19143256545066833;1.3429570198059082;-1.087773323059082;2.409099817276001;-0.21830590069293976;-0.5651355385780334;-1.0763053894042969;-0.643377423286438;-0.2826949954032898;-10.213913917541504;-3.855217218399048;1.4291458129882812;1.5212016105651855;0.529814600944519;1.5366222858428955;0.5517395734786987;0.863251805305481;0.9299617409706116;-0.5691983103752136;1.1706297397613525;0.4217490553855896;0.48566997051239014;-0.5134227275848389;1.8199154138565063;0.25836068391799927;-0.0866149514913559;0.6192830204963684;-0.6862496137619019;0.957544207572937
taza/taza_symphon_h_mex.mp3;-330.72412109375;156.5091094970703;54.01260757446289;-25.547555923461914;-35.858245849609375;-33.56450653076172;-36.3418083190918;3.2434241771698;-30.71519660949707;15.885767936706543;-9.764352798461914;-22.723657608032227;-25.222421646118164;10.722199440002441;-3.6464383602142334;-30.64733123779297;5.046950817108154;-18.813989639282227;-10.376374244689941;-10.130098342895508;-14.059342384338379;-16.004165649414062;15.589092254638672;6.276800632476807;-1.5094481706619263;-1.3718303442001343;-2.371647357940674;7.282772064208984;-0.8009102940559387;1.9729326963424683;-4.0762505531311035;2.18754506111145;0.9377558827400208;-2.335108995437622;-0.3980918824672699;-0.789588451385498;1.349077820777893;-4.198182582855225;-0.17446565628051758;1.6440420150756836;-9.032063484191895;-0.14802710711956024;-1.7870944738388062;1.7728599309921265;-1.191137671470642;-1.1163338422775269;2.6994993686676025;-0.45529282093048096;3.871419906616211;-2.655346155166626;0.23093487322330475;-0.8004934191703796;1.0288923978805542;-1.5563677549362183;0.7793683409690857;3.480886697769165;-1.5544027090072632;1.312217354774475;-0.0676942840218544;0.975322425365448
tres/tres_alexanderarg_h_arg.mp3;-216.36032104492188;86.86973571777344;-14.66324520111084;80.33165740966797;-17.38274383544922;-15.907914161682129;-22.640352249145508;-5.939807415008545;18.795869827270508;-6.798711776733398;6.704556941986084;3.904726982116699;16.992454528808594;5.959576606750488;-12.837841033935547;-2.805067300796509;-2.989104747772217;-14.187886238098145;-22.35247039794922;7.107421875;-12.341307640075684;-14.673032760620117;16.129425048828125;-0.4075961709022522;2.309314727783203;3.154310703277588;-0.10422729700803757;6.242856979370117;-0.49144408106803894;2.029345989227295;2.7790071964263916;1.4936579465866089;3.9962143898010254;-2.3879575729370117;1.1987401247024536;0.7217273712158203;-0.3394891321659088;-1.0251542329788208;-0.7236864566802979;1.3038820028305054;-15.742013931274414;-6.299760818481445;6.9027099609375;-2.9912092685699463;1.824356198310852;0.6446040868759155;0.708181619644165;-0.10739465802907944;-0.17983561754226685;1.5496199131011963;-0.6225495934486389;0.03444703668355942;0.9288221001625061;0.08454017341136932;0.1877973973751068;0.02764389105141163;1.383152723312378;-0.3524944484233856;-0.1922401636838913;0.286062091588974
tres/tres_alter_h_ven.mp3;-250.1004638671875;165.01513671875;-13.786959648132324;34.5509147644043;39.1946907043457;-14.70824909210205;-42.933650970458984;-5.531056880950928;-10.696805000305176;-1.6120370626449585;-11.330849647521973;-1.9621583223342896;1.160827398300171;9.688669204711914;1.509599208831787;-10.492866516113281;7.778980731964111;-2.042142629623413;-11.776912689208984;-3.859009027481079;-7.4880051612854;-4.060876846313477;0.8858969807624817;5.671584606170654;4.128821849822998;0.2217600792646408;0.020864984020590782;1.8186057806015015;-0.1446751356124878;-1.2361363172531128;-1.0065909624099731;0.44246527552604675;0.8413162231445312;-0.7686762809753418;0.48501983284950256;1.8068132400512695;1.3018690347671509;-0.8458123207092285;-1.5234851837158203;1.5909067392349243;-19.79579734802246;-3.658064126968384;1.0910730361938477;0.3158760964870453;-0.04505261778831482;-0.2747233211994171;1.2519654035568237;-0.2934260666370392;1.3531216382980347;0.5369324088096619;1.9834588766098022;0.02872697450220585;0.9294294714927673;-0.15184466540813446;-0.7497670650482178;1.0773190259933472;-0.057449936866760254;-0.7674105763435364;0.33291101455688477;0.7076824307441711
tres/tres_cc4miloo_h_col.mp3;-251.86778259277344;37.770240783691406;-32.25012969970703;51.75170135498047;2.026373863220215;-9.784968376159668;-25.291879653930664;-9.886198043823242;-8.31113338470459;-5.5792341232299805;-19.001056671142578;12.607088088989258;-9.995810508728027;3.841709852218628;-11.420699119567871;4.857656478881836;-1.3031138181686401;1.5282187461853027;-10.177580833435059;-5.585390567779541;-7.4146552085876465;-5.176466941833496;2.4141438007354736;-1.0907789468765259;0.6866172552108765;-0.14346756041049957;-0.583230197429657;1.1972570419311523;0.4211429953575134;0.5512812733650208;-0.5337194800376892;-0.02757907472550869;0.6784676313400269;-0.5782738924026489;0.27328288555145264;0.13797448575496674;-0.22390998899936676;0.6762452721595764;-0.14599303901195526;0.2055453509092331;-2.058370590209961;-0.22046349942684174;0.44599834084510803;-0.6396123170852661;-0.016406362876296043;0.5026116967201233;0.0537760891020298;0.13370227813720703;-0.4449155330657959;0.14496321976184845;-0.022867949679493904;-0.14498268067836761;0.34265196323394775;-0.06821482628583908;-0.2599090337753296;0.172395259141922;-0.014773301780223846;-0.2074662148952484;0.1630564033985138;0.048188406974077225
tres/tres_fjglez_h_esp.mp3;-220.67205810546875;12.650612831115723;-16.954551696777344;36.980220794677734;-9.976896286010742;3.2674407958984375;-35.311038970947266;4.846426963806152;-15.664231300354004;3.190761089324951;-6.116683483123779;-1.5507245063781738;-8.078612327575684;6.891857624053955;-11.406148910522461;1.4098498821258545;-5.306798458099365;2.288170099258423;-7.44752311706543;-0.26591217517852783;-1.847095012664795;-16.50313949584961;4.949788570404053;-2.010584831237793;-1.6044361591339111;0.08092193305492401;1.222050428390503;-0.8506115078926086;0.6464135050773621;-0.8502999544143677;-0.1561083197593689;0.19660110771656036;-1.8373074531555176;-1.2763817310333252;0.505046010017395;-0.2601891756057739;0.054417144507169724;0.5353183746337891;-0.5496596097946167;-0.5640428066253662;-8.562299728393555;-3.098010778427124;0.6216717958450317;-1.1891521215438843;-0.3243409991264343;-0.483143150806427;0.5199541449546814;-1.09930419921875;-0.04684373363852501;-0.20125369727611542;0.11992216855287552;-0.7476478219032288;-0.4133932888507843;-0.5931854248046875;0.2321656346321106;-0.38289207220077515;0.014224348589777946;0.13838854432106018;0.3988247513771057;-0.06101943552494049
tres/tres_gmaranca_h_arg.mp3;-417.3536071777344;10.04987907409668;37.589900970458984;19.963031768798828;6.198723316192627;12.395708084106445;-0.42089417576789856;8.628911018371582;4.569646835327148;-0.06344034522771835;4.9128947257995605;7.9442973136901855;9.045843124389648;8.725879669189453;3.9793667793273926;11.07897663116455;8.571268081665039;5.826282024383545;7.672049045562744;12.322183609008789;-14.730854988098145;-1.3410688638687134;2.009204149246216;-1.161041498184204;0.5598681569099426;1.4872503280639648;0.7940481305122375;1.9468333721160889;-0.016872569918632507;0.37897491455078125;1.0914359092712402;0.39480361342430115;1.1323703527450562;0.09047266095876694;0.9391469955444336;0.16543759405612946;0.06361522525548935;0.475588321685791;0.2783661484718323;0.08042986690998077;-1.551901936531067;0.21572808921337128;0.5452989935874939;-0.7913011312484741;-0.1937648504972458;0.28198036551475525;-0.10105156153440475;-0.1570591777563095;-0.12718909978866577;-0.10042627155780792;-0.23864029347896576;-0.16981376707553864;0.32728177309036255;0.15678225457668304;0.018045486882328987;-0.11066849529743195;-0.30976971983909607;-0.16569828987121582;-0.37221816182136536;-0.03643530607223511
tres/tres_guijaran2_h_esp.mp3;-239.75436401367188;-4.642518043518066;21.999752044677734;7.456392765045166;0.5591144561767578;-30.231685638427734;-5.125511169433594;6.795960426330566;-13.586849212646484;-6.391526222229004;0.7345800995826721;-2.7542641162872314;4.781704902648926;1.9039579629898071;-5.296835422515869;3.3629233837127686;-10.769364356994629;-5.911060810089111;-4.400465488433838;-5.7911858558654785;-19.57225227355957;-18.011268615722656;1.6439648866653442;-6.978455543518066;2.172663688659668;2.524989128112793;2.9578444957733154;2.0028347969055176;2.1020114421844482;1.3032704591751099;-0.4719308912754059;0.0594630092382431;0.8021497130393982;0.6155019402503967;1.239247441291809;-0.9847094416618347;1.2718710899353027;-0.164071187376976;0.6813583970069885;0.0922493264079094;-12.166325569152832;-0.48307469487190247;1.216888189315796;-1.2647358179092407;1.0323506593704224;-0.06520459055900574;0.9347929358482361;0.91178297996521;0.46103858947753906;0.19852383434772491;-0.044098149985075;0.3898722231388092;0.29698559641838074;0.24367588758468628;-0.2567421793937683;1.030276894569397;0.2149301916360855;-0.3343505263328552;0.44857171177864075;0.1253163069486618
tres/tres_ignasibcn_h_esp.mp3;-196.82022094726562;23.34832763671875;-12.627420425415039;52.95579528808594;1.883862018585205;-21.78524398803711;-13.840059280395508;-0.835352897644043;-20.055862426757812;-5.198538303375244;-16.078777313232422;4.8632988929748535;12.388460159301758;-0.8363869786262512;-4.661994934082031;-0.5644793510437012;-4.158884048461914;-11.377744674682617;-16.21934700012207;2.5017967224121094;-8.877389907836914;-16.8012752532959;4.565107345581055;-5.100796699523926;-1.5021185874938965;4.410158634185791;-1.710216760635376;2.480915069580078;-0.43128371238708496;-0.17156684398651123;-0.0020067840814590454;0.5687752962112427;0.03767961263656616;0.9762688875198364;0.5555210709571838;-0.22280846536159515;0.954453706741333;0.06859876215457916;0.028598465025424957;-0.40178561210632324;-5.903131484985352;-0.21553587913513184;0.2742697298526764;-2.2583436965942383;0.44946688413619995;1.3677537441253662;-0.1876431107521057;1.126577615737915;0.3534051775932312;0.7077028751373291;-0.3599945306777954;-0.1315900683403015;0.5590723752975464;1.3765437602996826;-0.6945441961288452;0.05368033051490784;0.7656767964363098;0.17571312189102173;0.41616296768188477;-0.12301979959011078
tres/tres_joseeduardo1775_h_chile.mp3;-338.28045654296875;113.39570617675781;-5.675154209136963;79.75050354003906;25.218629837036133;-20.087730407714844;-11.853964805603027;-4.964582443237305;-9.61011791229248;-15.317167282104492;-16.08340072631836;-4.687732219696045;-6.069716930389404;-0.6619678735733032;-12.52791690826416;-7.91821813583374;-4.697567462921143;-3.529798746109009;0.995415985584259;-25.748262405395508;-39.16810607910156;-6.357244491577148;-0.3099812865257263;5.907466888427734;4.1279802322387695;-5.161583423614502;3.7162883281707764;3.6521449089050293;-1.8460078239440918;-0.7067694664001465;1.8180220127105713;2.2834625244140625;1.866209626197815;-2.0284366607666016;2.0377440452575684;4.8676910400390625;-0.2692945599555969;2.481822967529297;1.3520712852478027;0.4397144317626953;-33.72453689575195;-11.24402904510498;5.381383419036865;-5.72783088684082;0.5757150650024414;3.57387638092041;1.2467093467712402;2.100080966949463;-0.5561075806617737;0.08266174793243408;-0.27171289920806885;-2.567469835281372;-1.2513631582260132;0.4494825601577759;2.6609420776367188;-0.614404559135437;0.5316203832626343;0.4991132318973541;-0.3654053807258606;2.639312267303467
tres/tres_linlinao_h_chile.mp3;-365.5333251953125;116.30677795410156;7.176434516906738;49.49687957763672;13.4880952835083;33.164241790771484;-12.41081428527832;1.2691863775253296;-0.047184817492961884;6.362597942352295;9.541072845458984;-0.7624709010124207;8.004982948303223;9.100857734680176;6.947822093963623;-3.1139590740203857;5.793203353881836;1.781089425086975;1.602209210395813;4.351561546325684;-33.37813186645508;-3.0475194454193115;10.526673316955566;-2.1549134254455566;5.012557029724121;0.8883382678031921;5.226701736450195;1.6526265144348145;1.2088872194290161;0.2507871687412262;0.6404842138290405;2.083421230316162;0.02715752087533474;-0.4777049124240875;-0.0409940704703331;2.624058723449707;0.8061549663543701;0.94427490234375;0.9022494554519653;-0.2460481822490692;-9.186878204345703;-2.8424899578094482;0.246043398976326;-0.3291911780834198;-0.1485293060541153;-0.6915586590766907;0.7257919311523438;-0.3649621903896332;0.3754644989967346;-0.708984911441803;0.0929160937666893;-0.3410681486129761;-0.482906311750412;0.2318618893623352;-0.10422898828983307;0.06429769843816757;-0.862586259841919;-0.2373240739107132;0.5235932469367981;0.3562455177307129
tres/tres_locutoraargentina_h_arg.mp3;-202.33868408203125;129.7444610595703;-15.6055908203125;39.07685089111328;19.98635482788086;1.3369896411895752;-6.369596004486084;3.736280918121338;-22.217660903930664;-7.263132572174072;-13.824041366577148;-2.447288751602173;-3.654686450958252;4.621438503265381;1.4896442890167236;9.102193832397461;16.80801010131836;2.515531063079834;-9.055047988891602;3.972379684448242;-15.695055961608887;2.6563515663146973;-0.8364901542663574;-0.9052248001098633;0.7936452627182007;-0.6860828995704651;1.8234670162200928;5.4998931884765625;-0.3041653037071228;-0.8899934887886047;2.370910167694092;1.3712334632873535;-0.7922913432121277;-0.3306306004524231;2.996523857116699;0.9012172818183899;0.7688776254653931;-2.052191972732544;0.14576685428619385;0.4874309003353119;-25.97330665588379;-3.389364719390869;2.080171585083008;-4.750802040100098;1.0236132144927979;2.685591459274292;0.9649969339370728;0.051378656178712845;1.1579177379608154;0.6527196764945984;-0.4123682975769043;-0.12874163687229156;-0.8169759511947632;-0.7140383124351501;-0.5769746899604797;-0.7245311737060547;-0.34719449281692505;-0.6052571535110474;-1.9256889820098877;-0.8235386610031128
tres/tres_orphneus_h_arg.mp3;-133.96998596191406;66.37499237060547;9.077457427978516;27.11481285095215;-2.9715735912323;5.511751651763916;-56.106468200683594;-8.43461799621582;8.09410285949707;3.5154638290405273;-11.345342636108398;0.48778286576271057;-2.9242799282073975;14.30562686920166;4.917903423309326;-15.198142051696777;1.4603675603866577;4.234823226928711;-23.193357467651367;2.806104898452759;-5.560022354125977;-12.10488510131836;5.340049743652344;-2.1496410369873047;0.3279961943626404;3.912616491317749;0.3688276410102844;3.4329833984375;0.8640391826629639;-2.0493149757385254;3.1245813369750977;0.0692548081278801;1.9775272607803345;1.8280407190322876;-1.9711781740188599;1.6605186462402344;-0.9678569436073303;1.7476922273635864;-0.952526867389679;0.3412819802761078;-20.67334747314453;-4.086874008178711;3.5025904178619385;-2.605616569519043;-2.2490041255950928;0.9039504528045654;1.0538569688796997;-0.33011797070503235;-0.4537438154220581;0.6505510807037354;-0.41805917024612427;-0.22916913032531738;0.25775146484375;-0.7784184813499451;-1.4874825477600098;0.00964683573693037;0.030205976217985153;0.8137404918670654;-0.18110579252243042;-0.2861424386501312
tres/tres_steve04_h_col.mp3;-196.22592163085938;39.97404098510742;-5.723453998565674;47.88932800292969;-11.213495254516602;-16.951128005981445;-2.7150912284851074;-3.9334490299224854;2.812757968902588;-4.153190612792969;2.4502363204956055;9.092819213867188;1.719741702079773;10.91116714477539;-9.301652908325195;12.225409507751465;-7.529791831970215;-3.141129970550537;-2.243788719177246;-1.5092194080352783;-10.635299682617188;-14.46057415008545;0.4940090477466583;-6.933537483215332;1.6824547052383423;0.9502108097076416;2.9047605991363525;0.22599035501480103;1.140151023864746;0.4582672119140625;0.33115148544311523;0.2511270344257355;-1.2624633312225342;0.23188380897045135;0.734780490398407;0.43811777234077454;0.48509740829467773;2.9996440410614014;0.32225939631462097;-0.07882870733737946;-10.963476181030273;-0.8287818431854248;-0.4619036614894867;-0.9788403511047363;-0.02220054715871811;-0.10078378021717072;0.11086824536323547;-0.32764944434165955;0.4398251175880432;-0.39784112572669983;-0.3696663975715637;-0.6321837902069092;0.15035122632980347;0.07230155169963837;-0.17410576343536377;0.010344043374061584;0.037674419581890106;0.6645426750183105;-0.05545114725828171;0.0990753248333931
tres/tres_volk_h_arg.mp3;-563.8685302734375;23.186067581176758;18.551769256591797;36.86492919921875;8.08613395690918;17.41868019104004;8.624224662780762;10.66840648651123;11.662117004394531;11.32243824005127;8.01214599609375;14.502519607543945;11.721799850463867;10.076213836669922;8.100570678710938;10.119555473327637;8.887330055236816;4.743017196655273;2.8017683029174805;7.744472980499268;-6.729614734649658;-2.050482988357544;1.7610926628112793;-1.1833441257476807;1.6707236766815186;0.4653441905975342;0.7628109455108643;0.9108917117118835;0.3712640404701233;0.5811880826950073;1.0888062715530396;0.2938617765903473;0.23144105076789856;0.3691862225532532;0.8213183879852295;0.22062791883945465;0.01406700350344181;0.5024589896202087;0.7161237001419067;-0.05370679497718811;-0.8144993185997009;-0.41648557782173157;0.6154965162277222;-0.45603707432746887;0.18930819630622864;0.1484847366809845;0.018589213490486145;0.22340615093708038;-0.4571045935153961;-0.03151116147637367;-0.09866104274988174;0.1091948002576828;-0.020426880568265915;-0.047990765422582626;-0.06248031556606293;-0.10493657737970352;-0.008381099440157413;0.06770854443311691;-0.11734358221292496;0.033605121076107025
tres/tres_yelkoastur_h_esp.mp3;-223.8632354736328;71.18010711669922;-50.407066345214844;45.77220916748047;-18.228891372680664;-45.12467956542969;-22.403034210205078;-17.972328186035156;-1.7499221563339233;-17.164676666259766;-5.645564079284668;8.325531005859375;-6.31960916519165;13.079971313476562;-17.028331756591797;-4.932486534118652;-8.916775703430176;-15.943986892700195;-10.877484321594238;-8.939115524291992;-0.880084216594696;-4.113224029541016;6.317316055297852;0.055730678141117096;-0.9763481020927429;-0.027587413787841797;1.4034887552261353;5.532895565032959;-0.4351385533809662;0.8116629719734192;2.317014694213867;2.764887571334839;2.359863758087158;-0.6514430642127991;2.9094643592834473;2.8532328605651855;-1.2731971740722656;-1.3851479291915894;2.726572036743164;-0.04587467387318611;-20.74030303955078;-6.95739221572876;10.825639724731445;-4.893413066864014;3.053170919418335;4.374480724334717;-2.71447491645813;2.605739116668701;-0.7715651392936707;1.4675078392028809;-0.9962823987007141;-1.1485512256622314;1.6588780879974365;0.0311624463647604;0.43156519532203674;-1.7042772769927979;0.7710723876953125;1.0241749286651611;-1.0963655710220337;0.31357118487358093
autobus/autobus_emivallr_h_esp.mp3;-265.6568298339844;132.501708984375;20.661964416503906;50.29513931274414;-65.14278411865234;-39.65033721923828;19.247364044189453;-18.23981475830078;-17.42239761352539;2.105682373046875;-3.19089937210083;-30.12456703186035;-11.719395637512207;6.296621322631836;-9.419231414794922;-3.466639757156372;-11.538745880126953;-5.112459182739258;0.5348579287528992;-8.174382209777832;-8.97996997833252;-8.29456901550293;6.222762584686279;4.932618618011475;4.825586795806885;-1.1276243925094604;-2.0318915843963623;-1.816741704940796;2.3096230030059814;1.577175498008728;-2.1265926361083984;-1.860564947128296;-1.9502204656600952;2.328571081161499;1.0885052680969238;1.1598033905029297;0.3127439022064209;0.19453765451908112;0.28093940019607544;0.12621629238128662;2.530454635620117;-4.379034519195557;-3.3433613777160645;-0.937476396560669;2.1677873134613037;0.6350914239883423;0.013918299227952957;1.034584641456604;-0.8620063662528992;-0.21413898468017578;0.6747784614562988;1.6082348823547363;0.516608715057373;-0.16821637749671936;0.07127121835947037;-0.3527339696884155;-0.6351895332336426;0.6561310887336731;0.7466943264007568;-0.15064099431037903
barco/barco_arvalosp1_h_col.mp3;-328.6941223144531;158.85243225097656;-1.588201642036438;4.76308012008667;-48.574703216552734;-7.331064224243164;-7.7412919998168945;-22.023637771606445;-27.125328063964844;-1.6538376808166504;-10.291953086853027;-9.909189224243164;-19.10783576965332;5.500292778015137;-5.3811492919921875;-18.120454788208008;0.05079057067632675;-17.604795455932617;-6.657258987426758;-6.751382827758789;-0.01753954403102398;1.6801620721817017;0.29076650738716125;-2.813839912414551;-2.2720391750335693;-1.2197986841201782;-2.593409538269043;-0.20685984194278717;0.5327531695365906;-0.4944358170032501;-0.43169906735420227;-1.185137391090393;0.7969254851341248;0.8515353798866272;0.6323062181472778;0.025919539853930473;-0.02936425991356373;0.461798757314682;-0.3235052824020386;0.31748977303504944;-8.939752578735352;-1.0213927030563354;1.5364025831222534;0.559457540512085;3.5021021366119385;0.18782645463943481;-0.9471034407615662;0.5529274344444275;1.1287096738815308;-0.020982850342988968;-0.3703172504901886;0.18406642973423004;1.4468207359313965;-0.8787600994110107;-0.2700921595096588;-0.09706521034240723;-0.6029652953147888;0.34354493021965027;-0.3275531530380249;0.2402438223361969
barco/barco_azdriel_h_esp.mp3;-220.45321655273438;-0.6236667633056641;-36.135032653808594;27.725004196166992;-49.18422317504883;1.4230777025222778;-0.47681528329849243;-3.9559483528137207;9.974449157714844;-13.08576774597168;25.0715274810791;-3.125460386276245;-6.557785987854004;16.028858184814453;-10.253636360168457;10.294342994689941;-0.32728126645088196;10.470610618591309;-3.866377592086792;13.501940727233887;-31.32703971862793;3.4129788875579834;7.323288440704346;0.5321429967880249;-1.6644147634506226;2.454958200454712;4.323065280914307;3.2809159755706787;2.767461061477661;-4.119699478149414;1.1950749158859253;-2.2617523670196533;3.6716015338897705;3.057722568511963;-0.09280630201101303;3.2513859272003174;-1.45498788356781;1.4134883880615234;-0.5880074501037598;1.2730019092559814;-2.807451009750366;1.8311070203781128;2.1781327724456787;2.7757434844970703;-2.8898463249206543;-0.9398746490478516;0.4063268005847931;0.3472740352153778;0.11896330863237381;0.08157416433095932;0.19063220918178558;0.3178887963294983;0.4932166635990143;-0.31667566299438477;0.39030927419662476;0.1702045500278473;0.5867977142333984;0.3921689987182617;-0.08286476135253906;-0.5887241959571838
barco/barco_Barreraivan27_h_col.mp3;-323.31280517578125;160.4520263671875;5.483229637145996;-16.13653564453125;-8.784695625305176;-1.8007681369781494;6.976724624633789;-22.3533992767334;-10.302976608276367;7.568173885345459;-3.190056324005127;-6.068504810333252;-12.272671699523926;3.5427258014678955;-13.670976638793945;-2.7117908000946045;-8.98716926574707;-4.073373794555664;-6.227959156036377;-2.0426456928253174;-8.180925369262695;-0.45808443427085876;-0.055531639605760574;2.3209407329559326;1.687847375869751;0.932073712348938;-0.39097124338150024;-0.34580206871032715;1.7803493738174438;-0.6884559988975525;-0.16176098585128784;0.0717071145772934;0.4863418936729431;-0.829055905342102;0.5365232825279236;-0.9035577178001404;0.09540454298257828;0.2971401810646057;0.18437330424785614;0.32509028911590576;-10.406631469726562;0.19867034256458282;1.7361791133880615;2.7176785469055176;2.8743724822998047;0.8400433659553528;0.38388189673423767;-0.4178207814693451;-0.41315147280693054;-1.1151864528656006;0.6080574989318848;0.18726769089698792;1.1111953258514404;-0.1829514503479004;0.04093621298670769;0.04644690081477165;0.4605294167995453;-0.28926217555999756;0.0945236012339592;-0.3027137219905853
barco/barco_fjglez_h_esp.mp3;-317.65234375;-0.0038677852135151625;-98.24789428710938;-32.432003021240234;-41.432586669921875;-33.86075973510742;-52.77859115600586;-36.57628631591797;0.9856534600257874;1.9039808511734009;14.144352912902832;6.8902082443237305;-6.450246334075928;20.673967361450195;9.756994247436523;10.818470001220703;-6.622247695922852;10.915053367614746;-4.161407947540283;-2.9173667430877686;-37.566131591796875;-11.865846633911133;8.391352653503418;0.3009470999240875;6.581747055053711;2.388949394226074;-3.357964515686035;2.0964407920837402;-0.8971135020256042;1.9824810028076172;-4.004757881164551;-0.18880534172058105;2.4040122032165527;0.09130242466926575;1.9408783912658691;-1.1427762508392334;1.2228091955184937;-3.7550251483917236;2.9587206840515137;-0.6888400912284851;-43.75596618652344;6.4639458656311035;6.741144180297852;2.7453413009643555;2.384866952896118;5.647113800048828;3.4169750213623047;1.0387505292892456;0.3887121379375458;0.18111588060855865;0.8133348226547241;-0.3099463880062103;1.4585893154144287;-1.7736518383026123;-0.5595191717147827;-0.5860167145729065;-1.2847208976745605;0.02482052706182003;-1.4051473140716553;-0.8218504786491394
barco/barco_jbpablotr_h_col.mp3;-282.5751647949219;123.29386901855469;28.027124404907227;16.929248809814453;0.21938663721084595;11.719476699829102;3.416152000427246;7.387190341949463;2.060220718383789;6.697993278503418;5.303485870361328;1.934863567352295;-2.05281662940979;8.462813377380371;-4.495484828948975;3.5281004905700684;-4.09535551071167;1.9630508422851562;-4.461050987243652;0.7697308659553528;-8.760616302490234;-1.8516722917556763;1.0620590448379517;2.326134443283081;2.8524458408355713;0.7769219875335693;0.7549631595611572;1.1530972719192505;1.5471268892288208;1.5944316387176514;0.7477486729621887;0.5100466012954712;1.5216271877288818;0.9705132842063904;1.286502718925476;0.6966348886489868;0.3112054467201233;0.18514813482761383;0.4106341302394867;0.5734936594963074;-8.081168174743652;0.171288400888443;0.01191869005560875;0.052098192274570465;0.8799892663955688;0.2445952445268631;0.36438146233558655;-0.007802279200404882;-0.6814971566200256;-0.6679574251174927;-0.08221292495727539;-0.07667917013168335;-0.1429620087146759;-0.08606259524822235;-0.5091379880905151;-0.35680240392684937;0.2293534129858017;0.3587866723537445;-0.41671523451805115;-0.31102725863456726
barco/barco_Momislo_h_esp.mp3;-299.2939147949219;159.5662841796875;2.2645251750946045;3.232365369796753;-26.06549835205078;-0.07779064774513245;4.043118953704834;-7.47662878036499;-2.0180859565734863;3.7704288959503174;-0.49458828568458557;-6.530289173126221;3.000271797180176;7.404764652252197;-6.8176140785217285;2.943067789077759;-5.236654281616211;-3.164959669113159;-4.6123433113098145;3.2599527835845947;-14.231840133666992;0.831030547618866;6.9549713134765625;0.6746498346328735;-1.0707201957702637;0.07057548314332962;0.39079681038856506;1.8162775039672852;-0.10509313642978668;-0.4494822323322296;-1.746546745300293;-2.1994175910949707;1.742160677909851;-0.17667141556739807;2.139235734939575;-0.4355580806732178;-0.06432811915874481;0.7217535972595215;-0.739235520362854;-0.4152761697769165;-10.927199363708496;1.6305896043777466;0.5664568543434143;1.0827319622039795;1.5429456233978271;-0.2759093940258026;0.26061704754829407;0.8564890027046204;-0.4823264479637146;0.5858883857727051;-0.08982537686824799;0.6913203597068787;0.2987879514694214;-0.5459150075912476;0.5926807522773743;-0.0406317412853241;0.7550609707832336;-0.07863499224185944;0.03257341682910919;-0.1948525458574295
blanco/blanco_abstract_h_gua.mp3;-293.44146728515625;155.34226989746094;-29.393169403076172;-7.121549606323242;13.274800300598145;32.011695861816406;0.699001669883728;0.13179703056812286;-14.393916130065918;-10.422723770141602;3.583142042160034;-17.894079208374023;-9.360672950744629;10.498678207397461;-14.92478084564209;-6.672391891479492;-7.759079456329346;8.37999439239502;-9.952653884887695;5.663345813751221;1.7905224561691284;-3.371577501296997;-4.958547592163086;-1.436835527420044;1.3210264444351196;-3.548466205596924;-2.003092050552368;2.310669183731079;2.027031660079956;1.5664771795272827;0.08491106331348419;-1.089445948600769;0.3409998118877411;0.9003604650497437;-1.664652705192566;0.14936542510986328;-0.1532030701637268;-0.09865185618400574;-1.197470784187317;0.14307604730129242;-13.280465126037598;0.6005956530570984;3.9948790073394775;-1.1926323175430298;0.44941648840904236;0.47040119767189026;2.489177703857422;-0.02323196642100811;0.034525737166404724;0.610974133014679;-0.3231492340564728;0.8527793288230896;0.0917201042175293;-1.1349581480026245;0.4668115973472595;-0.028270581737160683;0.0831017941236496;-0.8930781483650208;0.504843533039093;-0.14796991646289825
blanco/blanco_brujacarter_m_esp.mp3;-308.18328857421875;137.78652954101562;-55.69363784790039;35.99813461303711;-37.89246368408203;-0.3836926817893982;-23.919309616088867;-22.769371032714844;-3.166771650314331;-19.16276741027832;2.8757715225219727;-12.995945930480957;-3.7220041751861572;-2.361475706100464;-16.985374450683594;-1.3379734754562378;-4.9556121826171875;-10.388197898864746;-8.289347648620605;3.490607976913452;-12.569319725036621;7.78016471862793;6.677245616912842;-5.36210823059082;-0.9470682740211487;1.7980881929397583;1.9529082775115967;1.7630993127822876;-0.659783124923706;-1.197974443435669;0.5967869162559509;-0.6761360168457031;0.8863014578819275;0.9674532413482666;0.09317146986722946;-0.6524012684822083;0.06255043298006058;0.14475370943546295;-0.05251985415816307;-0.16948086023330688;-11.634562492370605;-0.865814745426178;4.123057842254639;1.5453225374221802;2.110135555267334;-0.6158876419067383;0.8001899719238281;-0.09582607448101044;-0.7093362212181091;0.4591022729873657;-1.0397974252700806;0.9237728118896484;0.6702869534492493;-0.23963139951229095;-0.2814541161060333;0.04112597927451134;0.3307057321071625;-0.8303905725479126;-0.33561718463897705;-0.13372786343097687
blanco/blanco_camilorosa_h_chile.mp3;-309.8861999511719;138.5448455810547;35.52788543701172;27.90912437438965;-17.179153442382812;11.842507362365723;-2.42915678024292;-6.748994827270508;18.014799118041992;-22.403396606445312;-4.156463146209717;-12.352783203125;-4.420295238494873;14.930649757385254;-21.68084716796875;-3.3360114097595215;0.6505968570709229;-2.7478127479553223;-5.285580635070801;-8.922080993652344;4.043710231781006;0.2530062198638916;-1.2656786441802979;-1.390708565711975;-0.808653712272644;-0.9577952027320862;1.530023455619812;0.9956193566322327;0.936951220035553;-1.4491583108901978;-1.7663171291351318;-0.6243031024932861;1.5955729484558105;1.6388550996780396;1.429481029510498;0.8371299505233765;-0.7636392116546631;1.4284396171569824;-0.07566004991531372;-0.7501994967460632;-6.628476142883301;-1.0308215618133545;0.02697368711233139;-1.1350561380386353;0.25871962308883667;0.8858190774917603;-0.6891937255859375;-0.0385536290705204;-0.4772373139858246;0.28396961092948914;0.6125191450119019;0.19652815163135529;0.10267322510480881;-0.5233877301216125;-0.2163514941930771;0.5670891404151917;-0.5557551980018616;-0.2622791528701782;0.5629861950874329;-0.07832244783639908
blanco/blanco_donquijote_h_mex.mp3;-274.6195068359375;154.00027465820312;13.21116828918457;22.863317489624023;-18.391475677490234;9.792017936706543;3.1319711208343506;-7.4022393226623535;-11.693415641784668;-4.382515907287598;1.8963834047317505;-6.787347793579102;-6.560949325561523;1.247645378112793;-12.87427806854248;11.391860961914062;-10.701767921447754;2.080897092819214;-13.55369758605957;-0.8470141291618347;2.9513797760009766;2.3301193714141846;-0.2825908958911896;-1.694617509841919;-3.3645455837249756;-1.2448991537094116;-0.20991875231266022;0.5660116076469421;-0.012147261761128902;0.9225887060165405;-0.3892885744571686;-0.6692689061164856;0.227849081158638;-0.12241856008768082;0.3466520309448242;0.5729368329048157;0.19962728023529053;0.7369732856750488;-0.9087814092636108;-0.24220389127731323;-10.75993537902832;-1.6742990016937256;0.6027802228927612;-0.5353921055793762;3.415445327758789;1.0234529972076416;-1.0079786777496338;0.20991499722003937;0.701210618019104;0.5574005842208862;-0.5286319851875305;-0.2948533594608307;-0.5395544767379761;-1.3128247261047363;0.2520497739315033;-0.9474575519561768;0.68731689453125;-0.49636587500572205;0.34732136130332947;-0.36037683486938477
blanco/blanco_enriquemdc23_h_mex.mp3;-228.36514282226562;120.40493774414062;-24.167951583862305;20.23339080810547;-9.407909393310547;-2.431346893310547;-16.22083854675293;-20.510902404785156;-3.699277639389038;-6.815866470336914;-8.912830352783203;-12.729686737060547;-19.03142738342285;13.132431030273438;-9.572457313537598;-11.852947235107422;-0.29273131489753723;-4.886058330535889;-3.294677495956421;5.861810207366943;-8.941994667053223;-3.7808828353881836;4.105016231536865;-2.4470937252044678;-2.207131862640381;-1.2349919080734253;3.164949893951416;3.9036765098571777;0.6158495545387268;1.1347798109054565;-1.1537432670593262;-0.10220152884721756;3.1368675231933594;0.07231173664331436;-1.7254520654678345;1.8534533977508545;-1.928110957145691;-0.20664110779762268;-1.3789054155349731;0.08898859471082687;-34.34735107421875;2.252068519592285;7.954678535461426;2.8698647022247314;5.558007717132568;2.3467748165130615;2.7634658813476562;0.6744787693023682;-1.3349027633666992;-2.9156923294067383;-1.3817248344421387;-0.057183992117643356;0.613007128238678;-0.6534860134124756;-0.5557218790054321;0.28376492857933044;-0.4558371305465698;-1.0038906335830688;1.0849308967590332;0.214210644364357
blanco/blanco_gardenvillage_m_fra.mp3;-344.7266540527344;-20.944580078125;-26.259159088134766;27.323286056518555;1.8657445907592773;29.926589965820312;5.621045112609863;-25.518325805664062;3.2502126693725586;-13.490225791931152;3.1435093879699707;-3.2015132904052734;3.873870849609375;1.3905467987060547;-8.948765754699707;21.98720932006836;-4.908176422119141;-3.117476463317871;12.403790473937988;-3.709908962249756;-8.423077583312988;-6.26458740234375;5.137264251708984;-15.972939491271973;-0.265288382768631;9.757477760314941;5.452281475067139;-0.8764103055000305;-4.325523376464844;0.3898373246192932;-0.7183673977851868;-3.465303659439087;1.0733838081359863;-3.4658634662628174;2.455662250518799;0.8046824336051941;1.0368669033050537;1.419110894203186;3.675034523010254;0.25523629784584045;-6.235345363616943;3.490328788757324;1.2539864778518677;2.3886494636535645;-0.6505839228630066;-0.2566414177417755;-0.4348616302013397;1.1028281450271606;0.5291017889976501;1.5454225540161133;1.1248937845230103;-1.2523796558380127;0.6436261534690857;-0.11912599951028824;0.6239241361618042;-0.7500894069671631;0.5724071264266968;0.41679486632347107;-0.2426953911781311;0.10291992872953415
blanco/blanco_guijaran2_m_esp.mp3;-338.3103332519531;118.01054382324219;5.814518451690674;6.391913890838623;-19.8126277923584;-5.56140661239624;-8.7855224609375;-2.91266131401062;-11.396830558776855;-12.615428924560547;-14.714505195617676;-13.047597885131836;5.6253814697265625;-8.982869148254395;-7.479837417602539;-3.8043510913848877;-7.942971229553223;-14.037077903747559;-3.9010403156280518;-8.990509986877441;-22.13555335998535;8.06253719329834;5.021510601043701;-3.2851028442382812;0.2443191558122635;1.3800989389419556;2.8486435413360596;2.504160165786743;-0.06780983507633209;-2.0440919399261475;1.4749131202697754;-0.09052658081054688;0.1791677474975586;0.8961567282676697;0.11531219631433487;-0.33017414808273315;-0.14671017229557037;0.0578705295920372;0.6273669600486755;0.7880146503448486;-12.917486190795898;0.48667144775390625;2.806595802307129;2.163863182067871;2.2751622200012207;0.9583377242088318;0.77088862657547;-0.07667244970798492;1.117060899734497;0.3081807494163513;-0.06411628425121307;0.6817901730537415;-0.007694546598941088;-0.27260348200798035;0.46043676137924194;-0.20098872482776642;0.05772022530436516;0.5903752446174622;-0.17477664351463318;-0.2668985426425934
blanco/blanco_vayusta_m_esp.mp3;-221.8961639404297;118.6728515625;-38.69615936279297;12.821310997009277;-46.87630081176758;-20.1950740814209;-3.325324296951294;-32.86097717285156;-2.400090456008911;-9.47485637664795;-11.999067306518555;-10.481884956359863;-6.557417392730713;5.133230209350586;-21.583364486694336;-3.1568000316619873;-6.44656229019165;-6.219627857208252;1.905828595161438;-10.634178161621094;-3.674564838409424;0.2805151641368866;2.0322608947753906;-1.9072904586791992;-3.211366891860962;1.4336332082748413;1.5011579990386963;0.8605577349662781;1.2484029531478882;-0.6731767058372498;0.4165283739566803;0.8429448008537292;-0.5980718731880188;0.13425461947917938;-0.0020147731993347406;-0.2828146815299988;0.32524195313453674;-0.6351208090782166;1.1655174493789673;0.585832953453064;-10.227072715759277;1.0534790754318237;1.8684074878692627;0.9554169774055481;2.9913816452026367;0.5013955235481262;-0.43042653799057007;0.2629817724227905;-0.550352156162262;0.32147637009620667;-0.5953919887542725;0.2363777458667755;-0.21167954802513123;-0.9352772831916809;0.730046808719635;-0.5265201926231384;-0.035788919776678085;0.5127648711204529;-0.2589729130268097;-0.28525617718696594
blanco/blanco_vkal_h_esp.mp3;-268.20782470703125;133.2093963623047;9.552840232849121;15.422316551208496;-1.486150860786438;30.69927978515625;4.444692611694336;1.0198276042938232;8.33845329284668;-4.1666388511657715;2.4710357189178467;-8.352627754211426;9.030305862426758;0.05666431412100792;-10.127219200134277;-3.3711795806884766;-12.120420455932617;-6.284852981567383;0.024688497185707092;-2.3874688148498535;1.9132260084152222;-3.8455519676208496;-5.449786186218262;-7.822085380554199;-6.445780277252197;2.055661678314209;2.729017496109009;2.1501097679138184;-0.2481899857521057;-2.6932709217071533;1.17951500415802;-0.7625937461853027;1.8821830749511719;0.17295725643634796;-1.1066089868545532;-0.045258935540914536;-0.0602043941617012;0.9700021147727966;-0.4832972288131714;-0.6051027774810791;-2.1067872047424316;-0.9735009670257568;0.35420310497283936;-2.748751401901245;-2.3155155181884766;-0.08224952965974808;-0.036892637610435486;0.18970872461795807;0.2832005023956299;-0.49635034799575806;0.6685745120048523;-0.7015776634216309;-1.0003782510757446;0.05564914643764496;-0.07683458924293518;-0.06741365045309067;0.6533015966415405;0.44260621070861816;-0.3538673520088196;0.10771244019269943
blanco/blanco_wordfor_m_col.mp3;-173.79873657226562;31.988317489624023;-48.85908889770508;9.227279663085938;-14.685559272766113;5.374821186065674;-14.917303085327148;0.738219141960144;6.761929512023926;-20.317785263061523;-25.6516170501709;-2.1635584831237793;-0.6458604335784912;-4.026296138763428;-7.596410274505615;1.459524393081665;-2.147862195968628;2.5610599517822266;-13.135533332824707;-2.6178488731384277;-19.34100341796875;6.193719387054443;-1.4683396816253662;1.1569459438323975;3.0968105792999268;1.189305067062378;1.9401938915252686;-2.717510223388672;-2.395987033843994;-1.6097667217254639;-1.8484869003295898;-0.8134051561355591;-2.875532865524292;1.936655044555664;-1.4513401985168457;-1.02898371219635;1.6354701519012451;-0.8795410990715027;-0.8779314160346985;-0.362796425819397;-31.348114013671875;3.826087236404419;6.121977806091309;6.868206977844238;-1.036646842956543;-0.8543592691421509;-1.5660425424575806;-1.7586414813995361;-2.38993501663208;0.3313782215118408;-0.051023177802562714;-1.2694132328033447;1.1845932006835938;-2.2855772972106934;0.9585443735122681;-0.5264919996261597;0.17738299071788788;-2.0291237831115723;-0.45675182342529297;0.3144212067127228
bolso/bolso_camilorosa_h_chile.mp3;-200.2039794921875;104.3412094116211;26.131229400634766;43.10953903198242;-12.699419975280762;-0.5639262199401855;3.8107876777648926;-7.941026210784912;6.0187764167785645;10.270467758178711;-27.02107810974121;-4.601826190948486;-4.020923614501953;-1.8738306760787964;-8.92834186553955;-0.9941036701202393;-11.023591041564941;-0.06458001583814621;-2.5259602069854736;5.5186614990234375;-1.425142526626587;3.4957022666931152;0.3709312677383423;-0.9449924826622009;-3.041921854019165;-1.386560082435608;0.3821130096912384;-0.7457928657531738;0.7746740579605103;0.14945776760578156;-0.039536844938993454;-0.29457786679267883;0.4399874806404114;0.012584568001329899;0.5599410533905029;0.4851164221763611;0.1675700545310974;-0.13581424951553345;-0.1767386794090271;-0.33764687180519104;-4.695183277130127;-1.4799107313156128;-0.010005465708673;-0.6891538500785828;1.1573083400726318;0.03992092236876488;0.7660121321678162;0.24199436604976654;-0.00511573301628232;-0.4476568400859833;0.2338174730539322;0.13443197309970856;-0.36060547828674316;0.4993612468242645;-0.06751362234354019;-0.443830281496048;-0.0880993977189064;-6.784498691558838e-05;0.0793423056602478;0.1084849089384079
bolso/bolso_mareze_h_arg.mp3;-266.7873229980469;102.33331298828125;66.17393493652344;-1.4949997663497925;-24.76723861694336;16.822267532348633;-35.48320388793945;15.414050102233887;-38.018836975097656;10.569645881652832;-14.344590187072754;14.792062759399414;-31.108402252197266;26.923051834106445;-31.130205154418945;-5.262866020202637;3.5810816287994385;-10.327568054199219;-7.592144012451172;-8.691601753234863;-9.952934265136719;2.764322280883789;3.2805099487304688;-0.6849694848060608;0.024922875687479973;1.392142653465271;-0.05746476724743843;-1.2680020332336426;0.3959755301475525;-0.365820974111557;2.0937340259552;-1.221927285194397;2.9447717666625977;-1.3187899589538574;0.06557635962963104;-0.09991230070590973;0.13339275121688843;0.5018005967140198;0.18230761587619781;1.8321986198425293;-6.070415496826172;1.9411506652832031;-0.12583087384700775;-0.8572849035263062;0.9674369692802429;-0.31307509541511536;1.3821769952774048;-0.23163995146751404;1.065415620803833;-0.7252000570297241;-0.0645461305975914;-0.3848119080066681;1.3933424949645996;-1.46759831905365;-0.14881926774978638;0.38165247440338135;-0.7414888143539429;0.41751351952552795;-0.46997421979904175;0.4004976749420166
bolso/bolso_sperez2418_h_mex.mp3;-264.44720458984375;111.90559387207031;35.04557418823242;32.29181671142578;-26.474170684814453;-7.969654083251953;4.160459995269775;-12.515190124511719;-21.241443634033203;-6.287781715393066;-19.972394943237305;3.4614546298980713;-6.374128341674805;3.674252986907959;-1.5015439987182617;-12.196669578552246;5.520702362060547;-15.3423490524292;-3.0255424976348877;-11.338166236877441;-0.4040715992450714;3.1583051681518555;-0.7793068885803223;-2.8653676509857178;-1.3125098943710327;0.4104439616203308;-0.41646483540534973;0.030997464433312416;0.3036029636859894;-0.7705168724060059;-0.14436614513397217;1.1399072408676147;-0.28028130531311035;-0.4207440912723541;0.8589600920677185;-0.7186535596847534;-0.2898158133029938;1.0007259845733643;-0.05966486409306526;0.02251957543194294;-7.229687213897705;-0.3373779356479645;-0.9979278445243835;1.3893346786499023;2.1016781330108643;1.0589840412139893;0.14232094585895538;-0.05983991548418999;0.36600461602211;0.09326662868261337;0.9769479632377625;-0.46366238594055176;0.12393500655889511;-0.6710126399993896;-0.3017939627170563;-0.1052166074514389;-0.2339968979358673;0.4219764769077301;-0.15195167064666748;0.6306353807449341
bolso/bolso_treintaitantos_h_esp.mp3;-282.0112609863281;122.41668701171875;-10.008367538452148;51.30510330200195;-11.556678771972656;-15.108884811401367;27.192092895507812;0.03184327483177185;-31.11993980407715;2.783649206161499;-2.0421347618103027;-3.895716667175293;16.51687240600586;14.580406188964844;9.37020206451416;10.643014907836914;4.705334186553955;5.158360481262207;-0.48889482021331787;5.743858337402344;2.477712631225586;3.1728599071502686;-4.148618221282959;-3.3638131618499756;-0.9263609051704407;1.4227021932601929;0.2839338779449463;-0.7995631098747253;-2.62605357170105;-2.4647154808044434;-0.3152659833431244;1.3134994506835938;0.7875171303749084;0.03166963532567024;1.8440401554107666;-0.2709771692752838;-0.40848684310913086;0.5711635947227478;-0.3831839859485626;-0.08190285414457321;-10.2323579788208;-0.6707362532615662;2.202693462371826;-0.7660186290740967;2.1726245880126953;1.634117841720581;-1.3807713985443115;-0.18627361953258514;1.7228792905807495;-0.03718838095664978;-0.1579742431640625;0.015752801671624184;-0.2722542881965637;-0.2672595977783203;0.12765641510486603;-0.40258684754371643;-0.3579601049423218;-0.25239649415016174;-0.21777434647083282;0.2210945039987564
bufanda/bufanda_alter_h_ven.mp3;-275.2857666015625;209.32034301757812;3.359335422515869;-6.368776321411133;1.6064887046813965;-8.13049602508545;-24.615562438964844;-19.349672317504883;-21.61536407470703;-7.105953216552734;-4.387957572937012;-7.5973029136657715;-9.862052917480469;-0.5277078747749329;-1.8435813188552856;-10.461539268493652;-6.2691426277160645;0.6128019690513611;-7.477748394012451;-6.252907752990723;-1.9780349731445312;2.735827922821045;-1.8147087097167969;-1.3783411979675293;1.3975958824157715;0.7475973963737488;-1.7737488746643066;-1.8972944021224976;0.46950817108154297;1.2360098361968994;2.1613986492156982;0.262310266494751;-0.21984073519706726;0.682997465133667;0.69395911693573;-0.9707302451133728;-0.24803219735622406;-0.3502615690231323;-0.0806952565908432;-0.32680994272232056;-3.3545196056365967;-2.469728708267212;0.8689916133880615;0.33936575055122375;0.400642991065979;0.3228127956390381;-0.8863497376441956;0.2611892819404602;0.9290308356285095;-0.0470142625272274;0.4444660544395447;0.7193556427955627;0.31238633394241333;-0.3339862823486328;0.7254307270050049;0.9208522439002991;-0.0517253652215004;-0.10196594148874283;-0.05485288426280022;0.42639148235321045
bufanda/bufanda_borum_h_esp.mp3;-264.8686828613281;118.15838623046875;6.125884532928467;6.612547397613525;-20.732717514038086;-0.2314039170742035;-13.532740592956543;-8.341650009155273;-14.645101547241211;13.501195907592773;-0.3107631802558899;-16.21407699584961;-3.880897045135498;-7.118330478668213;-10.156250953674316;-3.060330629348755;-13.29241943359375;-2.3359808921813965;-4.745500564575195;-12.04661750793457;8.309213638305664;-4.045183181762695;-3.2396092414855957;-2.5885002613067627;-0.009135502390563488;1.7201473712921143;-1.9809448719024658;-0.9944165945053101;1.2654392719268799;2.892582416534424;0.6438401937484741;2.3346002101898193;0.6204678416252136;0.759844183921814;-0.6748291254043579;-0.46547070145606995;-0.9862998127937317;0.4794340133666992;1.5431734323501587;-0.6038586497306824;-8.06523609161377;0.9074609875679016;-0.9741196632385254;-0.07546515762805939;0.8948653340339661;1.1740339994430542;0.5914053320884705;0.31032419204711914;0.4450376629829407;0.06959400326013565;0.6475991606712341;-0.2445306032896042;-0.13353374600410461;-0.22940123081207275;-0.46129369735717773;-0.33984798192977905;0.4325985908508301;-0.2198432981967926;0.20154204964637756;0.21932682394981384
bufanda/bufanda_Gorgorito_h_esp.mp3;-276.85614013671875;129.84481811523438;11.581329345703125;12.822489738464355;18.5500431060791;0.19981804490089417;5.396937847137451;-1.5140575170516968;-1.1010538339614868;-0.5584107637405396;4.302699565887451;4.00464391708374;-13.208281517028809;15.499014854431152;-4.555389404296875;-1.7691012620925903;-14.725661277770996;9.754999160766602;-10.48366641998291;9.800069808959961;1.3549326658248901;-1.0961496829986572;0.022567717358469963;-1.322541356086731;-0.8396137952804565;-0.3162897825241089;-0.44204655289649963;-1.12091863155365;1.3150814771652222;2.156388282775879;1.8890578746795654;0.12913748621940613;0.6462738513946533;-0.2052244395017624;-0.014913667924702168;0.3483349084854126;0.17948053777217865;0.9636203646659851;-0.3738674223423004;0.9512701630592346;-3.0646469593048096;-1.1229745149612427;0.43322715163230896;0.7535936832427979;0.25446322560310364;0.46568238735198975;-0.23724834620952606;0.8514811396598816;-0.35372722148895264;-0.16632433235645294;-0.4121454954147339;0.12819842994213104;0.4086451828479767;0.15990260243415833;0.023309342563152313;-0.13315065205097198;0.27070072293281555;-0.41641589999198914;0.19363173842430115;-0.06222831830382347
bufanda/bufanda_oscarm_h_esp.mp3;-251.1143035888672;107.2870101928711;-2.572690963745117;9.379352569580078;-18.83806610107422;-11.596941947937012;-5.023288249969482;-20.462993621826172;-22.201868057250977;11.414938926696777;-15.742900848388672;-12.08582878112793;-18.636245727539062;-4.103937149047852;-7.696264743804932;-16.60124397277832;-1.6074481010437012;-7.255244255065918;-2.739705801010132;-4.096951961517334;7.025503158569336;-2.3500356674194336;-4.084682464599609;-2.2928054332733154;0.0019569052383303642;0.8153079152107239;-1.3124282360076904;0.8641292452812195;-0.8643550872802734;2.137932062149048;-0.06405514478683472;0.5982893109321594;-0.17841552197933197;1.0957046747207642;-0.11139414459466934;-1.2146662473678589;0.9307112693786621;-1.3900883197784424;-0.08199335634708405;-0.0022659332025796175;-5.22230339050293;0.3604466915130615;-0.4690532088279724;-1.1312870979309082;0.399027019739151;1.144523024559021;-0.1057019755244255;1.017674207687378;0.01637979783117771;0.8656668663024902;0.4511432647705078;0.8849019408226013;-0.2003466933965683;0.4013155996799469;0.6196445226669312;-0.407368004322052;0.019495202228426933;-0.31367579102516174;-0.3806358575820923;0.4059336185455322
bufanda/bufanda_pola_m_mex.mp3;-263.2835388183594;81.11663818359375;-51.58284378051758;5.9182281494140625;-38.37086486816406;3.209477663040161;-28.878507614135742;-2.0855228900909424;-3.1817944049835205;-8.96264362335205;-3.7777493000030518;-19.92828369140625;0.1994224339723587;-5.731860637664795;-13.122454643249512;-5.900577545166016;-16.90093231201172;-6.6396002769470215;-8.492116928100586;-13.236493110656738;4.984121799468994;-0.3582907021045685;-4.378981113433838;-2.7176268100738525;-0.6884394288063049;0.8217447400093079;-0.728985071182251;0.8605597615242004;1.1699748039245605;0.9533793330192566;-0.3578000068664551;-0.22848530113697052;-0.12429287284612656;-0.038935959339141846;-0.09901881217956543;-0.10127290338277817;-0.06012992188334465;0.13013720512390137;0.6846438050270081;-0.06496360152959824;-3.631296396255493;0.4977432191371918;0.15189377963542938;-0.1235567256808281;0.8751558661460876;-0.004171272274106741;1.425517201423645;0.1280692219734192;0.34468507766723633;0.1501271277666092;0.3142339885234833;0.023409029468894005;-0.11598675698041916;0.34242066740989685;-0.12543296813964844;0.3364243507385254;0.05318005755543709;0.18306417763233185;-0.023894092068076134;0.1554904729127884
bufanda/bufanda_wordfor_m_col.mp3;-202.841796875;40.39286422729492;-27.794952392578125;1.987130880355835;-20.578882217407227;1.8539224863052368;-19.278270721435547;6.447137832641602;-7.992739200592041;-11.411745071411133;-20.321352005004883;-2.14925479888916;-11.751321792602539;-7.847009658813477;-10.510380744934082;-3.128995418548584;-6.813631057739258;-4.867531776428223;-6.115530490875244;-4.0450520515441895;2.7756855487823486;0.5278008580207825;-1.5498279333114624;-0.41788768768310547;-0.4158511757850647;-1.001543402671814;0.09556245803833008;-0.5710479021072388;1.5573092699050903;0.2018430233001709;-0.6244997978210449;-0.09344182908535004;-0.746623158454895;-0.9147084355354309;-0.6282798051834106;0.7457740306854248;-0.17226368188858032;0.5519236326217651;-0.02303631789982319;-0.09683369100093842;-4.359306335449219;2.867257833480835;-2.4592719078063965;-1.1731706857681274;-0.6483939290046692;1.5724581480026245;0.10560933500528336;0.2980285584926605;0.2820069491863251;-0.28411391377449036;-0.6851436495780945;0.16037915647029877;-0.1998734325170517;1.1034871339797974;-0.7609999179840088;-0.22755376994609833;0.24128161370754242;-0.14963524043560028;0.0846967026591301;-0.6337997317314148
cara/cara_beitter_m_esp.mp3;-144.15386962890625;97.5977783203125;-39.727840423583984;19.05426788330078;-19.46723747253418;5.7206645011901855;-7.772095203399658;29.597394943237305;-2.8992557525634766;4.458705425262451;-13.197598457336426;5.544721603393555;2.423410654067993;-7.4182281494140625;3.293895959854126;4.419707775115967;-7.386524200439453;4.350136756896973;-2.9052886962890625;5.497585773468018;-2.4282100200653076;6.362172603607178;0.2670566737651825;0.7989391684532166;-1.8131707906723022;1.4201022386550903;0.78792405128479;-1.7933887243270874;0.9297454953193665;-1.8943666219711304;-0.9778475761413574;-1.0125068426132202;-1.3366661071777344;-2.1292169094085693;0.2535383701324463;-1.0242611169815063;-0.2261807918548584;0.17282144725322723;-0.8830487728118896;-1.2063686847686768;-18.26630210876465;-3.103792190551758;3.5879065990448;-0.04984744265675545;3.805361747741699;0.5998536944389343;1.0764414072036743;0.023117130622267723;0.9625318050384521;0.13542033731937408;0.19461233913898468;0.3123972415924072;-0.0598936527967453;0.962428867816925;-0.24879197776317596;-0.3505375385284424;0.6148553490638733;-0.43495073914527893;-0.031812407076358795;0.20895548164844513
cara/cara_dakes_h_esp.mp3;-184.3885955810547;142.23646545410156;-73.64659881591797;14.697955131530762;-25.60260772705078;-9.500751495361328;-10.712474822998047;2.5024406909942627;10.326294898986816;6.2156596183776855;-4.340574741363525;-4.831377983093262;-9.337379455566406;6.318175792694092;-13.413151741027832;-7.746749401092529;-3.7849607467651367;3.2816073894500732;-11.662960052490234;-0.33686375617980957;-22.76312828063965;3.530573606491089;3.4836645126342773;-2.004657745361328;1.2238625288009644;0.31637296080589294;3.6032817363739014;1.4156996011734009;0.7503442764282227;2.935722589492798;-0.4390401840209961;-1.7063690423965454;2.557079553604126;0.045407261699438095;-1.310855746269226;0.3350219428539276;0.1386938840150833;0.16558802127838135;0.5806539058685303;0.598258912563324;-15.420071601867676;-2.7304394245147705;1.7727813720703125;-0.27981439232826233;2.429832696914673;-0.3674180209636688;1.0133520364761353;1.4747933149337769;-0.691459596157074;-0.13133172690868378;-0.24208223819732666;0.6010456681251526;0.8176986575126648;0.059439655393362045;1.286171793937683;-0.3902755081653595;1.3078031539916992;-0.5376737713813782;-0.03319245204329491;0.628176212310791
cara/cara_diegoalcara_h_esp.mp3;-217.12997436523438;122.92529296875;-83.78545379638672;14.919763565063477;-25.94900894165039;-1.5889666080474854;7.614048957824707;2.209317445755005;9.516195297241211;19.521867752075195;-14.181519508361816;-10.136899948120117;3.022357702255249;-2.8724558353424072;-4.872134685516357;-9.427224159240723;-4.487202167510986;-1.8074123859405518;-19.018718719482422;4.229094982147217;-16.150081634521484;-0.6747649312019348;3.357243537902832;-5.7874755859375;1.001365303993225;5.010502338409424;2.6892340183258057;0.9610203504562378;-2.9771554470062256;3.2987284660339355;-1.5844556093215942;0.314422070980072;0.8394519090652466;1.3229069709777832;1.008134126663208;0.6236178278923035;0.479265958070755;-0.1831028312444687;1.158820629119873;1.2887699604034424;-9.154218673706055;-2.011516809463501;1.8080906867980957;-2.907015085220337;1.6145590543746948;1.120115041732788;0.7861371636390686;0.4448900818824768;-0.5827131867408752;-0.6113784909248352;0.9081821441650391;0.0053879390470683575;-0.12235195189714432;-0.5493612885475159;0.149501234292984;-0.19142547249794006;-1.11430025100708;0.06820721179246902;0.2879941165447235;0.024418234825134277
cara/cara_emiliop_h_esp.mp3;-226.00523376464844;112.62767791748047;-99.58425903320312;44.41612243652344;-38.694942474365234;-19.82063102722168;5.104879856109619;-10.790837287902832;-5.772181034088135;44.01247024536133;-11.52657413482666;4.653374195098877;-18.50829315185547;-1.6853291988372803;-12.179265975952148;-9.662577629089355;2.0645484924316406;-0.22661717236042023;-0.8085556030273438;-3.1344566345214844;-17.267419815063477;-2.087022304534912;0.2701890766620636;-0.7227036952972412;0.5156359076499939;-1.0242053270339966;3.652390241622925;-1.5695178508758545;1.2862471342086792;3.595263719558716;-0.44969770312309265;1.3672090768814087;-0.7396080493927002;-0.16315288841724396;2.3848280906677246;-0.7082993984222412;1.0077956914901733;0.8836336135864258;1.714768648147583;0.6783435344696045;-10.9351806640625;-0.674621045589447;1.608966588973999;-0.11244355142116547;1.340248942375183;0.9957320094108582;-0.28038349747657776;-0.054469991475343704;0.8297923803329468;-1.0187023878097534;1.2269313335418701;-0.5885233283042908;0.9927484393119812;0.019611438736319542;-0.49502798914909363;0.3460947573184967;-0.31265610456466675;-0.4222012460231781;0.27772602438926697;-0.33365678787231445
cara/cara_luisdamianprimo_h_arg.mp3;-136.59718322753906;116.76909637451172;-17.768543243408203;-24.71137237548828;-3.353013515472412;16.879426956176758;-27.39908790588379;9.986891746520996;-12.499847412109375;17.67804718017578;-2.112792730331421;-7.364304542541504;-11.240930557250977;-2.523529291152954;-10.419445991516113;-1.8977999687194824;-15.434640884399414;0.3671683371067047;-9.864208221435547;-2.402663469314575;-9.565832138061523;-1.31707763671875;5.06076192855835;0.15559087693691254;2.4648666381835938;1.4558194875717163;1.6777645349502563;3.8632891178131104;-0.5797531008720398;1.2367604970932007;0.9454015493392944;-0.8451045155525208;-0.2642329931259155;0.2789432406425476;1.516113519668579;-0.44477570056915283;-0.04196656122803688;0.622177243232727;0.637087881565094;0.04419178515672684;-8.629805564880371;-0.2023477405309677;0.7008655667304993;0.02693878300487995;1.4293159246444702;0.6102286577224731;-0.5261430740356445;-0.09457573294639587;0.5537644624710083;0.018968502059578896;-0.6846594214439392;-0.3372859060764313;0.44386786222457886;-0.2279263436794281;-0.1547793596982956;-0.8020861148834229;0.049078721553087234;0.05591718852519989;-0.43906843662261963;-0.1141924187541008
cara/cara_orgullomoore_h_eeuu.mp3;-189.63352966308594;97.66315460205078;-47.05598449707031;-6.53924036026001;-1.2736080884933472;-1.1627107858657837;-31.37843132019043;19.552492141723633;-8.909016609191895;29.74760627746582;-19.900407791137695;-2.9168148040771484;-6.270599365234375;0.9482576847076416;-10.987473487854004;-7.832700729370117;-2.736480474472046;2.2288947105407715;-3.5540554523468018;-5.641831874847412;-19.04069709777832;2.3749396800994873;1.5199871063232422;2.3110764026641846;0.7894807457923889;0.4968147277832031;3.4113426208496094;2.0251083374023438;-3.809180498123169;3.9020004272460938;-4.011608123779297;-0.2831967771053314;2.0129504203796387;0.04221313074231148;0.14752160012722015;1.2957289218902588;-0.007225175853818655;0.8208114504814148;2.035064697265625;1.253169298171997;-16.011098861694336;-2.294912099838257;-0.20424209535121918;1.2530028820037842;1.257158637046814;1.2745203971862793;0.48654457926750183;-0.8669554591178894;2.7040090560913086;-2.7589054107666016;0.21871663630008698;1.4093117713928223;-0.6005843281745911;0.30752500891685486;0.9722929000854492;-0.4111737310886383;0.7563619017601013;0.8151423335075378;0.19529302418231964;-0.13959459960460663
cara/cara_oskerals_h_ven.mp3;-326.1768798828125;121.40179443359375;-74.48372650146484;45.8984260559082;-17.479873657226562;13.8709135055542;4.848737716674805;-0.5702961087226868;13.784486770629883;-19.093782424926758;30.383329391479492;-2.057246446609497;9.038446426391602;16.88936996459961;-31.550601959228516;11.337332725524902;-2.9185619354248047;3.914139747619629;-17.127418518066406;8.481232643127441;-19.972972869873047;-1.252638816833496;6.244808197021484;-1.4472604990005493;4.310380458831787;-0.16962023079395294;3.13193678855896;6.264251232147217;0.11358179897069931;2.8484768867492676;-0.35491618514060974;-0.11607520282268524;2.6679272651672363;-1.852365493774414;1.576438546180725;-0.13822874426841736;1.57345449924469;-0.4677441120147705;-0.6441081166267395;-0.5481390953063965;-11.979960441589355;-3.276719808578491;3.3208560943603516;0.6111043095588684;1.303449034690857;0.36439844965934753;-0.26147162914276123;0.1002432331442833;-1.051262617111206;0.39281895756721497;-0.022317027673125267;0.47294172644615173;1.4590895175933838;-1.181187629699707;1.5678491592407227;-0.2967337667942047;0.14015333354473114;0.7867287993431091;0.03152863681316376;0.8233039975166321
cara/cara_randomlino_h_peru.mp3;-211.27566528320312;81.32112884521484;-49.079124450683594;28.955875396728516;-31.448665618896484;-13.132009506225586;1.4214295148849487;-22.54454803466797;16.23095703125;21.09507942199707;-12.601140975952148;-10.201822280883789;-16.05351448059082;14.77332878112793;-24.420757293701172;-6.5955891609191895;-6.102530479431152;2.0105018615722656;-7.412289142608643;-2.4111952781677246;-12.879302024841309;3.661038875579834;-0.23784157633781433;1.6570188999176025;-0.5944153070449829;1.0509644746780396;0.3696495294570923;-0.4303368926048279;3.7412428855895996;-1.090884804725647;0.875131368637085;1.1025937795639038;-0.896652102470398;0.5898129940032959;-2.0867741107940674;1.2538388967514038;0.21606460213661194;0.5431209206581116;-0.11412541568279266;0.8272571563720703;-18.014026641845703;-0.636654257774353;3.2238943576812744;-0.6775785684585571;1.9619752168655396;0.6936185359954834;-0.6612221002578735;1.2319823503494263;-0.34162601828575134;-0.09477674961090088;0.7925377488136292;-0.1988949030637741;1.2623049020767212;-0.38725578784942627;0.6725526452064514;0.4645316004753113;-0.009490670636296272;0.374315083026886;-0.2537187337875366;0.4256703555583954
cara/cara_victornalab_h_ven.mp3;-221.7995147705078;126.13014221191406;-42.11244583129883;-5.0990447998046875;-10.860066413879395;-40.721153259277344;-3.3492543697357178;-24.177297592163086;7.830777645111084;4.216118335723877;-32.14638137817383;-5.348511219024658;-10.690431594848633;8.283136367797852;-22.407560348510742;4.90597677230835;-16.225080490112305;-4.5578484535217285;-11.034066200256348;-2.363605260848999;-2.048860788345337;6.320171356201172;2.4514012336730957;-5.321056842803955;-0.4127011299133301;1.5781238079071045;0.7859856486320496;2.068906307220459;-0.9977253675460815;3.3024590015411377;-2.256016254425049;-0.5045638084411621;-0.4846326410770416;-0.35203245282173157;0.26007699966430664;-1.7117873430252075;1.6796976327896118;-1.1701672077178955;1.067030429840088;-1.0356613397598267;-12.894572257995605;-2.1865389347076416;2.124011754989624;0.3029337525367737;1.0462380647659302;1.0695548057556152;-1.8324391841888428;1.1187260150909424;-1.2161937952041626;-0.9616645574569702;1.1062002182006836;-0.9164213538169861;1.5924770832061768;-0.8035038709640503;0.9235259890556335;-0.405867338180542;0.0828990787267685;0.017824305221438408;0.00028409488731995225;0.28178977966308594
chaqueta/chaqueta_effystonem_m_mex.mp3;-298.9053649902344;79.64239501953125;-30.919843673706055;-1.0289894342422485;-65.48870086669922;-11.43804931640625;-36.22422790527344;-15.395974159240723;2.2637686729431152;-8.307408332824707;-28.60370635986328;-7.7972731590271;-9.601906776428223;-21.704612731933594;-6.340208053588867;3.0828566551208496;-6.559186935424805;-9.070755958557129;-14.633541107177734;-22.832712173461914;-5.005833148956299;4.874616622924805;-1.0473419427871704;-0.8201789855957031;2.6297056674957275;1.1925710439682007;1.3139138221740723;-1.209701418876648;-0.5508337020874023;-0.5457360744476318;0.02242051437497139;0.25087639689445496;1.5665825605392456;2.2618541717529297;0.22977109253406525;1.331666111946106;1.9121181964874268;0.14422696828842163;0.38482674956321716;0.8638182282447815;-6.160226821899414;-2.172905921936035;3.5431554317474365;-0.11778099089860916;1.1558585166931152;0.17034707963466644;1.9330273866653442;1.2747780084609985;0.16498273611068726;0.45980167388916016;0.8273589611053467;0.5164809226989746;0.0642324760556221;1.2153815031051636;-0.3831671476364136;-0.45658227801322937;-0.4435572624206543;0.20356617867946625;0.17500470578670502;0.8151746988296509
chaqueta/chaqueta_irs00013_m_esp.mp3;-244.3402099609375;92.5869140625;7.021090030670166;-3.133382797241211;-22.894981384277344;-22.733057022094727;-6.575115203857422;1.5451749563217163;-3.0881245136260986;-2.44054913520813;-29.5477237701416;-5.390936374664307;-8.546212196350098;-10.06344985961914;-3.6220505237579346;-1.3847111463546753;-10.232529640197754;-4.691000461578369;-11.661131858825684;1.977791428565979;-6.890237808227539;8.965258598327637;-2.7162389755249023;1.6515084505081177;-0.48113393783569336;2.9501352310180664;-0.0687899962067604;0.10173287242650986;0.6593548059463501;-1.1516858339309692;-0.7517464756965637;-0.7582805752754211;0.16038765013217926;-0.6131701469421387;-0.5102663636207581;0.028880596160888672;0.43153974413871765;-0.475596159696579;0.22369135916233063;-0.2607177793979645;-13.154940605163574;-3.0452871322631836;3.219141721725464;-1.0286747217178345;1.2645446062088013;-0.01511422824114561;0.5436990857124329;-0.6083647012710571;0.10560939460992813;-0.1660027652978897;0.1805838942527771;0.1941940188407898;0.2386072874069214;0.08194431662559509;0.17342525720596313;0.06862349063158035;0.6420938372612;-0.15033550560474396;0.13238577544689178;0.26779234409332275
chaqueta/chaqueta_packo38_h_esp.mp3;-291.36444091796875;97.27925109863281;-7.882133960723877;73.66768646240234;-6.084291934967041;-1.091639518737793;-54.91880416870117;-11.099566459655762;14.580822944641113;28.906503677368164;-2.924722909927368;1.5938133001327515;-25.094730377197266;-7.824513912200928;6.557059288024902;9.382145881652832;0.31102636456489563;-3.1714844703674316;-17.486223220825195;1.3486422300338745;-5.443655014038086;6.899270057678223;-1.7442153692245483;-1.6963586807250977;2.944298028945923;-0.29666784405708313;2.7015750408172607;0.7554481625556946;1.1041995286941528;-1.4615319967269897;1.618361473083496;-0.6335099339485168;-0.06669267266988754;-0.04221778362989426;-0.03348580002784729;-0.7087494134902954;1.0031462907791138;-0.3023984730243683;0.14369653165340424;0.08699475228786469;-7.338277339935303;-3.706643581390381;0.7606105208396912;-0.5119406580924988;-1.1425909996032715;-0.02206079103052616;0.4576241672039032;0.002397320931777358;0.02051987312734127;-0.19762274622917175;-0.6674957275390625;-0.06243559345602989;0.7866736054420471;-0.3868004083633423;0.4923135042190552;0.2788578271865845;-0.5797598361968994;0.2054545134305954;0.3773095905780792;0.4089291989803314
chaqueta/chaqueta_pleitecas_h_esp.mp3;-203.348876953125;78.06098175048828;-44.94839096069336;46.48146438598633;-27.40131378173828;11.008458137512207;-23.916458129882812;24.7752628326416;-11.041767120361328;7.489955425262451;-3.3868157863616943;0.6448797583580017;3.2421462535858154;1.0520745515823364;-1.8734594583511353;-1.499521255493164;-1.703610897064209;-2.2787210941314697;5.769796371459961;-1.048632025718689;-0.17372703552246094;9.318245887756348;-3.0774614810943604;-1.7117739915847778;3.9189960956573486;1.5588032007217407;1.5172929763793945;-0.41278693079948425;2.2929890155792236;-1.0180267095565796;0.73457270860672;-2.1392009258270264;0.2611033022403717;-0.2171172946691513;-0.7627873420715332;-0.7148450016975403;1.1674777269363403;-0.21182554960250854;-1.2751284837722778;0.001534064649604261;-10.608677864074707;-3.8833930492401123;0.18780989944934845;-0.9004520773887634;0.4999518096446991;0.31255605816841125;1.2477530241012573;-0.2644888758659363;-0.1356613039970398;-0.19183635711669922;0.8002373576164246;0.22736495733261108;0.28259608149528503;-0.08175265043973923;0.7384493947029114;-0.48817959427833557;-1.0695112943649292;0.13212180137634277;0.1887681484222412;0.2892700433731079
chaqueta/chaqueta_urso170_h_arg.mp3;-206.46197509765625;97.25639343261719;-33.572593688964844;30.317598342895508;-19.1165828704834;12.049418449401855;-29.441478729248047;-2.2491953372955322;-1.3320837020874023;3.9562199115753174;-19.656835556030273;-3.4146158695220947;-4.828910827636719;-0.6238102912902832;-21.455305099487305;-2.7592759132385254;-14.599427223205566;0.6579116582870483;-6.163311958312988;-9.391711235046387;-6.014511585235596;5.776645183563232;-1.1469672918319702;0.3894155025482178;1.549383282661438;0.7401352524757385;1.4869472980499268;-0.34885701537132263;2.606351613998413;0.22059504687786102;0.903713583946228;-0.8613054752349854;0.5544920563697815;-0.2354269027709961;0.48677951097488403;-1.1517304182052612;-0.1910974234342575;0.25826022028923035;0.043516963720321655;-0.6856411099433899;-10.892892837524414;-4.529473304748535;1.171367883682251;-0.975028932094574;0.46286648511886597;1.1371257305145264;0.310276061296463;1.0803766250610352;-0.7451297640800476;-0.16356082260608673;0.20898905396461487;-0.1234036535024643;0.04160405695438385;-0.16014227271080017;1.107883095741272;0.243059441447258;0.07727827876806259;0.27045580744743347;0.0870489776134491;-0.18314948678016663
chaqueta/chaqueta_wordfor_m_col.mp3;-240.042724609375;-7.176424980163574;-0.542190670967102;17.089324951171875;-29.850116729736328;-19.602426528930664;-14.140912055969238;10.010737419128418;-26.203062057495117;8.720059394836426;-9.594484329223633;4.955319404602051;-2.9047279357910156;-3.9361417293548584;-7.330259799957275;-0.43406596779823303;-5.241537570953369;2.0708584785461426;-1.834256887435913;-0.21607807278633118;-1.713632345199585;7.057696342468262;2.2760562896728516;3.5583746433258057;-0.920220673084259;-4.8031721115112305;0.33864614367485046;-1.6936355829238892;-2.442087173461914;1.1770050525665283;-1.5280370712280273;0.45463910698890686;-0.08559935539960861;0.19196109473705292;-0.5467233061790466;-0.126104474067688;0.7319056391716003;-0.682352602481842;0.052314501255750656;-0.4158475399017334;-18.13625144958496;-3.1664793491363525;2.295422315597534;1.0740880966186523;1.4708720445632935;1.7849771976470947;0.019876250997185707;0.05158407241106033;1.2697726488113403;0.19757488369941711;0.3347533345222473;0.06831537187099457;0.5119271874427795;0.4463619589805603;1.1216593980789185;0.1966959536075592;0.28608256578445435;0.44169989228248596;0.07520323246717453;0.5250251889228821
cielo/cielo_alter_h_ven.mp3;-261.7275390625;158.7240753173828;-1.840027093887329;28.078474044799805;21.184101104736328;10.746700286865234;-14.711980819702148;-14.152068138122559;-13.728866577148438;-4.3595991134643555;-10.62341022491455;9.811345100402832;-3.4661271572113037;-0.5848772525787354;7.417123317718506;-7.2467756271362305;-3.638556718826294;1.5920437574386597;-7.674304008483887;-6.352220058441162;-22.709121704101562;1.1128854751586914;5.081665515899658;-2.5857274532318115;1.105108618736267;3.6887876987457275;5.402652740478516;1.5960294008255005;0.8283825516700745;0.8045337796211243;2.008665084838867;-0.4439625144004822;0.6168773770332336;0.08192461729049683;-0.45658817887306213;-0.12120740860700607;0.24820086359977722;-0.7269204258918762;0.6030964851379395;0.0646601989865303;-0.7133718729019165;-2.500732660293579;1.008168339729309;1.076877236366272;-0.3927963376045227;0.26817062497138977;-0.12444144487380981;0.4645942449569702;-0.29980412125587463;-0.5197310447692871;0.38106638193130493;0.15728795528411865;-0.13469165563583374;-0.36839941143989563;-0.15149657428264618;0.5594202876091003;0.1696593314409256;-0.02523653209209442;-0.1632065773010254;0.7525599002838135
cielo/cielo_Aradia_m_arg.mp3;-340.6860656738281;138.83395385742188;13.715926170349121;39.031532287597656;-2.1943366527557373;-21.489221572875977;-11.350984573364258;-8.38839340209961;-19.391925811767578;7.807652473449707;-7.726632118225098;1.344351887702942;3.0528364181518555;-11.795233726501465;-1.1641806364059448;2.924988031387329;-3.4191410541534424;-3.962117910385132;-3.6233603954315186;-5.614528179168701;-10.46864128112793;9.003511428833008;-4.644106388092041;-7.019364356994629;0.7785499691963196;4.700581073760986;2.049260377883911;-0.621942400932312;3.5904250144958496;1.263853907585144;-0.4734390377998352;0.02412303350865841;0.6541029214859009;-0.42712652683258057;-0.26220354437828064;-0.5500766038894653;0.2500600516796112;-1.408282995223999;1.3030213117599487;1.62920343875885;-11.143442153930664;-5.0841498374938965;5.7022833824157715;-0.5986849665641785;2.6167361736297607;1.2114924192428589;1.691995620727539;0.6131116151809692;-0.6418200731277466;-1.1650761365890503;0.34559574723243713;0.41484153270721436;-0.4442949891090393;0.5397627353668213;0.042264897376298904;0.7867088913917542;-0.06176494061946869;1.1504560708999634;0.2520546317100525;-0.19401907920837402
cielo/cielo_beitter_m_esp.mp3;-229.0424346923828;79.46959686279297;14.102203369140625;45.0186653137207;-32.760536193847656;7.095914363861084;-14.481623649597168;2.1345510482788086;-9.74782657623291;5.255251407623291;-12.53397274017334;-2.063366174697876;3.712080478668213;-7.522274971008301;3.40655517578125;3.0705738067626953;-1.5861361026763916;1.561069369316101;-6.492867469787598;1.3462687730789185;2.1429226398468018;6.905830383300781;-7.314236164093018;-2.141491174697876;-4.924775123596191;-0.8837090134620667;-3.603188991546631;-3.243579864501953;-0.018071243539452553;-1.0399259328842163;-0.9747787714004517;-2.443694591522217;0.6850252151489258;-3.1462082862854004;-0.0968143567442894;-0.83375084400177;-0.8370193839073181;-1.1430622339248657;0.3327164053916931;-0.8153377175331116;-8.386338233947754;0.7312346696853638;-0.4680401682853699;-2.700589895248413;2.160792350769043;0.8909600377082825;0.992730438709259;0.08809906989336014;1.1993669271469116;0.3399490714073181;-0.38198795914649963;0.058805469423532486;-0.5550936460494995;-0.2789818346500397;-0.025949792936444283;0.03290131315588951;0.2271423637866974;0.12191466242074966;0.8923236727714539;0.13239265978336334
cielo/cielo_bilks_h_esp.mp3;-541.6404418945312;60.48320388793945;11.385961532592773;49.353904724121094;-6.471396446228027;10.82110595703125;2.0104966163635254;-5.400028228759766;-4.295384883880615;-1.2389463186264038;0.692215085029602;-1.4275017976760864;-4.389878749847412;0.8225626349449158;-1.4038054943084717;0.7374762296676636;2.0705411434173584;0.8861390948295593;-1.9177792072296143;-1.9725185632705688;-2.4394593238830566;0.5618544816970825;-1.3575338125228882;0.20023676753044128;-0.5849080681800842;-0.39371904730796814;-0.32552996277809143;-1.3297882080078125;0.18600063025951385;-0.4373076260089874;0.051192283630371094;-0.21425317227840424;0.225723996758461;-0.07408533245325089;-0.30338242650032043;-0.1744721531867981;-0.02288684993982315;-0.09102028608322144;0.13753202557563782;-0.24249547719955444;-2.028294324874878;-0.007406382821500301;0.5169625878334045;-0.8856448531150818;0.5669549703598022;0.5889474153518677;0.2122931331396103;-0.18210794031620026;0.18682967126369476;0.2554031014442444;-0.13174797594547272;0.052770696580410004;-0.07542029023170471;-0.07754343748092651;-0.18777455389499664;0.024791574105620384;-0.17466557025909424;-0.20163173973560333;0.01855037733912468;-0.01708182878792286
cielo/cielo_camilorosa_h_chile.mp3;-229.28854370117188;22.435903549194336;42.08981704711914;57.29830551147461;5.026900291442871;-26.179534912109375;8.223432540893555;8.731840133666992;1.0796575546264648;-10.327982902526855;-19.556303024291992;1.2881444692611694;-14.544981002807617;-9.851303100585938;-2.8443639278411865;-1.5656588077545166;-0.0053173634223639965;-9.961009979248047;-12.20860481262207;1.6757999658584595;4.690952777862549;19.371389389038086;-1.1271885633468628;-0.7609850764274597;-2.6957459449768066;1.441840648651123;3.2945306301116943;-0.3789256513118744;-0.9873470664024353;-0.8234356641769409;0.3429182469844818;-0.9889271855354309;0.5726794004440308;0.9110283255577087;1.6538541316986084;-0.06313368678092957;-0.699235200881958;0.6301633715629578;-0.8054501414299011;-0.19608530402183533;-5.963619232177734;-2.033143997192383;-1.3848075866699219;-3.204043388366699;-0.03860137239098549;1.4685622453689575;-0.9122193455696106;-0.6247268915176392;0.7649930119514465;0.6517645716667175;0.017580287531018257;1.5159459114074707;1.571165919303894;1.404855489730835;0.1680738627910614;0.7712066173553467;0.32198086380958557;0.050489503890275955;0.740247368812561;-0.23903019726276398
cielo/cielo_enriquemdc23_h_mex.mp3;-179.2400665283203;101.36683654785156;-2.2054250240325928;18.41347885131836;-13.226442337036133;-23.257556915283203;-6.900486946105957;-10.65611457824707;-18.671064376831055;-6.861283302307129;-9.15764045715332;3.97324538230896;-17.753326416015625;11.94033145904541;-11.629491806030273;-5.9075798988342285;-0.1665221005678177;-9.339634895324707;-8.844029426574707;1.168949842453003;-22.47180938720703;15.271327018737793;3.2271533012390137;-3.305260181427002;-3.945359706878662;3.3081705570220947;5.733672618865967;-3.2744944095611572;-1.603311538696289;1.2067233324050903;1.754273772239685;-0.5349053144454956;0.5533329844474792;0.7422797083854675;-0.2712293267250061;-1.0036499500274658;-0.270136296749115;-0.08467042446136475;-0.6923442482948303;-1.0457504987716675;-15.157135963439941;-3.0760111808776855;4.515934944152832;-2.721454620361328;0.5536043643951416;0.6751753091812134;2.44045090675354;2.6225099563598633;0.32871612906455994;0.0646742507815361;0.46114081144332886;-0.26057350635528564;1.1705055236816406;-1.0220143795013428;0.41737061738967896;0.14190258085727692;-0.7140886783599854;0.5848518013954163;0.03345523029565811;0.11838538944721222
cielo/cielo_estexu_h_esp.mp3;-232.41151428222656;83.31938171386719;-14.978325843811035;58.89690017700195;-1.5639339685440063;-13.840197563171387;-9.161421775817871;-24.511682510375977;-6.829483509063721;-30.674840927124023;-10.043230056762695;-17.64023208618164;-29.390947341918945;-3.826420545578003;-14.224395751953125;-4.265861511230469;-6.263734817504883;1.8691902160644531;-1.5637859106063843;-4.0027689933776855;-14.729353904724121;11.171263694763184;-2.27535343170166;-9.288531303405762;-5.409724712371826;4.356245517730713;3.859907627105713;-4.288890361785889;-0.16437342762947083;-1.6101070642471313;5.529244899749756;-0.5071985125541687;0.34577396512031555;-0.3846762478351593;1.7889655828475952;-0.8012948632240295;-0.9706590175628662;0.8407741785049438;-1.1270209550857544;-3.0513784885406494;-17.520896911621094;-3.558159589767456;3.2275390625;-1.3713732957839966;-1.6597354412078857;1.395811915397644;1.1233835220336914;2.729508876800537;-0.27268359065055847;-1.2667003870010376;1.2303414344787598;-0.41864311695098877;-0.04724622890353203;-2.363328695297241;0.28518038988113403;-0.4876537322998047;0.7607381343841553;0.5875096321105957;-0.9197593331336975;0.6205387711524963
cielo/cielo_gustav73_h_peru.mp3;-246.47650146484375;75.76036834716797;-43.650447845458984;77.8926773071289;-5.705658912658691;-46.12446594238281;-33.31681823730469;-5.283323764801025;-22.95729637145996;-6.986147880554199;-12.258062362670898;11.946284294128418;-8.289936065673828;1.1456140279769897;-7.86652135848999;-3.026177406311035;3.449219226837158;-5.234611988067627;-11.130123138427734;6.249208927154541;-4.453135967254639;22.060222625732422;-5.730292797088623;-4.479223251342773;1.5350887775421143;0.09762214124202728;2.6163361072540283;-5.370453357696533;2.2301347255706787;0.8197704553604126;-0.5644641518592834;-0.5569785833358765;1.3636502027511597;-1.886448621749878;1.4721214771270752;-1.8659425973892212;0.17751111090183258;0.8306238055229187;-2.028285503387451;-1.7649540901184082;-11.540668487548828;-5.378530979156494;3.3671720027923584;-2.5882480144500732;-0.639860212802887;1.1139546632766724;2.006730318069458;2.0441291332244873;0.15698614716529846;0.06905532628297806;0.5911170244216919;-0.4474474787712097;-0.106155626475811;0.37149232625961304;-0.09513197094202042;0.7900664210319519;-0.09010925889015198;-0.27031227946281433;0.8213737607002258;-0.13047292828559875
cielo/cielo_msalas_h_eeuu.mp3;-236.21087646484375;141.63954162597656;-27.967992782592773;30.37950325012207;-0.00043462117901071906;-19.135990142822266;1.4465023279190063;-22.02411460876465;-23.62163734436035;-19.79347801208496;12.44199275970459;-11.80284309387207;-19.64337730407715;9.746469497680664;-13.597662925720215;-4.271824836730957;-9.51581859588623;-19.195316314697266;-5.455846309661865;-4.393346786499023;-8.748551368713379;12.814176559448242;0.15868085622787476;-6.9649224281311035;-4.311957359313965;2.8098161220550537;1.7033195495605469;-0.30488598346710205;-1.235878825187683;1.526375651359558;0.24585169553756714;-1.3738276958465576;1.8336938619613647;0.5414933562278748;-0.631008505821228;-1.7049362659454346;1.0626194477081299;0.4807356297969818;-1.982840895652771;0.34802132844924927;-12.504057884216309;-2.265261650085449;5.613022804260254;-1.2704486846923828;0.7204469442367554;1.2637600898742676;0.4370551109313965;2.534574031829834;-0.14842486381530762;0.9052606225013733;-0.7221391201019287;-0.25981101393699646;0.7045636773109436;-0.7419508695602417;-0.11397775262594223;0.1230069026350975;0.2871922254562378;0.8413693904876709;0.030958715826272964;0.692439615726471
cielo/cielo_Orphneus_h_arg.mp3;-162.52316284179688;85.4810562133789;-11.409327507019043;56.438663482666016;-9.670035362243652;-0.8117157816886902;-17.748777389526367;-10.641863822937012;-10.95739459991455;-7.489168643951416;-4.541198253631592;1.325608491897583;-15.644719123840332;4.887582302093506;0.17591047286987305;8.054102897644043;3.202484607696533;-2.146810531616211;-10.571106910705566;-3.4565727710723877;-1.6075636148452759;15.686636924743652;-7.310094356536865;-0.8770756125450134;2.2117302417755127;-5.090153694152832;3.620643138885498;-3.09045147895813;-2.9438459873199463;3.2726266384124756;0.45017221570014954;-0.9768996238708496;-0.8891015648841858;1.223380446434021;0.6067968606948853;0.7931948304176331;1.4596096277236938;-0.8424919247627258;0.5551751852035522;-0.4788305163383484;-17.849544525146484;-3.5472240447998047;2.8110713958740234;-2.8851001262664795;-0.38012251257896423;1.896750807762146;1.816438913345337;1.1665583848953247;0.17532303929328918;0.5711397528648376;0.8875154852867126;-0.8178148865699768;1.115444540977478;-0.09256851673126221;-0.19486090540885925;-0.18860457837581635;-0.5105124711990356;0.32662901282310486;-0.45517444610595703;0.4311142563819885
cielo/cielo_reality3d_h_esp.mp3;-249.96340942382812;65.3675765991211;-4.808192253112793;44.106300354003906;-16.911500930786133;-15.622528076171875;-7.40359354019165;-7.958536624908447;-17.320131301879883;-6.731526851654053;-4.535896301269531;-5.7633490562438965;-11.329646110534668;7.920391082763672;-16.95841407775879;-2.751192808151245;-4.5536041259765625;-1.3850101232528687;-5.9520368576049805;-7.437620639801025;-11.848862648010254;15.206271171569824;4.466866493225098;2.7491934299468994;0.6851720809936523;0.5721714496612549;3.048462390899658;0.025651533156633377;-1.131858229637146;1.3090863227844238;1.8805904388427734;-0.6043566465377808;0.019661832600831985;0.028676200658082962;-0.7488912343978882;-0.6933143734931946;-0.788821280002594;-0.960911750793457;-1.2515393495559692;-1.1118348836898804;-7.121726036071777;-1.1953250169754028;2.0832252502441406;-0.15853247046470642;-1.5945549011230469;-0.19925424456596375;0.16439059376716614;0.3377355933189392;0.7887700796127319;-0.13327765464782715;-0.02544943057000637;0.3013176918029785;0.3168213367462158;0.14899994432926178;0.20577724277973175;-0.001928955316543579;0.30718398094177246;-0.08236938714981079;-0.20530322194099426;-0.24895122647285461
clase/clase_brujacarter_m_esp.mp3;-251.0411376953125;123.89551544189453;-49.68461227416992;64.10598754882812;-37.17766571044922;-13.57020378112793;-22.69341278076172;-3.185375928878784;-3.9224488735198975;-24.044635772705078;-11.928764343261719;-25.342931747436523;3.097992181777954;-8.232589721679688;-2.324768543243408;4.04106330871582;-19.586708068847656;-1.8811748027801514;-3.549689769744873;-7.734439849853516;-12.320209503173828;-1.1898832321166992;4.417828559875488;-1.3990514278411865;1.4906954765319824;-0.7449932098388672;2.8050644397735596;1.4121146202087402;-0.36070114374160767;0.6099658608436584;-0.28942805528640747;1.0788562297821045;0.15848363935947418;0.968474805355072;-0.029766902327537537;-1.679422378540039;-0.018373221158981323;-0.629453182220459;-0.5341331958770752;-0.7929224371910095;-10.247851371765137;-1.90145742893219;2.4634783267974854;0.5941059589385986;1.3206406831741333;0.02461843192577362;-0.7287834882736206;0.3430979251861572;-0.6576283574104309;-0.6495854258537292;-0.43890661001205444;0.3457431197166443;0.03903809189796448;-0.24323880672454834;0.12424927949905396;-0.025931745767593384;0.32919368147850037;-0.28609538078308105;0.4795469641685486;-0.049684371799230576
clase/clase_dubheed_h_esp.mp3;-236.8688507080078;24.341598510742188;9.895132064819336;59.98318099975586;-18.55376625061035;-3.8457915782928467;-32.153690338134766;-2.366894483566284;1.5272216796875;19.47922706604004;-6.000789165496826;-4.577506065368652;5.902332305908203;7.261833667755127;-8.452815055847168;3.316433906555176;-4.895126819610596;-0.8375973701477051;-7.706524848937988;-0.873670756816864;-5.234862804412842;-12.215221405029297;9.405779838562012;3.2866921424865723;4.195897579193115;-1.875689148902893;-1.4932548999786377;3.5740530490875244;-2.2607831954956055;-0.33007872104644775;-0.8749721646308899;1.1471670866012573;0.11147314310073853;0.24007545411586761;2.5092830657958984;1.9121721982955933;0.29393327236175537;0.3036503195762634;0.9328235983848572;-0.7406991124153137;-5.767362594604492;5.604260444641113;-0.6400486826896667;2.6179208755493164;-0.9324139356613159;-1.0073356628417969;1.0725328922271729;-1.2468831539154053;0.10669374465942383;-1.3516085147857666;-0.24452506005764008;0.4415503740310669;-0.41058942675590515;-0.2207995057106018;0.04349284619092941;-0.47155916690826416;0.8518543839454651;-0.3206412196159363;0.18797147274017334;-0.4584667682647705
clase/clase_juansebastiancristal_h_arg.mp3;-160.17015075683594;28.4833927154541;-11.482988357543945;28.863149642944336;-13.302068710327148;0.9078665971755981;-34.55009078979492;-7.327354907989502;-34.957786560058594;-2.5718796253204346;-22.797046661376953;-10.603419303894043;-23.79921531677246;14.010622024536133;-18.664642333984375;-11.538972854614258;-6.837284564971924;-12.769309043884277;-9.991157531738281;2.9781670570373535;-1.5246745347976685;2.213531970977783;1.209706425666809;2.6003425121307373;0.7747006416320801;-0.7611106038093567;-0.4639976918697357;0.3535248935222626;0.7929056882858276;-0.6151639223098755;-0.2719220817089081;0.8614964485168457;0.26562076807022095;-0.1681911051273346;-0.5039088129997253;1.0684949159622192;1.2791664600372314;-0.5434048771858215;-0.27558445930480957;-0.13189677894115448;-6.2583746910095215;-0.6636714339256287;-0.37807801365852356;-1.668149709701538;-0.5450719594955444;0.22822749614715576;0.0722554549574852;1.0798224210739136;0.012825329788029194;0.6642236113548279;0.1821761429309845;0.14941108226776123;0.10537644475698471;-1.2320802211761475;0.2142966389656067;0.04016287624835968;-0.4958379864692688;0.05857264995574951;0.38504305481910706;-0.07133947312831879
clase/clase_malvarez_h_esp.mp3;-173.8198699951172;101.05684661865234;-6.707951068878174;13.459898948669434;0.38561496138572693;-6.469305992126465;-24.276283264160156;-16.371606826782227;-23.447589874267578;1.3252253532409668;-17.704761505126953;4.266619682312012;-24.977092742919922;12.625021934509277;-4.857883930206299;-8.839225769042969;-14.13133430480957;-1.877529501914978;-9.316595077514648;-10.79576587677002;-14.167549133300781;1.3629255294799805;3.312748670578003;0.10347826778888702;3.1300411224365234;-1.0478248596191406;-1.3190088272094727;0.7512613534927368;0.8467997312545776;0.21918389201164246;0.000997604220174253;-1.3420883417129517;-0.34575799107551575;1.6270203590393066;-0.009605832397937775;-0.02168913185596466;0.07851309329271317;0.5982447266578674;0.305594801902771;-0.9782001376152039;-5.375043869018555;-4.656980991363525;0.7326313853263855;0.12914727628231049;-0.595535159111023;0.7705316543579102;0.44867396354675293;0.9575607180595398;0.21719637513160706;-0.4649963080883026;1.3547451496124268;-1.4221084117889404;1.0318220853805542;-0.01074285339564085;-0.29149767756462097;0.9686335325241089;-0.23596042394638062;0.11131065338850021;-0.39566728472709656;-0.0011045336723327637
cristal/cristal_alter_h_ven.mp3;-271.5968933105469;183.64382934570312;-4.806485652923584;24.579925537109375;29.44414710998535;-8.963834762573242;-37.5219841003418;0.8053277134895325;-16.671457290649414;-4.235223293304443;-1.8949781656265259;-4.052206993103027;-5.619258403778076;7.47222900390625;-2.0062460899353027;-10.496297836303711;0.16487368941307068;-4.3170599937438965;-6.265412330627441;-2.2567543983459473;-9.045331954956055;-2.741584062576294;2.679908037185669;0.19295167922973633;-0.8146504163742065;1.0610358715057373;2.4582314491271973;-0.24464431405067444;0.18356139957904816;1.5314912796020508;1.2215147018432617;-0.006778600625693798;-0.31749823689460754;0.35290056467056274;0.16544251143932343;-0.31893783807754517;-0.015075653791427612;0.02624063566327095;-0.21987435221672058;-0.08661478757858276;-9.737218856811523;-1.5469095706939697;0.45506635308265686;-0.8572262525558472;0.5994499921798706;-0.4020467698574066;0.1391725093126297;-0.2926333546638489;1.4409797191619873;0.06963692605495453;0.13675889372825623;0.15603390336036682;0.5516998767852783;0.5803264379501343;0.16561546921730042;-0.18707531690597534;0.05853411555290222;0.4862404465675354;0.19287565350532532;-0.686964750289917
cristal/cristal_grughos_h_esp.mp3;-252.39125061035156;29.118154525756836;9.159313201904297;16.265968322753906;-26.701608657836914;-22.52006721496582;-25.850894927978516;4.163473129272461;-14.884540557861328;-21.93670654296875;-13.790973663330078;-9.010910987854004;-1.9825265407562256;-13.320100784301758;-14.632686614990234;-4.082079887390137;-11.43794059753418;-5.573678970336914;-6.963245868682861;0.7416085600852966;-6.692892074584961;9.051775932312012;-2.5055248737335205;-4.378689289093018;0.44344350695610046;0.5001760125160217;-1.6950492858886719;-2.4451496601104736;3.149475336074829;0.5228703618049622;-0.38610804080963135;1.3873324394226074;1.295836091041565;-1.117908000946045;0.12108627706766129;0.5081110000610352;0.31774333119392395;1.2585970163345337;0.8310924172401428;0.7123801708221436;-6.2864885330200195;5.327922344207764;-1.7097355127334595;-0.39863789081573486;0.42535507678985596;0.10448401421308517;-0.0019354389514774084;-0.7742664813995361;0.11983232945203781;1.100581407546997;-0.09700609743595123;-0.07332270592451096;-0.19366112351417542;0.8726353049278259;0.10874654352664948;0.1143089160323143;0.49676957726478577;0.014414085075259209;0.14256298542022705;-0.6020228862762451
cristal/cristal_mayorcatorce_h_esp.mp3;-287.04144287109375;110.92157745361328;36.380741119384766;32.757606506347656;35.566043853759766;-4.254083633422852;-11.827736854553223;2.563701629638672;-13.188241958618164;3.6171603202819824;-2.8661532402038574;5.971826553344727;-11.71634292602539;11.44757080078125;-4.5230207443237305;2.4848992824554443;-4.705549716949463;0.5380894541740417;0.5332180261611938;4.936281204223633;-9.051749229431152;-0.2251693308353424;3.862166166305542;-0.14731700718402863;0.6535508036613464;1.4630590677261353;1.2236145734786987;-0.7086762189865112;0.34832653403282166;0.9919540882110596;0.7022020816802979;-0.7619310617446899;-0.37868329882621765;0.5217887163162231;0.48841845989227295;-0.19975167512893677;0.3081180453300476;0.10181769728660583;0.4984820783138275;0.1784488409757614;-2.3569729328155518;-2.9907307624816895;0.008290620520710945;-1.2403563261032104;-0.724232017993927;0.46069416403770447;0.43233224749565125;-0.06016196683049202;0.7944214344024658;0.4958198368549347;0.9013699889183044;0.042673684656620026;0.9470392465591431;-0.2067696452140808;0.26014888286590576;0.3150768280029297;-0.14781123399734497;0.05655544623732567;-0.06770625710487366;0.0471341647207737
cristal/cristal_mnati75_m_arg.mp3;-367.60028076171875;188.8570556640625;12.45860481262207;-2.0510308742523193;-15.815352439880371;-13.2121000289917;-2.793231964111328;-4.972343444824219;-1.6773607730865479;-8.631852149963379;-8.26406192779541;-3.5991084575653076;-1.3625221252441406;-3.1365203857421875;-8.208551406860352;-0.9588072896003723;-1.839591383934021;-3.4394474029541016;0.8388606309890747;-2.7011961936950684;-3.069847583770752;0.8468303084373474;2.214430332183838;-1.807473063468933;0.3926103413105011;1.5926059484481812;-0.1170111745595932;0.22242824733257294;0.6914533972740173;-0.30342572927474976;-0.5933918952941895;0.38595059514045715;0.20507381856441498;-0.2786770164966583;0.17275260388851166;0.10399378836154938;-0.16180552542209625;-0.41481655836105347;0.30552080273628235;0.963757336139679;-4.383517742156982;-2.616241216659546;0.8464340567588806;0.590302050113678;0.46493372321128845;0.028558779507875443;0.4080481231212616;0.8964930772781372;0.20490381121635437;0.5573433637619019;0.6926984786987305;-0.043480753898620605;-0.1843545138835907;0.03745291009545326;0.2846217453479767;-0.2015857696533203;-0.3313249945640564;0.32640543580055237;0.2181423455476761;0.26542845368385315
cristal/cristal_yelkoastur_h_esp.mp3;-299.7738037109375;82.28262329101562;-33.08354187011719;51.398929595947266;-3.6643457412719727;-23.895185470581055;-9.544261932373047;-18.202192306518555;-11.151872634887695;1.6868510246276855;-14.423964500427246;-7.677257061004639;-9.87227725982666;-0.3922300636768341;-5.372351169586182;-3.4140679836273193;-1.7870291471481323;-1.798859715461731;-5.882636547088623;-3.8816750049591064;-3.851337432861328;1.4922844171524048;2.2694971561431885;-1.6611255407333374;-1.1146522760391235;2.1182568073272705;-0.19328640401363373;-1.8882770538330078;2.2198476791381836;0.19907942414283752;-0.301402747631073;0.2202644795179367;1.4404727220535278;1.2977391481399536;-0.14068026840686798;0.7585499286651611;0.9536743760108948;-0.4527600407600403;0.31011536717414856;-0.9715901017189026;-5.884832382202148;-2.549762010574341;3.309720754623413;-1.3494890928268433;0.3740105628967285;1.1528306007385254;0.005168828181922436;0.7597465515136719;0.566354513168335;0.47145479917526245;0.2471323162317276;0.3411976993083954;0.492695152759552;0.30705726146698;-0.03406882658600807;0.4251258671283722;-0.08506903052330017;-0.5640658736228943;0.37378832697868347;0.6010608673095703
diente/diente_dakes_h_esp.mp3;-231.3800811767578;116.51667785644531;15.779407501220703;70.03047943115234;3.0305967330932617;-12.60462760925293;-14.625755310058594;3.5409529209136963;-12.410099983215332;-20.9757022857666;4.785969257354736;-14.06674861907959;-4.2370100021362305;-2.8535730838775635;-10.463000297546387;3.059408187866211;-4.88965368270874;-2.9126319885253906;-4.685754299163818;2.569284677505493;10.092824935913086;-0.4789080321788788;-3.589951276779175;0.5089244842529297;-1.6669734716415405;-2.162923812866211;-2.4208712577819824;0.2741938531398773;-0.6922087669372559;-0.939755380153656;1.551301121711731;0.5191897749900818;0.7666370868682861;0.6992833614349365;0.41616982221603394;0.912203311920166;0.5115680694580078;-0.04297179356217384;0.7521176338195801;0.3368755280971527;-9.913373947143555;1.6793447732925415;0.8087519407272339;-1.1492506265640259;0.5887285470962524;0.6050701141357422;-0.11761052906513214;0.38378098607063293;0.7276602983474731;0.8881150484085083;0.7068883776664734;-0.4567144811153412;-0.0226502176374197;-0.039376359432935715;-0.011249503120779991;-0.23040783405303955;0.3803477883338928;-0.6411381363868713;0.12738052010536194;-0.6620354652404785
diente/diente_diegolacra_h_esp.mp3;-425.3498840332031;100.78638458251953;9.215008735656738;52.971778869628906;22.2939453125;3.6676578521728516;12.252178192138672;11.33556842803955;8.287246704101562;2.3523011207580566;-3.255610704421997;10.283772468566895;2.2549502849578857;9.124079704284668;7.546604633331299;3.9043548107147217;7.258889198303223;4.153115272521973;-2.7793996334075928;13.39534854888916;-7.656766414642334;-1.5884557962417603;0.44477272033691406;-2.724952459335327;0.5112031698226929;1.396714448928833;-0.562202513217926;0.602325439453125;1.3782957792282104;0.9770002365112305;1.0424034595489502;0.14589190483093262;1.464145541191101;0.6590258479118347;0.4307006597518921;0.5022917985916138;0.5223528742790222;0.5292415022850037;0.09740894287824631;0.3935926854610443;-4.446434020996094;0.5704127550125122;1.5776716470718384;-0.744417130947113;0.7501647472381592;0.6848998069763184;-0.12442278116941452;0.08606954663991928;0.07401489466428757;-0.3667016327381134;0.18236520886421204;-0.545228123664856;-0.17499883472919464;-0.07590918987989426;-0.487214595079422;-0.16888543963432312;-0.039154741913080215;-0.23623907566070557;0.10187332332134247;-0.16868725419044495
diente/diente_gorgorito_h_esp.mp3;-314.93609619140625;113.43455505371094;21.471349716186523;60.359619140625;36.04438018798828;-14.42319393157959;7.860658168792725;1.800014853477478;-0.5742300748825073;-20.13404083251953;-10.465754508972168;3.001138210296631;-19.123018264770508;16.33501434326172;-7.202359199523926;0.42359453439712524;-5.843200206756592;3.14041805267334;-9.567131996154785;11.601572036743164;0.15888665616512299;-2.387861490249634;-0.24285297095775604;1.636181354522705;-0.7458865642547607;-0.39252153038978577;0.17460814118385315;0.36653804779052734;0.16067416965961456;0.23528258502483368;0.6229726076126099;0.5833327174186707;-0.10838069766759872;0.36816146969795227;-0.03398306667804718;1.0814998149871826;-0.17210642993450165;0.8020656108856201;0.1684177964925766;0.3286418616771698;-3.0460360050201416;-0.17866554856300354;-0.2598257064819336;-0.3586348295211792;-0.39371582865715027;0.5368466973304749;-0.011000498197972775;0.5164753198623657;-0.058367013931274414;0.24658328294754028;0.15323121845722198;-0.5521273016929626;0.47327950596809387;-0.17460650205612183;0.1339590698480606;-0.01863251067698002;0.07074527442455292;-0.23322433233261108;0.13739851117134094;-0.0175298061221838
diente/diente_momislo_h_esp.mp3;-348.08343505859375;115.8467025756836;21.066978454589844;62.00898742675781;4.870093822479248;-3.738304376602173;7.093274116516113;-5.47484016418457;-10.950132369995117;-4.752525806427002;-12.938172340393066;-1.0761774778366089;-9.828839302062988;5.112264156341553;-8.77981948852539;5.940432548522949;-5.380022048950195;-8.563708305358887;-2.129105567932129;-8.354877471923828;10.101736068725586;-1.774163842201233;-1.2939361333847046;1.0987054109573364;-1.9136550426483154;-2.52083420753479;-0.960540235042572;1.191366195678711;0.0014117793180048466;-0.3217196762561798;0.7134441137313843;1.1241260766983032;0.07465911656618118;1.7567282915115356;0.7669044137001038;0.7049643993377686;0.21434782445430756;0.8202775716781616;1.0340371131896973;0.5313851833343506;-3.041231393814087;1.248764157295227;-1.151158094406128;0.01850234344601631;-0.5190619826316833;-0.8760017156600952;0.7130849957466125;-0.5462647080421448;0.20328456163406372;-0.49110937118530273;0.3567639887332916;-1.0368098020553589;-0.04779467359185219;0.12452118843793869;-0.19367505609989166;0.2105782926082611;-0.075717993080616;-0.2512553930282593;-0.21299535036087036;-0.7204738259315491
diente/diente_urso170_h_arg.mp3;-263.1956481933594;129.08859252929688;31.9078426361084;70.47835540771484;4.608272075653076;-25.43738555908203;-19.087909698486328;-11.183856010437012;-9.38570785522461;-17.00741958618164;-4.626809597015381;-7.542083740234375;-2.982240676879883;-0.15178585052490234;-7.4474968910217285;5.446348667144775;-9.482155799865723;-7.352514266967773;-2.2832767963409424;-11.820534706115723;-0.7491945028305054;-2.4675686359405518;-1.1706410646438599;1.6242032051086426;-0.9815205335617065;-0.5413157939910889;0.13250374794006348;0.2766929566860199;0.22399264574050903;0.4051108658313751;1.7402315139770508;-0.35292065143585205;-0.10868749767541885;-0.2382258027791977;-0.19042308628559113;0.6162726879119873;-0.0036629987880587578;0.4211215078830719;-0.20023030042648315;-0.4535232186317444;-4.960172653198242;0.6122223734855652;0.9869784712791443;-1.7783501148223877;0.5390878915786743;0.07136556506156921;0.04915931820869446;0.3830300569534302;0.5226386189460754;0.3732351064682007;-0.10362622886896133;0.20476369559764862;0.04647839441895485;-0.20527811348438263;-0.10881855338811874;-0.42499783635139465;-0.10518291592597961;-0.15798825025558472;-0.23492449522018433;0.12223608791828156
diente/diente_wordfor_m_col.mp3;-244.97119140625;6.248258113861084;1.3556923866271973;48.43962478637695;-34.254215240478516;-22.033857345581055;0.27892667055130005;10.186147689819336;-25.24127960205078;-5.2255048751831055;-14.374621391296387;-6.221505641937256;-8.0966215133667;-7.240942478179932;-9.5773344039917;1.3018198013305664;-6.27498197555542;-0.5615113973617554;-4.047618865966797;-11.301825523376465;1.1695882081985474;0.23378603160381317;-3.833012342453003;-1.4131790399551392;-2.1858139038085938;0.08496744930744171;1.1305017471313477;1.0870939493179321;0.21732676029205322;0.5895985960960388;-0.45618367195129395;0.15186507999897003;0.771439790725708;0.21670815348625183;-0.2694651782512665;-0.2894860506057739;0.6696039438247681;0.26808667182922363;1.3564165830612183;-0.44764065742492676;-11.334480285644531;0.5241182446479797;-0.15576453506946564;-0.13022243976593018;1.732049822807312;0.7142226696014404;0.655165433883667;0.6922126412391663;-0.14784184098243713;-0.6738458275794983;-0.37576958537101746;0.6549519896507263;-1.235023021697998;0.27693650126457214;-0.17643901705741882;-0.34780383110046387;-0.4638074040412903;0.8888799548149109;0.5385472774505615;0.2659985423088074
espada/espada_bienhablado_h_col.mp3;-262.419189453125;7.257558822631836;7.733943462371826;54.29125213623047;-15.525779724121094;-4.525235652923584;-17.33454704284668;-11.531461715698242;-16.741071701049805;-16.580467224121094;-2.3737285137176514;-4.9318413734436035;-25.9990291595459;9.310779571533203;-12.902111053466797;2.7970592975616455;1.276906132698059;-3.789443254470825;-1.3674169778823853;3.7734436988830566;-1.0452454090118408;3.2422902584075928;-5.777829647064209;-9.362853050231934;-3.6112060546875;1.5823616981506348;-3.3706319332122803;-1.299090027809143;0.11987695097923279;3.7000675201416016;1.6726969480514526;-1.9819897413253784;0.748005211353302;-1.3865689039230347;-1.6387568712234497;-1.0846519470214844;-1.2816194295883179;-0.012857913970947266;1.1508058309555054;0.20183785259723663;-9.319392204284668;2.183387517929077;-1.525241494178772;-1.9354990720748901;-1.3187849521636963;1.785567283630371;1.214697003364563;0.06073515862226486;0.7404536008834839;0.27937787771224976;0.8000977039337158;-1.6351484060287476;-0.02886435016989708;-0.2758334279060364;0.197287917137146;-0.47517845034599304;-0.8274999260902405;0.3512093126773834;0.22138941287994385;-0.6462655663490295
espada/espada_donquijote_h_mex.mp3;-267.0469055175781;101.19210815429688;11.9638671875;8.33881664276123;-4.682651996612549;9.73546314239502;-5.691225051879883;4.225403308868408;-7.144186973571777;10.840171813964844;-1.1201679706573486;0.5217291116714478;-7.868299961090088;10.958313941955566;-11.900489807128906;3.4419353008270264;-5.414916038513184;-3.4947032928466797;-7.026708126068115;1.0518242120742798;-11.81216049194336;0.7588827610015869;-0.141170933842659;-1.6158840656280518;1.6030056476593018;1.7149547338485718;2.7738497257232666;-0.38534513115882874;0.49230799078941345;1.3621795177459717;-0.932421088218689;0.12707731127738953;0.20443476736545563;0.3403624892234802;0.7751710414886475;-0.5915789604187012;-0.6438549160957336;0.48964443802833557;0.6505981683731079;-0.06363727897405624;-10.28891658782959;2.421569585800171;-0.5334557294845581;0.5367791056632996;0.21436288952827454;-0.13838531076908112;-0.3460378050804138;-0.14360885322093964;0.37416234612464905;-0.8115856051445007;0.2237120121717453;0.3512464463710785;0.08323313295841217;-0.31362053751945496;0.10477044433355331;-0.23244644701480865;0.006269206292927265;0.19064374268054962;-0.056708525866270065;-0.34300488233566284
espada/espada_fpinto_h_chile.mp3;-292.33868408203125;91.30330657958984;11.460419654846191;-15.571677207946777;9.339152336120605;-17.08961296081543;-11.029853820800781;-11.244572639465332;-13.494429588317871;37.98458480834961;-17.30404281616211;6.352592945098877;-7.31233549118042;-5.9747796058654785;-14.337611198425293;4.003299236297607;-1.2663739919662476;-8.41128921508789;-4.571969509124756;13.022772789001465;1.8701777458190918;12.203376770019531;-5.492618560791016;-6.557894229888916;-3.6020336151123047;-0.5053541660308838;4.689829349517822;-1.099940299987793;1.5832438468933105;1.9556877613067627;-1.5416879653930664;-1.1478224992752075;-1.5645933151245117;1.7321135997772217;0.24772615730762482;-1.5057979822158813;-0.3141094148159027;-0.9866929650306702;-0.6251396536827087;-0.608737051486969;0.7039148807525635;1.9160641431808472;-0.7493590116500854;1.057923674583435;0.17701394855976105;-0.4579419791698456;0.8544467687606812;0.25948551297187805;0.32482218742370605;0.1599956750869751;-1.0840688943862915;-0.6216877102851868;0.31447741389274597;-0.6752560138702393;0.44339555501937866;0.1681498885154724;-0.34519830346107483;-0.10658847540616989;-0.35937896370887756;0.4513142704963684
espada/espada_juanpirincho_h_esp.mp3;-149.83444213867188;75.49452209472656;-34.73493576049805;25.271982192993164;0.5442355871200562;-9.576333999633789;0.0642927885055542;0.344705730676651;-3.6171786785125732;4.260794639587402;1.624696135520935;5.7062458992004395;-15.850245475769043;-4.752389430999756;1.0298869609832764;-2.8903465270996094;-1.2350810766220093;1.9002597332000732;-8.488308906555176;5.286949634552002;-0.1939765363931656;-1.439178228378296;-0.6652427911758423;-3.8996899127960205;-0.6347954869270325;3.0251097679138184;0.692933976650238;0.5510939359664917;1.4405300617218018;0.9864015579223633;0.3343331515789032;-0.589262843132019;-0.6059635877609253;-0.7462757229804993;0.2637333571910858;-0.44716623425483704;-0.32389646768569946;0.04217333346605301;0.059616826474666595;0.2624424397945404;-5.596923828125;0.8332411646842957;-0.2419532835483551;-0.06822892278432846;0.38683757185935974;-0.7607641816139221;0.6309621930122375;-0.7163721919059753;0.021254971623420715;0.004223551135510206;-0.11531621962785721;0.15337608754634857;0.00048203073674812913;-0.019786115735769272;-0.16628992557525635;-0.33939293026924133;-0.09252510964870453;-0.05824901536107063;-0.045350734144449234;-0.2056570053100586
espada/espada_steve04_h_col.mp3;-206.405517578125;106.93805694580078;-19.44927406311035;33.334781646728516;-20.681901931762695;-1.5572856664657593;15.855744361877441;-13.368213653564453;8.343499183654785;5.49524450302124;3.7862091064453125;5.541668891906738;-15.692734718322754;12.554810523986816;-7.26020622253418;3.472644567489624;0.8216720223426819;-5.815914154052734;0.21079617738723755;-3.2930715084075928;-2.8669393062591553;0.792724609375;-1.7449389696121216;-4.349800109863281;1.4146336317062378;2.8600122928619385;-0.44544580578804016;0.6771581768989563;1.9174129962921143;0.4394635260105133;-0.34828996658325195;-1.12272310256958;0.11658214777708054;0.1466754972934723;-1.334804892539978;0.7709541916847229;0.3072047829627991;-0.507445752620697;1.3816020488739014;0.10592563450336456;-7.102658271789551;0.46524256467819214;-0.04217459633946419;0.11984507739543915;0.03499079868197441;0.6894393563270569;-0.020461641252040863;0.08132858574390411;-0.43074357509613037;0.28346747159957886;-0.16860811412334442;0.4052150845527649;0.2880956828594208;-0.6893045902252197;0.9544733166694641;-1.06976318359375;0.40721872448921204;0.46870899200439453;-0.7671682238578796;0.5044095516204834
espada/espdad_alonsodeercilla_h_chile.mp3;-222.10702514648438;129.5513153076172;-1.8625789880752563;30.536670684814453;-20.745023727416992;11.58197021484375;11.686326026916504;-15.001516342163086;12.668174743652344;7.7463154792785645;9.668622016906738;13.85403060913086;-13.151895523071289;2.6230719089508057;-5.737343788146973;8.109121322631836;-1.6847445964813232;1.3097378015518188;-15.616484642028809;3.4557602405548096;-9.417664527893066;0.14124737679958344;1.227728009223938;-4.782677173614502;-1.438891887664795;4.948117256164551;1.296456217765808;0.22420738637447357;0.5633865594863892;1.78810453414917;0.7501063346862793;-0.3035273849964142;-0.4039911925792694;-0.05378377065062523;0.5067724585533142;-0.6657379865646362;0.42822322249412537;-0.2382688969373703;2.05879282951355;0.09443152695894241;-6.414391040802002;-0.662999153137207;0.8898274898529053;-0.17863526940345764;0.66908198595047;0.8238492012023926;0.009037831798195839;0.09089697152376175;-0.8238161206245422;-0.19233201444149017;0.10451681911945343;-0.25497889518737793;-0.13787895441055298;-0.656404435634613;-0.3417282998561859;-0.06407137215137482;-0.23844130337238312;-0.3879789412021637;0.24122625589370728;-0.26858165860176086
estrella/estrella_alan9_h_arg.mp3;-262.3897399902344;107.47200775146484;26.020626068115234;57.929386138916016;11.088122367858887;-0.7454103827476501;-11.100051879882812;11.436306953430176;-7.528488636016846;5.734358310699463;-10.418489456176758;3.1101298332214355;-1.3005144596099854;2.0843005180358887;-6.5095343589782715;2.975433826446533;-4.415543079376221;-0.5248810648918152;-7.232869625091553;1.742660641670227;-2.276367664337158;1.9744352102279663;-2.2693493366241455;-4.438252925872803;-0.27053627371788025;1.394419550895691;1.0535651445388794;-0.6378142237663269;0.5897122621536255;0.6285897493362427;0.1878722757101059;-0.5377220511436462;0.052261654287576675;-0.3724156320095062;-0.6617335081100464;0.2528608739376068;-0.9866239428520203;0.8129796981811523;-0.3393164575099945;-0.28820323944091797;-4.191915988922119;0.2725222408771515;0.2983199954032898;0.7224322557449341;-0.37676653265953064;-0.15755923092365265;-0.43849214911460876;-0.3898226320743561;-0.7008929252624512;-0.48343271017074585;0.2769186198711395;-0.1428682506084442;0.5056000351905823;-0.09999924153089523;-0.1271519660949707;0.17910799384117126;0.4766519367694855;-0.41051000356674194;-0.08284060657024384;-0.03774799779057503
estrella/estrella_art26py_h_Para.mp3;-229.39285278320312;74.46479797363281;-9.009248733520508;98.11749267578125;-3.8537819385528564;-26.65310287475586;-10.335354804992676;8.472505569458008;-3.4295692443847656;5.027298450469971;-17.830305099487305;-2.3602004051208496;-2.1193079948425293;5.506178379058838;-13.014810562133789;-2.9523589611053467;-7.555059909820557;-1.076249599456787;-12.953332901000977;-13.485321044921875;-1.928493857383728;2.854914903640747;-1.5447725057601929;-3.448885440826416;0.4916585385799408;1.2693941593170166;-1.1171276569366455;-0.6182723045349121;1.350267767906189;1.265722393989563;-0.17494745552539825;-0.15998737514019012;1.1907987594604492;0.6808493733406067;-0.6998950839042664;-1.5585012435913086;0.522301435470581;-0.9652525186538696;-0.17060327529907227;-0.8119559288024902;0.817361056804657;1.7294962406158447;-1.7587143182754517;-1.381914734840393;0.9154940843582153;-0.9946410059928894;-0.14736437797546387;-0.6786092519760132;0.12955042719841003;0.37387317419052124;-0.2559792697429657;-0.35984426736831665;-0.4576851427555084;0.2790103852748871;0.37023022770881653;-0.25064435601234436;0.13562354445457458;0.7867171168327332;-0.7958164811134338;-0.3861315846443176
estrella/estrella_azdriel_h_mex.mp3;-111.51542663574219;8.373860359191895;2.8311126232147217;63.14912414550781;-6.731532573699951;11.668753623962402;-23.23436737060547;1.2443398237228394;-7.931918621063232;3.632030725479126;-5.306093215942383;-1.2462599277496338;3.8639326095581055;7.0418548583984375;-3.0841126441955566;6.613442897796631;-0.1642717719078064;1.8709940910339355;-5.20241117477417;3.2051877975463867;-4.6620707511901855;2.229255199432373;-1.2128077745437622;-1.3934496641159058;-0.21495065093040466;1.4981811046600342;-0.32242047786712646;0.9623157382011414;1.063480257987976;2.197880506515503;0.8350118398666382;-1.2837839126586914;0.005265062674880028;0.35919055342674255;0.6223140358924866;-1.3184847831726074;-0.34835246205329895;0.6866841316223145;-0.35470545291900635;0.09522030502557755;-11.073789596557617;2.5749855041503906;0.7140256762504578;0.8755949139595032;0.387001633644104;0.9986097812652588;0.5489874482154846;0.6537989974021912;-0.7303135395050049;0.12551622092723846;0.43243712186813354;0.10195986926555634;0.3100414574146271;0.016579724848270416;0.7599308490753174;-0.2690264880657196;0.1176772341132164;0.0024152465630322695;0.23823589086532593;-0.3407175838947296
estrella/estrella_bellabanks_m_esp.mp3;-240.67520141601562;27.583711624145508;-16.334327697753906;23.257295608520508;-37.2333984375;-21.26606559753418;-70.46051788330078;0.4429521858692169;-21.092927932739258;10.402518272399902;-21.83527946472168;-4.399740219116211;-6.419427871704102;-18.838499069213867;-7.916703701019287;2.1747472286224365;-20.64470100402832;-5.312570571899414;-11.477054595947266;-17.28044319152832;-1.5285706520080566;3.4315435886383057;-3.3153038024902344;-1.6763499975204468;1.0842779874801636;0.0408034548163414;-0.47610732913017273;-0.09265869110822678;0.8138862252235413;0.33043745160102844;-0.8767597675323486;-0.5820321440696716;0.3747544586658478;-0.04935145005583763;-0.7665172815322876;-0.1607319712638855;0.09053681045770645;-0.9339324831962585;0.42407113313674927;0.48576977849006653;-4.610090255737305;3.133746862411499;-1.420028567314148;0.6279453039169312;0.24891147017478943;0.2060471475124359;0.5033577084541321;-0.49842917919158936;0.9054334163665771;0.16237743198871613;0.37097036838531494;0.4119000732898712;0.7657883167266846;0.10892796516418457;0.5461351871490479;0.047538675367832184;0.02028598077595234;-0.2147742211818695;0.0778421089053154;0.43042314052581787
estrella/estrella_bliks_h_esp.mp3;-258.6955871582031;67.49445343017578;21.645915985107422;58.460819244384766;-2.6578421592712402;14.379547119140625;0.9556952118873596;17.359010696411133;-7.281016826629639;11.097402572631836;2.386551856994629;0.8138015866279602;1.857887864112854;2.829921007156372;-0.09928397834300995;3.7633731365203857;9.952584266662598;5.1933794021606445;-0.553894579410553;-0.931709885597229;-10.115621566772461;4.774935245513916;-3.6942355632781982;-5.3274078369140625;2.4623630046844482;1.1777256727218628;0.08880899101495743;-0.07088936120271683;2.1234891414642334;0.5427125692367554;-0.623300313949585;-0.3778097927570343;0.3457242250442505;-1.5751745700836182;-1.3470067977905273;-0.04590785875916481;-0.1784127801656723;-0.22844043374061584;0.6438472867012024;-0.35631871223449707;-8.107941627502441;1.5406625270843506;0.03203239291906357;-0.2613479793071747;0.3467339277267456;0.07609321922063828;0.45096832513809204;-1.43706476688385;-0.08594811707735062;-0.20030826330184937;-0.3154350519180298;-0.5171741247177124;-0.03592883422970772;0.0016771650407463312;-0.25906839966773987;-0.3384225368499756;0.09446625411510468;-0.17748534679412842;-0.28482645750045776;-0.3257940411567688
estrella/estrella_camilorosa_h_chile.mp3;-275.71453857421875;63.29849624633789;33.25104522705078;64.89339447021484;16.675382614135742;-13.616079330444336;-9.373318672180176;-9.847739219665527;-2.3094494342803955;-25.930227279663086;-32.619049072265625;4.374758243560791;-11.111717224121094;3.7935450077056885;4.061810493469238;3.73469877243042;-4.046618461608887;-10.558405876159668;-14.283256530761719;-4.3690948486328125;-8.006299018859863;1.7475457191467285;-1.4518933296203613;-3.5389740467071533;0.5601045489311218;1.423080563545227;0.6121915578842163;0.3713931143283844;1.2423205375671387;2.4965243339538574;-1.1441662311553955;-0.5707219839096069;1.1838009357452393;0.011877789162099361;-0.6530597805976868;-1.882535696029663;0.23939956724643707;-0.8948832750320435;-0.9440922737121582;0.46731090545654297;-7.346734046936035;2.478949785232544;-0.9618006944656372;-0.09999652951955795;0.15808911621570587;0.12642133235931396;0.96863853931427;-0.13534745573997498;0.6475206613540649;-0.27242010831832886;0.03702293708920479;-0.4680256247520447;-0.5113955736160278;0.4067842364311218;-0.26717081665992737;-0.1849852353334427;0.12128646671772003;0.20306268334388733;-0.1112675666809082;-0.4051170349121094
estrella/estrella_cnquinteros90_m_chile.mp3;-253.49435424804688;96.70916748046875;-2.6031291484832764;68.61161041259766;-41.67780685424805;-40.33576202392578;-6.320379734039307;2.1862289905548096;-18.823863983154297;-24.14040184020996;5.178039073944092;-3.893542528152466;-12.785786628723145;1.7056655883789062;-17.170228958129883;3.3848860263824463;-11.574809074401855;-3.0514333248138428;-13.452507019042969;-4.188231468200684;-2.986665725708008;3.32570219039917;-3.9562180042266846;-2.87884521484375;1.6113053560256958;0.6257144808769226;-0.960340678691864;0.9310505986213684;1.041770577430725;-0.13641734421253204;-0.5524778962135315;-0.513969898223877;-0.059483129531145096;-0.9860970973968506;0.4519113600254059;0.2568303346633911;1.3666369915008545;-0.9385737776756287;1.1473208665847778;-0.7186005711555481;-1.528748869895935;1.6164295673370361;-1.64021635055542;-1.6041233539581299;1.1665747165679932;-0.16402791440486908;0.010622781701385975;-0.2219371646642685;0.16268374025821686;-0.13303078711032867;-0.19204860925674438;-0.0017976450035348535;0.22240065038204193;-0.18292517960071564;-0.19124996662139893;0.5277208089828491;0.43816736340522766;-0.3156113922595978;0.3011845648288727;0.25007086992263794
estrella/estrella_enriquemdc23_h_mex.mp3;-173.4769287109375;58.38398361206055;-21.698320388793945;52.68034744262695;2.1722657680511475;-19.358667373657227;-27.62493896484375;-11.698966979980469;-6.930690765380859;-3.17707896232605;-16.610017776489258;9.719594955444336;-16.96200180053711;11.373741149902344;-11.498335838317871;-4.241023063659668;2.285705327987671;-7.819886684417725;-6.209377765655518;0.3225226104259491;-3.433655261993408;3.688788652420044;-1.293866515159607;-1.0697519779205322;-0.8586088418960571;1.2612961530685425;-0.5771922469139099;-0.43036389350891113;-0.23181144893169403;0.3589325547218323;0.555204451084137;-2.3362815380096436;0.9278181195259094;-0.49318575859069824;-0.015245400369167328;-0.6774274110794067;-1.3465567827224731;0.5205963253974915;-0.31550395488739014;0.1811423897743225;-0.0965147539973259;5.265372276306152;-2.4856793880462646;-1.3010976314544678;0.3957499861717224;-0.4255391061306;-0.6059169769287109;-0.3396364748477936;0.27085867524147034;0.6487248539924622;0.35712987184524536;-0.183003231883049;-0.8380163311958313;0.7655555009841919;0.5167478322982788;-1.5381358861923218;0.10035006701946259;0.12251876294612885;-0.9459437131881714;-0.44371655583381653
estrella/estrella_er9834I_h_esp.mp3;-283.3708801269531;113.074462890625;16.402969360351562;53.11595153808594;0.019611358642578125;-16.94239616394043;-1.3504422903060913;0.7202568054199219;-0.0532025508582592;3.3077125549316406;-17.003992080688477;7.291510105133057;3.323453903198242;9.448491096496582;1.3290129899978638;-4.069178104400635;0.9216119647026062;-8.25704288482666;-2.6159164905548096;-0.15505720674991608;-4.3022637367248535;1.521538257598877;-2.359304428100586;-3.581904649734497;1.1901977062225342;2.505289316177368;1.3677746057510376;0.16258610785007477;0.08164563030004501;1.2102302312850952;1.7160053253173828;-0.5698341727256775;0.17559762299060822;0.0598025880753994;-1.0085355043411255;-0.770850658416748;0.888791561126709;1.3510828018188477;-0.21637438237667084;0.21598629653453827;-5.6955180168151855;1.2367464303970337;1.4994057416915894;0.8462640643119812;-0.148067906498909;0.7935778498649597;-0.30157962441444397;-0.12910182774066925;-0.137526273727417;-0.5849976539611816;0.23129455745220184;-0.6127891540527344;0.04562175273895264;0.03032270073890686;-0.1883525848388672;0.43217626214027405;-0.49766358733177185;0.19334883987903595;0.36788687109947205;-0.4393363296985626
estrella/estrella_LBarcelones_m_esp.mp3;-240.24012756347656;56.684181213378906;12.165948867797852;44.26749801635742;-25.728063583374023;-15.583995819091797;-22.773300170898438;-6.152476787567139;-23.828075408935547;-11.510171890258789;-5.914875507354736;-13.979345321655273;-1.9890601634979248;-5.310703277587891;-3.0150535106658936;-9.192502975463867;-14.90139389038086;-5.999456405639648;-8.632862091064453;-4.844401836395264;-1.253031849861145;3.935742139816284;-3.9423606395721436;-2.8709616661071777;-0.09016185253858566;0.7518999576568604;1.3327358961105347;-0.4148159921169281;1.590048909187317;-0.9815304279327393;-0.60805743932724;0.4258182644844055;-0.30020835995674133;-0.7664466500282288;-0.29658445715904236;-0.3471851050853729;0.4034402072429657;-0.20034876465797424;0.5154767632484436;0.3541876971721649;-3.4170053005218506;2.674239158630371;-2.31554913520813;0.19538380205631256;-0.9551483392715454;0.21434207260608673;0.14621557295322418;-0.744741678237915;0.3146100342273712;-0.3555651903152466;-0.296181321144104;-0.3903885781764984;-0.05798913538455963;-0.13704633712768555;-0.23015223443508148;0.009369361214339733;0.43886902928352356;0.08450204879045486;-0.1445826143026352;-0.16530494391918182
estrella/estrella_LeonSand_h_col.mp3;-302.56402587890625;95.33016204833984;16.714750289916992;51.961727142333984;25.470386505126953;1.3068398237228394;-7.478270530700684;7.727269649505615;-3.0312609672546387;4.2056965827941895;-5.969000339508057;-0.3382681608200073;3.158006191253662;2.542926549911499;-5.343683242797852;0.7841416001319885;2.8836419582366943;1.0037916898727417;-4.51290225982666;1.5640815496444702;8.593010902404785;3.3384368419647217;-2.065126419067383;-2.7703824043273926;-0.32052329182624817;-0.294091135263443;-0.5879181623458862;0.22596214711666107;-0.5042416453361511;-0.47854912281036377;0.16046562790870667;-0.4972274899482727;-0.34608176350593567;0.22719214856624603;-0.39613258838653564;-0.6522891521453857;0.015283484011888504;0.15222522616386414;-0.7412877678871155;0.09165247529745102;-7.154673099517822;-2.9865806102752686;1.9226882457733154;-0.6723076105117798;0.2232498824596405;1.5760862827301025;1.4434890747070312;0.975110650062561;0.5645630359649658;0.22898432612419128;0.024159414693713188;-0.16154545545578003;0.06374146789312363;-0.24100488424301147;0.13534264266490936;0.10856173932552338;0.5504289865493774;0.030660487711429596;0.07565511763095856;0.14081571996212006
estrella/estrella_Orphneus_h_arg.mp3;-129.64231872558594;55.32677459716797;-5.664017677307129;57.130069732666016;-2.590418815612793;-7.460682392120361;-26.066246032714844;-18.305082321166992;2.7286908626556396;3.3909292221069336;-17.825077056884766;6.7504425048828125;-1.5895180702209473;7.581608772277832;0.3437115550041199;-5.370514869689941;-1.0704519748687744;5.384891986846924;-9.636988639831543;-0.9582944512367249;-16.156822204589844;-1.0255287885665894;0.1732274740934372;-3.4912328720092773;-1.3019928932189941;0.28237855434417725;3.2669034004211426;0.08845338225364685;0.36986491084098816;3.527312994003296;1.3281705379486084;-1.593204379081726;0.42913439869880676;-0.16504862904548645;-0.7288808226585388;-0.1159428060054779;-1.4224861860275269;0.924775242805481;0.24942819774150848;-0.5639042854309082;-15.497416496276855;3.4645819664001465;-0.15999847650527954;-2.8042616844177246;0.3138599991798401;0.836385190486908;-0.2620885670185089;0.14023371040821075;-0.3277581036090851;0.6130965352058411;0.4114944636821747;-0.05442235991358757;-0.12617947161197662;0.3958417475223541;-0.556359052658081;-1.2858346700668335;0.12578286230564117;-0.24085162580013275;-0.09076958149671555;0.012945590540766716
estrella/estrella_SebastianPerilla_h_col.mp3;-376.0790100097656;73.25154113769531;8.417716979980469;31.3638916015625;12.519734382629395;4.832927703857422;-4.322434425354004;3.9183237552642822;12.632749557495117;-7.956097602844238;-6.600520133972168;13.421786308288574;16.562551498413086;11.387645721435547;-6.661453723907471;-0.8281453251838684;4.865181922912598;13.091937065124512;8.60039234161377;-1.3022472858428955;-6.2442426681518555;-1.4960036277770996;0.4809354841709137;-0.48873236775398254;-0.07711642235517502;0.5897120833396912;1.0416322946548462;0.6706695556640625;0.4524747431278229;1.254452109336853;0.9666779041290283;0.0702965185046196;-0.6412621140480042;-0.19599571824073792;1.299801230430603;0.6528381109237671;-0.15346544981002808;0.18086053431034088;-0.3520567715167999;0.5128202438354492;-0.6833891272544861;1.883474588394165;-0.4574029743671417;0.5003838539123535;-0.10459742695093155;-0.4501116871833801;-0.23947863280773163;-0.3549112379550934;0.008434037677943707;-0.16621865332126617;-0.15249869227409363;-0.19275526702404022;-0.16078272461891174;-0.07706022262573242;-0.2128736525774002;-0.2777593433856964;-0.10002034157514572;-0.23865516483783722;-0.23214411735534668;-0.19873014092445374
estrella/estrella_Seilaregia_h_mex.mp3;-214.11805725097656;55.303165435791016;41.232421875;35.13873291015625;11.341618537902832;-14.787419319152832;-12.561589241027832;3.4342825412750244;1.478798508644104;-9.404829978942871;-12.73897647857666;-1.2436630725860596;-0.7264317870140076;16.169410705566406;-7.866653919219971;4.328364372253418;-9.727863311767578;-4.287111282348633;-8.007750511169434;0.7026828527450562;-5.4129109382629395;-0.9418946504592896;-0.3103097677230835;-3.1125080585479736;1.9740687608718872;1.7233022451400757;-0.5872907638549805;1.3044134378433228;1.935809850692749;1.8754255771636963;-0.11073961853981018;-0.8262200951576233;1.2684054374694824;1.0762157440185547;0.42335617542266846;-0.7111080884933472;0.7497624158859253;0.3210155665874481;-1.0187609195709229;0.35648113489151;-9.860163688659668;0.5870586037635803;-0.9494236707687378;-0.9593226909637451;-0.14114829897880554;0.5436422824859619;0.6529184579849243;-0.3882623016834259;0.4753861129283905;0.4880949854850769;-0.15990068018436432;0.21225760877132416;-0.05593399703502655;-0.1196003332734108;-0.5411649346351624;-0.0802105963230133;0.24305802583694458;-0.22769835591316223;-0.10916752368211746;0.10438203066587448
estrella/estrella_tenpao_h_esp.mp3;-261.8052062988281;107.140380859375;-4.123913288116455;67.05046844482422;13.711443901062012;-22.090831756591797;-15.171728134155273;-21.9980525970459;12.674134254455566;-9.652429580688477;-6.72724723815918;1.1547931432724;-1.6654479503631592;13.249612808227539;-10.127275466918945;6.539074420928955;6.511111259460449;-1.6570985317230225;-7.0487165451049805;-4.85766077041626;-4.340750217437744;1.913590669631958;0.0109496945515275;-3.1405189037323;0.1199910044670105;2.1123032569885254;0.44875210523605347;1.315638780593872;-0.003950299229472876;0.9907031655311584;0.8182381987571716;-1.0711772441864014;0.14135217666625977;-0.3504653573036194;0.5873919725418091;-0.9138293266296387;0.5180147886276245;0.37327441573143005;0.6719375252723694;-0.5666540861129761;-4.617281436920166;2.9137489795684814;-1.0183649063110352;-0.21349629759788513;0.5315790772438049;0.10767149180173874;0.3852943778038025;-0.3826555907726288;-0.3270896077156067;0.27211812138557434;-0.5510920882225037;0.20175175368785858;-0.365403413772583;-0.41276612877845764;0.20905478298664093;0.03389189392328262;-0.25750914216041565;0.028390109539031982;-0.4676602780818939;-0.0751064121723175
estrella/estrella_wordfor_m_col.mp3;-207.77565002441406;-5.4944376945495605;-13.917739868164062;29.939891815185547;-29.076923370361328;-29.959484100341797;-14.655101776123047;-0.5466929078102112;-18.633214950561523;-14.509936332702637;-1.7072678804397583;-4.636838912963867;-8.737706184387207;-4.434381484985352;-8.600737571716309;-1.755820870399475;-8.92243766784668;0.6416177749633789;-8.285258293151855;1.9796985387802124;-4.696467399597168;1.1862101554870605;-3.0931169986724854;-0.2285720705986023;-0.5252950191497803;1.9458541870117188;0.09269250184297562;0.4109780490398407;1.5573910474777222;-1.1018562316894531;-0.23284082114696503;-0.6093753576278687;0.19576416909694672;-0.855424702167511;0.05025864765048027;0.01116001047194004;0.5733791589736938;-0.1414029747247696;0.10386297851800919;-0.039627984166145325;-3.2551229000091553;4.451300621032715;-1.5833072662353516;0.17904755473136902;-0.02735842391848564;0.07464618980884552;-0.07168617844581604;0.09692859649658203;0.14569535851478577;-0.4757438600063324;-0.2486829161643982;-0.4445079565048218;0.07364508509635925;-0.2534458339214325;-0.48784559965133667;0.20984381437301636;0.03170502185821533;0.3127444088459015;-0.12214081734418869;0.16278360784053802
Flecha/flecha_alter_h_ven.mp3;-225.64768981933594;119.70892333984375;-9.822461128234863;46.701622009277344;-2.8165364265441895;5.275321960449219;-29.913558959960938;-8.232357025146484;-20.285079956054688;6.593100547790527;-18.935626983642578;2.4567971229553223;4.080133438110352;9.243897438049316;1.3216733932495117;-10.123727798461914;-0.23070833086967468;-0.8487811088562012;-12.860166549682617;-3.516954183578491;-12.540299415588379;-5.5559492111206055;1.357975959777832;-1.2722777128219604;-2.542917251586914;0.7690386176109314;1.2705237865447998;1.0614107847213745;2.1697211265563965;0.18405649065971375;1.9900325536727905;-1.0476123094558716;1.2255362272262573;0.7875081300735474;-2.3922863006591797;1.0760326385498047;-1.1918607950210571;-0.0590403750538826;0.3286378085613251;-0.45123091340065;-6.653470516204834;1.5507186651229858;0.757959246635437;-1.8150848150253296;2.2974002361297607;0.995792031288147;1.2395076751708984;-0.612970769405365;0.7232221961021423;0.5442629456520081;0.5281333327293396;-1.0963408946990967;-0.21832837164402008;-0.14616525173187256;0.2683666944503784;-0.11360959708690643;-0.8326743245124817;0.7056207656860352;0.7603503465652466;-0.21211881935596466
Flecha/flecha_aycarallo_h_esp.mp3;-259.2078857421875;105.7240219116211;5.2523016929626465;25.03043556213379;3.6360065937042236;18.213987350463867;-29.57902717590332;13.448639869689941;-5.284001350402832;-1.1599549055099487;4.259878158569336;-1.3660309314727783;5.632686138153076;5.1653056144714355;3.825993537902832;0.11465512216091156;-0.9668250679969788;0.742461085319519;-3.2659988403320312;2.50003719329834;-5.482514381408691;3.6662673950195312;-0.47862768173217773;-3.161180019378662;0.330143541097641;-0.005064911209046841;-2.0344951152801514;2.3260366916656494;-0.37202441692352295;0.06821007281541824;0.8579976558685303;-0.1308956891298294;-0.7932330369949341;-1.019697666168213;-0.47085312008857727;-0.14075236022472382;-0.74763423204422;-0.7264461517333984;0.7333789467811584;-0.22285501658916473;-17.538047790527344;-0.27357250452041626;2.333544969558716;-0.6900800466537476;1.3300164937973022;0.2562306225299835;3.167043685913086;0.031475674360990524;0.31454187631607056;-0.18941374123096466;-0.803551971912384;0.004002107307314873;0.036821868270635605;-0.7040829062461853;0.18326732516288757;0.278057724237442;-0.03161786124110222;0.2289971262216568;0.5892819762229919;-0.3487873077392578
Flecha/flecha_pablo2012_h_arg.mp3;-196.2751922607422;59.613983154296875;25.055204391479492;43.514923095703125;8.053116798400879;6.157773971557617;-12.582779884338379;-0.8602490425109863;10.088376998901367;14.572131156921387;-23.242874145507812;2.6570608615875244;-1.7508485317230225;-9.31584644317627;-0.9151251316070557;7.093905448913574;-3.194321393966675;3.2942233085632324;-7.409002780914307;2.2762832641601562;-4.260624885559082;5.191182613372803;-1.05377197265625;-4.103300094604492;-3.6285037994384766;1.59160578250885;1.3978413343429565;1.1752678155899048;2.404993772506714;2.231146812438965;0.7611645460128784;-0.2133050411939621;0.4021938443183899;0.6551987528800964;0.4328010082244873;-0.11655308306217194;0.9229325652122498;-0.2541826367378235;0.42587441205978394;-0.3999256193637848;-11.420913696289062;-0.4968450665473938;-0.7819533348083496;-1.0533627271652222;1.6923149824142456;0.9227018356323242;1.0396548509597778;-0.776894748210907;0.0277003962546587;0.5519822835922241;1.4928561449050903;-1.3239306211471558;-0.5372096300125122;0.5012562870979309;-0.04016615077853203;-0.5545707941055298;0.720859944820404;-0.6501817107200623;0.2087469846010208;0.17528866231441498
Flecha/flecha_rodneycpht_h_cuba.mp3;-339.4424743652344;96.86809539794922;51.392112731933594;49.77336883544922;15.549431800842285;20.681177139282227;4.8584442138671875;17.338180541992188;0.5858469605445862;10.604888916015625;3.131178379058838;11.31412410736084;2.121886968612671;5.318360328674316;2.0178980827331543;4.702353477478027;1.7643500566482544;3.710343837738037;-2.680708408355713;5.001240253448486;-5.609527111053467;2.042520523071289;-0.48370301723480225;-0.7539798021316528;-0.47364944219589233;-0.25569942593574524;-0.0820358619093895;-0.2253408581018448;0.0034325625747442245;0.07068831473588943;0.3631828725337982;0.2432808130979538;0.0666457936167717;0.11370957642793655;0.23749707639217377;0.04463070631027222;0.08171630650758743;-0.06333320587873459;-0.1171208992600441;0.009531757794320583;-2.8654847145080566;0.0558340810239315;-0.5381001234054565;-0.20934385061264038;-0.09156152606010437;-0.11432325839996338;-0.22128154337406158;0.058967653661966324;-0.019356664270162582;0.029890993610024452;-0.07279518246650696;0.13119067251682281;0.10603903979063034;-0.14078964293003082;-0.1253248155117035;-0.14745038747787476;-0.03440523520112038;0.0048035550862550735;-0.02643386460840702;-0.08402351289987564
fruta/fruta_alina_m_arg.mp3;-210.26620483398438;111.47349548339844;-29.822708129882812;22.307010650634766;-16.74143409729004;-4.132683277130127;-22.387611389160156;-15.691662788391113;-2.2603204250335693;-18.787723541259766;0.2763678729534149;-20.58951187133789;-0.0882532000541687;-4.571074962615967;-15.705950736999512;3.7630667686462402;-7.295719146728516;-5.830204486846924;-13.479955673217773;-5.041606903076172;-6.631160259246826;4.181349754333496;-1.4223498106002808;-3.534860610961914;-0.4290134012699127;0.31734713912010193;0.28176936507225037;2.1443533897399902;0.2919541001319885;1.9471540451049805;-0.544808566570282;0.1534447818994522;-0.08056925982236862;0.24816875159740448;-0.5270950198173523;-0.19617600739002228;0.6923384666442871;-0.011881339363753796;1.061501383781433;-1.0397357940673828;-11.352017402648926;-0.3539186418056488;1.8334077596664429;1.1033579111099243;0.6574346423149109;-0.6002891063690186;0.7695270776748657;0.15418247878551483;0.2538655996322632;0.5574836730957031;-1.6457868814468384;1.8266897201538086;-0.9339339137077332;0.46629074215888977;0.4580290913581848;-0.36918243765830994;0.10210274159908295;-0.06119777262210846;-0.09829187393188477;-0.853165328502655
fruta/fruta_angeltellez13_h_cuba.mp3;-235.26446533203125;116.3228530883789;-25.184782028198242;55.206790924072266;-33.214725494384766;-14.713902473449707;0.3316171169281006;-26.762741088867188;-19.808088302612305;10.76769733428955;-9.269783973693848;-8.927916526794434;-11.641586303710938;-7.788554668426514;-9.15431022644043;-0.48372069001197815;-5.375871181488037;-5.927196025848389;-6.642416000366211;-9.384204864501953;-8.612704277038574;-5.312683582305908;-5.3138556480407715;-2.226066827774048;-2.2302937507629395;-1.5492782592773438;-1.256966471672058;-1.7569106817245483;3.2361271381378174;5.797911167144775;5.147266864776611;-1.4450087547302246;-3.687408685684204;-1.6485627889633179;0.3391928970813751;0.6449437141418457;0.08512095361948013;-2.333688497543335;0.5951183438301086;0.658118486404419;-2.864161252975464;-1.7872854471206665;-4.035811424255371;-2.1589205265045166;0.6237018704414368;0.3688204288482666;-2.0072078704833984;-0.43965622782707214;1.475104808807373;1.008323073387146;2.1958649158477783;-0.4041714668273926;-1.8679871559143066;-0.12202975898981094;0.7375788688659668;0.3409905731678009;0.48070335388183594;0.16024066507816315;-0.1586211770772934;-0.7719631791114807
fruta/fruta_covarrubias_h_esp.mp3;-248.3184051513672;91.81820678710938;-42.9353141784668;24.225614547729492;20.229873657226562;2.072237014770508;-4.353051662445068;7.9094414710998535;-27.612186431884766;11.952347755432129;3.351958751678467;-6.299041748046875;-2.706198215484619;9.048219680786133;-3.226654291152954;-2.2665951251983643;-1.2455735206604004;3.2333571910858154;-12.519862174987793;2.7207813262939453;-9.953645706176758;11.89574909210205;-1.4317398071289062;-0.35191115736961365;-0.11699440330266953;-1.518377661705017;-0.6246269345283508;0.9876435995101929;0.5261297821998596;2.8194406032562256;-0.5748899579048157;-1.7511042356491089;1.0157772302627563;1.647205114364624;0.7157883644104004;-2.8048269748687744;0.18934276700019836;-0.5651971697807312;-0.46166324615478516;-0.03376131132245064;-15.166017532348633;-5.729851245880127;0.9999540448188782;0.02340584062039852;-0.10885125398635864;1.052812933921814;1.297418475151062;1.5953816175460815;2.317272901535034;0.4230731725692749;0.3638123571872711;0.2049417495727539;0.9441781044006348;-0.49404996633529663;0.6037192344665527;0.5965413451194763;0.3730713129043579;0.6973862648010254;0.4646828770637512;0.289777010679245
fruta/fruta_ignasiperez_h_esp.mp3;-176.26904296875;91.20597076416016;-26.041234970092773;26.462051391601562;4.658280372619629;-14.911792755126953;-8.502995491027832;-35.121177673339844;-24.213762283325195;4.162874221801758;-24.6986083984375;-2.7036445140838623;-4.536709785461426;-12.761293411254883;-14.711352348327637;-8.920960426330566;-20.45814323425293;-1.5967248678207397;-12.315316200256348;1.884816288948059;-6.702188491821289;10.297123908996582;-5.3830742835998535;3.3611934185028076;-1.6045454740524292;0.06832995265722275;-0.1409759521484375;-0.9945980310440063;3.172567844390869;1.2495665550231934;1.9429091215133667;-0.386312872171402;0.11181256175041199;-0.5290829539299011;1.1156177520751953;-0.8173009157180786;-0.06357060372829437;-0.3043091893196106;0.9254555702209473;-0.09482696652412415;-12.009936332702637;-6.17092227935791;3.1071035861968994;0.02153731882572174;0.635503888130188;1.7957396507263184;-1.4096593856811523;0.6229124069213867;1.0456078052520752;-0.05261225998401642;1.5634486675262451;-0.2752417027950287;0.06410074979066849;0.5090984106063843;0.2326982617378235;0.18563924729824066;-0.2997211813926697;-0.24477864801883698;0.04216456413269043;0.014017924666404724
fruta/fruta_joseangel_h_esp.mp3;-296.7396240234375;158.90768432617188;29.668048858642578;-7.2866692543029785;-18.114315032958984;-7.85687780380249;-14.941584587097168;-12.989798545837402;-13.759140014648438;-3.883514404296875;-5.453091144561768;-16.501436233520508;-9.693944931030273;1.4605046510696411;-6.263099193572998;-2.6023473739624023;-8.134383201599121;-7.605629920959473;-1.123587727546692;1.7279303073883057;-3.1812334060668945;-4.390627861022949;-2.8367083072662354;0.5612951517105103;-0.582487940788269;4.364543437957764;-4.4750285148620605;1.177375316619873;2.079171895980835;3.3041772842407227;2.8691227436065674;-1.5970702171325684;-1.2479509115219116;-0.9273470640182495;1.8878930807113647;-0.7516412138938904;0.21258459985256195;-0.3351902365684509;-0.7873208522796631;-0.4253935217857361;-5.4609479904174805;-2.273386240005493;0.0698205977678299;-1.0126969814300537;2.2112722396850586;-0.9801718592643738;0.1832861602306366;0.06537915766239166;0.9145946502685547;1.0759320259094238;0.23298931121826172;0.6716278791427612;-0.1977340281009674;-0.7973415851593018;0.5617311596870422;0.6191914677619934;-0.674391508102417;-0.5059243440628052;-0.49088403582572937;0.19755801558494568
fruta/fruta_jperez_h_esp.mp3;-240.5559844970703;151.78125;-28.106204986572266;29.799339294433594;-22.68296241760254;-10.825132369995117;-1.5745896100997925;-30.973426818847656;-20.083782196044922;-1.0068433284759521;-8.694005012512207;-4.371126174926758;1.816779613494873;-1.2373979091644287;-10.952954292297363;-9.051432609558105;-15.269550323486328;-4.718181133270264;-11.969505310058594;-5.556873798370361;-7.62766695022583;1.140846848487854;0.9312241673469543;-0.27171263098716736;3.3663454055786133;-0.7384023666381836;-1.8353873491287231;0.8854568004608154;1.7519049644470215;2.072824001312256;1.8276762962341309;-0.7139922380447388;-0.6852738261222839;0.6648541688919067;1.1282216310501099;-0.5185286998748779;0.22902104258537292;0.3673302233219147;0.6983035802841187;0.10371046513319016;-3.5323400497436523;-1.8202942609786987;2.243669033050537;-1.70085608959198;0.024493694305419922;0.43736961483955383;-1.233676552772522;0.5457988381385803;-0.19069378077983856;0.07022958248853683;0.5636006593704224;-0.3740435838699341;0.00892813503742218;0.0158391073346138;-0.05282474309206009;0.05493226647377014;0.018418708816170692;0.10588453710079193;-0.12179824709892273;-0.2838190793991089
fruta/fruta_pablo2012_h_arg.mp3;-256.5167541503906;122.87808227539062;9.1989164352417;21.459003448486328;24.210895538330078;11.17740249633789;-6.287570476531982;-10.305682182312012;-13.099201202392578;3.1469063758850098;-20.832426071166992;-1.4738935232162476;-7.999177932739258;-7.96266508102417;1.0623626708984375;-12.008288383483887;12.582418441772461;-0.11083570867776871;-13.204662322998047;-2.4684932231903076;-5.379507064819336;-2.1438558101654053;-0.3268619179725647;-1.525423526763916;-1.2963569164276123;0.250201940536499;-1.9698677062988281;1.990649700164795;3.7821669578552246;4.4434638023376465;-1.7399877309799194;2.1234967708587646;0.49833041429519653;0.12751109898090363;-0.9832236766815186;-1.1333673000335693;1.0051015615463257;-0.8001406192779541;0.8403807878494263;-0.5890948176383972;-5.342278957366943;-1.1075475215911865;0.30162012577056885;-1.6218373775482178;-0.49436748027801514;0.6600118279457092;0.08859853446483612;0.4472735524177551;0.22951887547969818;-0.1639820784330368;-0.02231639251112938;-0.033068880438804626;0.3581829071044922;-0.2673320174217224;0.465729683637619;-0.660631000995636;0.14044420421123505;-0.0765223503112793;-0.14787864685058594;0.15326906740665436
fuego/fuego_alter_h_ven.mp3;-243.50205993652344;190.98818969726562;-20.361751556396484;5.018322467803955;-1.2725390195846558;1.363706350326538;-11.3292236328125;-15.209145545959473;-13.538603782653809;-9.230277061462402;-19.638132095336914;4.4585442543029785;2.9632627964019775;-1.797345757484436;10.932165145874023;0.6246340870857239;-6.827033996582031;-2.1933724880218506;-4.020843982696533;-6.228602886199951;-15.763338088989258;-0.10872732102870941;8.630155563354492;-1.725141167640686;0.10470335930585861;-0.17919673025608063;0.12551750242710114;0.9563623666763306;1.217925786972046;-2.12076997756958;0.37518566846847534;-1.1016978025436401;0.2369796335697174;1.7919743061065674;-0.29845142364501953;0.8601191639900208;0.07445631921291351;-0.30203777551651;-0.3109319806098938;1.0400545597076416;-7.9080352783203125;-3.6270976066589355;1.7804174423217773;0.6139613389968872;0.07661981135606766;0.6236704587936401;1.570379614830017;1.527605414390564;0.14283905923366547;0.5808199644088745;1.203649640083313;-0.7388676404953003;-0.23232795298099518;0.3354146480560303;-0.4980938732624054;-0.10207842290401459;0.4399398863315582;0.005208464805036783;0.01870436780154705;-0.03606477007269859
fuego/fuego_beitter_m_esp.mp3;-190.80050659179688;136.6238555908203;-0.4955635070800781;-9.005621910095215;-38.6275749206543;15.290742874145508;-21.622291564941406;-2.490844488143921;-8.478986740112305;-2.4297313690185547;-6.6883134841918945;-8.110138893127441;6.139422416687012;-9.499340057373047;-4.769638538360596;3.2388343811035156;-7.649808406829834;1.423279047012329;-4.153509140014648;-8.46265983581543;-18.827342987060547;6.061481952667236;3.3403947353363037;-0.9261650443077087;-1.4029757976531982;4.188673973083496;-0.21146443486213684;2.4310522079467773;3.0729422569274902;-0.5572701692581177;-0.681346595287323;1.3171054124832153;-0.42113611102104187;-0.6450127959251404;0.5167733430862427;-0.3216739892959595;2.023084878921509;0.38267427682876587;1.4238213300704956;-0.6660022735595703;-9.483890533447266;-3.524735450744629;2.475882053375244;-1.16053307056427;1.7463308572769165;-1.8803691864013672;1.9643720388412476;0.5793503522872925;0.5118601322174072;-0.5935221314430237;-0.6358694434165955;0.04837509244680405;-1.3009401559829712;0.2263927459716797;-0.4217302203178406;-0.14422392845153809;0.2012578845024109;-0.4177758991718292;-0.4549458622932434;0.19450902938842773
fuego/fuego_camilorosa_h_chile.mp3;-272.45953369140625;165.1794891357422;26.724756240844727;21.569324493408203;-11.492654800415039;-22.7628173828125;-27.912822723388672;-9.30095100402832;17.647422790527344;-14.208600044250488;-8.617012023925781;4.0042572021484375;-21.19580078125;21.391660690307617;0.30159685015678406;4.843695163726807;8.147621154785156;0.9177932739257812;-15.42546272277832;2.110854148864746;-13.096735000610352;5.638551712036133;4.379819869995117;2.5543088912963867;-2.1675174236297607;-0.7250174283981323;4.5456037521362305;1.6708638668060303;0.9669556021690369;0.7092578411102295;1.6507394313812256;-1.339829921722412;1.0172972679138184;1.3737388849258423;0.4687923789024353;0.5346252918243408;0.02922894060611725;-0.7080596685409546;0.29520514607429504;-0.22154226899147034;-7.81259822845459;-3.1639578342437744;2.687727451324463;-1.6048014163970947;1.615527868270874;1.3997381925582886;0.031194332987070084;1.2794311046600342;-1.2184619903564453;0.7417145371437073;-0.3800685405731201;0.05813591182231903;1.468492031097412;-1.802135944366455;0.05990806221961975;0.05014112591743469;-0.3186498284339905;-0.08401618897914886;0.46751970052719116;-0.46441224217414856
fuego/fuego_DonQuijote_h_mex.mp3;-272.2958984375;143.5709686279297;6.799846172332764;23.943252563476562;-10.740736961364746;-1.7934300899505615;-2.391860246658325;-2.7203938961029053;-7.291808605194092;-14.749776840209961;2.542551279067993;-1.6695150136947632;-1.1674308776855469;0.2203654944896698;-6.035233497619629;4.835394382476807;-8.066795349121094;2.8030974864959717;-7.341422080993652;-8.316047668457031;-16.93305206298828;-1.8072855472564697;1.1943442821502686;0.8409999012947083;0.7898871302604675;1.8184458017349243;0.09627056866884232;2.226771593093872;0.48521187901496887;0.6471566557884216;0.11623033881187439;0.04015214741230011;0.9716057777404785;-1.5706065893173218;0.2817820608615875;0.27938392758369446;0.5110021829605103;0.1496506929397583;0.8338489532470703;-0.5814019441604614;-11.657966613769531;-0.8911355137825012;2.946782112121582;-0.5160382390022278;1.47313392162323;0.6890182495117188;1.0624419450759888;0.04067402705550194;0.16275642812252045;0.5106329917907715;-0.4257410764694214;0.4309072494506836;-0.6910807490348816;0.3924536108970642;0.28432977199554443;0.18040645122528076;1.5578525066375732;-0.042764537036418915;0.1789727360010147;0.48878300189971924
fuego/fuego_estexu_h_esp.mp3;-254.8392791748047;102.60200500488281;-6.4748148918151855;29.72429847717285;-44.83573913574219;-15.357921600341797;-4.955477714538574;-19.71876335144043;-3.9767088890075684;-23.72784423828125;-3.687325954437256;-15.197813034057617;-26.87861442565918;-0.19824844598770142;-8.452808380126953;13.27398681640625;-4.4328484535217285;0.2855280637741089;-10.440901756286621;3.0881311893463135;-20.245466232299805;10.903061866760254;5.656224727630615;3.091909885406494;-2.8252851963043213;1.772076964378357;1.0457379817962646;0.8042073845863342;1.864740014076233;-0.6687071323394775;0.670944094657898;-1.6453406810760498;-1.0141361951828003;2.5217812061309814;0.13961941003799438;-0.4600945711135864;-0.21222704648971558;-0.5343902707099915;0.14946873486042023;-0.5573225617408752;-7.679162502288818;-4.851147174835205;-0.25365138053894043;-2.543287515640259;-0.005858421325683594;0.550139844417572;-0.6594582796096802;0.9474731087684631;0.8199641704559326;0.46538352966308594;0.8411125540733337;0.05032830312848091;1.572412133216858;-0.04967670515179634;-0.043654169887304306;-0.7131703495979309;0.2857995331287384;0.19637396931648254;-0.1877550184726715;0.8814024329185486
fuego/fuego_mindcontrololo_h_mex.mp3;-239.89967346191406;110.39944458007812;19.036678314208984;0.8378387093544006;-0.8213340640068054;-2.1351475715637207;-27.72208595275879;-7.812186241149902;-1.0683369636535645;-21.505062103271484;-2.7423226833343506;8.639013290405273;-25.36856460571289;34.3937873840332;-14.395892143249512;5.767261981964111;1.4307162761688232;-3.9594569206237793;-3.7916083335876465;-9.300710678100586;-12.405940055847168;8.783392906188965;2.1411921977996826;1.2686517238616943;-2.81032657623291;0.7020037770271301;0.9445421695709229;0.09871034324169159;1.2739789485931396;-0.5735650658607483;-0.5552818775177002;-0.07830379903316498;0.42937928438186646;1.3893579244613647;-0.46074071526527405;1.1420923471450806;-0.46366268396377563;1.0646307468414307;-0.8644533753395081;0.5002260804176331;-8.45362377166748;-5.296275615692139;1.121429204940796;0.07431246340274811;-0.20870794355869293;-0.6429348587989807;1.1138606071472168;0.45953166484832764;0.495085209608078;0.7635357975959778;0.47814884781837463;-0.5251287817955017;1.2931030988693237;-1.0539147853851318;0.6124804019927979;-0.05091239511966705;-0.12720002233982086;-0.2297384887933731;0.1970408707857132;1.1247508525848389
fuego/fuego_yelkoastur_h_esp.mp3;-271.2582092285156;129.5175018310547;8.187424659729004;4.5249857902526855;-60.81267166137695;-16.900070190429688;0.28961971402168274;-24.86417579650879;-15.237303733825684;-15.123579978942871;1.1119959354400635;-11.545866966247559;-5.7420973777771;6.56872034072876;-11.026515007019043;-5.7902750968933105;-4.417022228240967;-14.463403701782227;-18.85068702697754;4.319738864898682;-11.435851097106934;7.511107444763184;1.4601374864578247;1.5191282033920288;-4.157350540161133;0.12052414566278458;1.1094050407409668;1.1336147785186768;0.6211870312690735;0.8802121877670288;-0.2861047089099884;-0.18459466099739075;1.269072413444519;-0.20299513638019562;1.999845027923584;-1.8113555908203125;0.08315323293209076;-1.4618303775787354;-1.435316562652588;1.225816249847412;-5.334547996520996;-3.71907901763916;1.3767955303192139;0.030819900333881378;2.2916741371154785;0.2217440903186798;-0.498084157705307;0.934014618396759;0.14564546942710876;0.6726042628288269;-0.1462845355272293;0.27210918068885803;0.34307244420051575;-0.5763077139854431;0.20250973105430603;-0.0819917619228363;-0.4153076112270355;-0.34657570719718933;-0.02711435593664646;0.19154572486877441
globo/globo_brujacarter_m_esp.mp3;-328.37353515625;145.7703857421875;-10.085710525512695;30.589096069335938;-45.614688873291016;-16.336872100830078;-20.49507713317871;-21.11757469177246;-15.50425910949707;-15.362403869628906;9.1669282913208;-22.739404678344727;-2.264483690261841;7.4795918464660645;-16.698732376098633;-6.888059139251709;-1.023150086402893;-5.544560432434082;-12.68465518951416;-7.200809478759766;-12.718561172485352;2.184333324432373;6.570762634277344;-8.786974906921387;-4.7735114097595215;2.2116103172302246;6.194504261016846;4.169528484344482;-0.08908186107873917;-2.0428924560546875;-1.9100984334945679;1.8850840330123901;2.673393964767456;1.2894132137298584;-0.3788972795009613;0.0918152928352356;0.8214437365531921;-0.19342219829559326;0.6830986738204956;0.9351611733436584;-13.043484687805176;-0.9516920447349548;5.187802314758301;-0.24198634922504425;3.510136127471924;0.0020740714389830828;1.5878245830535889;0.4045981764793396;-0.6815627813339233;0.5007205605506897;-1.125109076499939;0.5716606974601746;-0.6824072003364563;-0.3085842728614807;0.3055366575717926;-0.44055336713790894;-0.34624484181404114;-0.8894534111022949;0.1742461621761322;-0.07395325601100922
globo/globo_irs00013_m_esp.mp3;-223.77157592773438;147.4595184326172;20.201499938964844;-0.5826030969619751;-19.585920333862305;-6.787968158721924;-15.066380500793457;-10.29719066619873;-5.490931987762451;-15.182676315307617;-32.06254577636719;-11.579360008239746;-3.18084979057312;-3.5116939544677734;-3.7796943187713623;-1.5433651208877563;-11.173280715942383;-1.649628758430481;-6.331302642822266;-8.65428638458252;1.1416387557983398;0.44794827699661255;-0.7551574110984802;-1.4060571193695068;-2.196922779083252;-0.3460042476654053;1.0139297246932983;0.6455969214439392;0.1369723379611969;-0.5770886540412903;-0.4766511023044586;0.568668007850647;0.15096613764762878;0.39003095030784607;0.5497424006462097;0.4803290069103241;0.38701316714286804;0.8047511577606201;0.4970657229423523;0.784656822681427;-6.873960018157959;-0.8336477875709534;0.9210526347160339;-0.6064705848693848;0.26138967275619507;0.5609841346740723;-0.2597362995147705;0.3100680708885193;-0.27388420701026917;-0.07254726439714432;0.5071533918380737;-0.18223658204078674;-0.6796542406082153;-0.2321690171957016;0.0035418840125203133;0.11957234144210815;0.2959691882133484;-0.2670636773109436;0.06734069436788559;0.43468180298805237
globo/globo_juanpirincho_h_esp.mp3;-283.84710693359375;175.44415283203125;6.667324066162109;21.923885345458984;-2.5999131202697754;-34.05378341674805;18.392257690429688;-14.911761283874512;-9.666664123535156;-14.238845825195312;-3.3774290084838867;3.6112570762634277;-19.621055603027344;6.643517017364502;5.660944938659668;-4.552152633666992;-6.284868240356445;4.134049892425537;-13.931588172912598;-5.03099250793457;-3.891946315765381;1.0636807680130005;5.971644401550293;-0.3809990882873535;-3.6912858486175537;-2.7934179306030273;0.6089216470718384;1.821505069732666;1.9885950088500977;0.2570556700229645;1.1857413053512573;1.030044436454773;-0.08410318940877914;0.4749642610549927;1.9857940673828125;0.07567304372787476;-0.42598894238471985;1.1777193546295166;-0.277719110250473;-1.0909967422485352;-3.2224926948547363;-2.3327879905700684;-0.36529862880706787;-0.009769769385457039;0.14348642528057098;-0.29444581270217896;0.30234813690185547;0.03647032752633095;0.4733749330043793;0.7856522798538208;0.10722310096025467;-0.9364674091339111;1.0086857080459595;-0.07787413895130157;-0.6431869268417358;-0.17952899634838104;-0.5337914824485779;-0.1578214466571808;0.1536504030227661;-0.0006117671728134155
globo/globo_RRR04_m_peru.mp3;-300.7063903808594;112.25814056396484;-12.105792045593262;12.741010665893555;-17.360809326171875;-13.9784574508667;-17.961673736572266;-17.975374221801758;-14.778800964355469;-4.419312953948975;-1.850346326828003;2.7020716667175293;-7.5180768966674805;-5.086376667022705;-14.877435684204102;-3.727006673812866;0.7321887612342834;-9.129426956176758;-3.91221022605896;-7.570523738861084;-0.35425642132759094;0.4329962730407715;-0.675010085105896;1.226145625114441;-0.6506783366203308;-2.102220058441162;0.590761661529541;1.0844682455062866;-0.3473268151283264;-1.557651162147522;-0.7608932256698608;-0.46748289465904236;-1.0806411504745483;-0.1160879135131836;-0.1443658173084259;-1.2227967977523804;0.28563958406448364;-0.6838979721069336;-0.3825419843196869;0.02043536864221096;-1.3072996139526367;-0.08709003031253815;0.1763216108083725;-0.1219368427991867;0.04988894239068031;-0.0323876328766346;-0.25739434361457825;-0.605503261089325;0.2538262903690338;0.705123782157898;-0.04711269214749336;-0.07339458912611008;-0.15020708739757538;0.14762501418590546;0.03912510350346565;-0.024590304121375084;-0.20455053448677063;-0.29471316933631897;-0.1169743686914444;-0.2959350049495697
globo/globo_vkal_h_esp.mp3;-197.1273193359375;131.9705810546875;33.73719024658203;7.180403709411621;-56.064918518066406;-18.38388442993164;25.365285873413086;-17.985519409179688;-10.079296112060547;-15.223777770996094;-15.244256973266602;-2.577479839324951;-11.568591117858887;17.300586700439453;-20.25367546081543;10.994986534118652;-0.3628130257129669;-10.72154712677002;-9.239728927612305;-1.4382845163345337;-6.681151390075684;1.2189127206802368;0.20740291476249695;-0.5905176997184753;-1.4441081285476685;0.2552068829536438;-0.906171977519989;0.9620978832244873;1.3089003562927246;0.8274649381637573;-0.23118209838867188;0.4072689414024353;0.45831429958343506;0.785325288772583;0.5050970911979675;0.11881772428750992;-0.5039961934089661;-0.06045088171958923;-0.21500161290168762;-0.5966005921363831;-6.10535192489624;-0.17147938907146454;1.833064079284668;-0.5498582124710083;0.3563717305660248;1.7602893114089966;-0.6561807990074158;0.8885875940322876;0.7216386795043945;0.245405375957489;0.6036815643310547;-0.8364664912223816;0.08580808341503143;-0.129317507147789;0.5508639216423035;-0.5359721779823303;0.14723245799541473;0.3287290036678314;-0.13226325809955597;0.4327804446220398
gorro/gorro_camilorosa_h_chile.mp3;-310.8721923828125;146.7765350341797;39.29497146606445;12.248612403869629;-15.207478523254395;12.225000381469727;-2.2214481830596924;-22.744571685791016;-27.023916244506836;-30.088159561157227;-22.807830810546875;-2.257453680038452;4.318226337432861;-3.1826283931732178;10.199938774108887;-6.248070240020752;-9.87622356414795;-2.1764883995056152;-15.533228874206543;-4.19863224029541;-3.180069923400879;0.5713365077972412;-0.7404861450195312;-4.007075786590576;1.9551126956939697;3.3004660606384277;-1.1915953159332275;-0.014688460156321526;-2.3653368949890137;-0.4757797122001648;1.2361571788787842;1.3879765272140503;1.6655991077423096;-1.2204883098602295;0.3058290481567383;-1.2947200536727905;-0.4498320519924164;0.6127713322639465;-0.13687855005264282;-1.6238919496536255;-8.638643264770508;-0.8524172306060791;1.1475659608840942;1.3168402910232544;0.5923440456390381;-0.5252503156661987;0.7586916089057922;0.14397399127483368;-0.2589498460292816;0.43968474864959717;0.5576435923576355;-0.028533125296235085;0.16729195415973663;-0.18227697908878326;-0.9022122025489807;-0.22539441287517548;-0.3241439759731293;-0.14936402440071106;-0.0973271057009697;-0.10513744503259659
gorro/gorro_eljose_h_peru.mp3;-240.00650024414062;174.24327087402344;-13.813909530639648;2.413867473602295;-16.095958709716797;-21.180770874023438;-19.352615356445312;-1.1394482851028442;-20.572643280029297;-19.323482513427734;-3.5803022384643555;-13.487762451171875;-5.435072422027588;1.4577991962432861;-11.395366668701172;-4.623150825500488;-6.010586738586426;-7.4262614250183105;-12.432733535766602;1.02690589427948;1.5814974308013916;3.612346649169922;-3.6363401412963867;-4.032447814941406;1.2777619361877441;1.2357611656188965;-0.990534245967865;-1.1001176834106445;1.4733737707138062;-1.8204364776611328;-0.8897342681884766;3.347672939300537;0.2675599455833435;-1.1944420337677002;-0.45701396465301514;0.1804046779870987;0.8811898231506348;-0.7777441740036011;-0.06888827681541443;-0.5290740728378296;-6.657075881958008;-0.9897648096084595;2.163727283477783;0.750056266784668;0.580194354057312;-2.031755208969116;0.898726761341095;0.6926422119140625;-1.2703410387039185;0.302386999130249;1.0026322603225708;-0.013344794511795044;-0.7521073222160339;0.15530087053775787;0.18123012781143188;-0.5947341322898865;0.4258993864059448;0.15609899163246155;0.3397347331047058;0.3472062945365906
gorro/gorro_guillermo_h_esp.mp3;-235.82278442382812;159.38108825683594;-19.85270118713379;-4.799865245819092;-26.106830596923828;-3.9882216453552246;-0.8692454695701599;-18.49589729309082;-11.00759220123291;-13.783319473266602;-33.64395523071289;6.39268159866333;4.369704723358154;-2.503624200820923;-8.595024108886719;-7.31213903427124;-15.512075424194336;-9.617677688598633;-2.018897533416748;-7.161577224731445;-12.831817626953125;2.3456640243530273;3.382413625717163;-5.0954999923706055;1.6245924234390259;3.6334595680236816;-0.8922634124755859;0.6226450800895691;-0.932658314704895;2.666051149368286;0.30060431361198425;-1.0329915285110474;1.3890100717544556;0.8674411177635193;-2.274623155593872;-1.0832178592681885;0.6973838210105896;0.34178704023361206;-0.32023176550865173;1.757389783859253;-9.692020416259766;1.1275084018707275;1.6931718587875366;1.5936236381530762;-1.8309299945831299;-2.2676069736480713;0.4071497321128845;1.1015191078186035;0.7170668244361877;-0.30981966853141785;0.8669478297233582;-1.311453938484192;-0.505411684513092;-0.08331436663866043;1.0618115663528442;-0.2672995924949646;-0.11878131330013275;-0.6138057708740234;0.09541691094636917;0.8392099142074585
gorro/gorro_Pablo2012_h_arg.mp3;-276.9089660644531;182.6587371826172;-1.7706944942474365;1.2799087762832642;-4.427574634552002;13.960206985473633;7.305772304534912;-9.01492977142334;1.3080884218215942;2.598207950592041;-12.752742767333984;-7.3606953620910645;3.31927752494812;-16.058086395263672;-8.313285827636719;6.719445705413818;-7.878714084625244;-7.943846702575684;-3.7201926708221436;-10.69357967376709;4.124859809875488;1.7013863325119019;-2.334378957748413;-3.2772295475006104;-2.7447502613067627;-0.05731835961341858;0.5642688274383545;1.4271924495697021;1.0029736757278442;2.6278953552246094;0.33047762513160706;1.912036657333374;-0.00186088215559721;-1.3685319423675537;1.5215641260147095;-0.5263983011245728;0.18474368751049042;0.27718690037727356;-0.03409138694405556;-0.08031664043664932;-7.240931510925293;-1.7373669147491455;2.0127711296081543;1.452221393585205;-0.10857560485601425;-0.22990643978118896;0.9658685922622681;0.7854444980621338;0.00661849370226264;0.8040337562561035;-0.7087367177009583;0.4543396234512329;0.04998175799846649;-0.46317729353904724;0.268705815076828;-0.48496317863464355;0.4528573751449585;-0.32025498151779175;-0.22487382590770721;0.2826448380947113
jabon/jabon_alter_h_ven.mp3;-227.3204803466797;193.7188262939453;-21.980642318725586;21.690258026123047;-20.31308364868164;-9.043840408325195;5.762452125549316;-4.172636985778809;-13.377935409545898;2.390937089920044;-10.195581436157227;5.563685417175293;-12.241495132446289;1.6904985904693604;12.589864730834961;-12.039499282836914;0.6845950484275818;2.1174116134643555;-12.376944541931152;-7.0705766677856445;-8.986116409301758;-0.20117731392383575;2.194577693939209;0.0854993686079979;0.7876067161560059;-1.233405351638794;0.8887580633163452;-0.7724263668060303;-0.8691561818122864;-1.4988658428192139;-0.08405280113220215;0.11162663996219635;0.9707444310188293;0.2845001518726349;0.9979902505874634;1.8185713291168213;0.8136299848556519;-0.4291468560695648;0.2586534023284912;0.5098880529403687;-9.117266654968262;-1.7261559963226318;2.3126933574676514;0.6199019551277161;1.4707584381103516;0.13586392998695374;-0.02294238843023777;0.13879786431789398;1.413851022720337;-0.5973154306411743;0.02021397277712822;-0.6296396851539612;0.2473156452178955;0.14015556871891022;0.333090215921402;0.669582724571228;-0.4074060022830963;-0.0872628465294838;0.44053488969802856;0.13260850310325623
jabon/jabon_ignasiBCN_h_esp.mp3;-214.627685546875;138.76055908203125;-27.953025817871094;41.94050979614258;-7.799408912658691;-8.881333351135254;30.12736701965332;-22.63312339782715;-14.0919771194458;12.00045394897461;-10.25935173034668;-0.11695962399244308;-4.468461990356445;-11.327470779418945;-4.989508152008057;-1.8347506523132324;-8.863956451416016;-6.670608043670654;-11.279078483581543;4.576349258422852;-18.09435272216797;3.6038818359375;2.8197479248046875;4.538394451141357;3.797327756881714;-0.7397034764289856;-0.9571001529693604;0.1894725114107132;0.34512126445770264;-1.50418221950531;0.7493598461151123;-0.1576373279094696;-0.7333893775939941;0.7669110894203186;1.1802605390548706;-0.4771541953086853;-0.46724891662597656;0.3965255320072174;0.7478470206260681;0.6266265511512756;-0.6156279444694519;-5.066374778747559;1.3203094005584717;-1.3422194719314575;1.264539122581482;0.56764155626297;-0.4258314371109009;1.1434378623962402;-0.21393553912639618;0.22957852482795715;0.4853445291519165;1.0159183740615845;0.09051287919282913;1.0365902185440063;0.09063683450222015;-0.3352454900741577;0.3691881597042084;0.3846350610256195;-0.4204506576061249;-0.27119699120521545
jabon/jabon_JaimeDes_h_mex.mp3;-354.97369384765625;188.48733520507812;-47.53767395019531;-2.040464401245117;-2.0064122676849365;23.303632736206055;19.024404525756836;-5.466594696044922;-25.32464027404785;-9.992952346801758;5.005494594573975;-4.8414692878723145;-13.777029991149902;-0.0789862871170044;7.431225776672363;-11.916010856628418;-24.48419189453125;-5.192953586578369;-8.336723327636719;-1.9683462381362915;-7.801688194274902;-4.563284873962402;1.9241001605987549;7.294650077819824;4.732389450073242;-0.6180657744407654;0.4123963415622711;-0.6687359809875488;2.2705187797546387;0.28271836042404175;-1.494659185409546;-0.5841199159622192;-1.0740671157836914;-1.545851707458496;-2.341087818145752;1.6836360692977905;-0.5314233303070068;-1.2935881614685059;2.2991786003112793;0.44012999534606934;-12.641776084899902;-7.513968467712402;0.2815237045288086;-0.6438212394714355;0.43180158734321594;0.7637050151824951;0.07786431908607483;0.1745840460062027;1.2625691890716553;0.2436663657426834;-0.6963917016983032;0.4502416253089905;0.559135377407074;0.0010636188089847565;-0.07196155935525894;-0.20495301485061646;-0.24753941595554352;-0.5668252110481262;0.7809746265411377;0.43958038091659546
jabon/jabon_pleitecas_h_esp.mp3;-294.3017272949219;127.29944610595703;-33.426212310791016;61.10609817504883;-24.692964553833008;36.68308639526367;-0.6959165930747986;0.6237569451332092;-3.2126777172088623;9.790611267089844;-3.4039182662963867;-10.90703010559082;10.247381210327148;12.729549407958984;-2.463752269744873;-4.236627101898193;-1.190434217453003;-1.3091323375701904;4.780897617340088;3.3047685623168945;-8.4424409866333;-0.6303203105926514;3.073277473449707;3.1848256587982178;1.8345401287078857;-0.3818199038505554;1.819525957107544;-0.6820431351661682;-0.6182262897491455;-1.0873394012451172;-0.5501973032951355;-1.8080233335494995;0.27627456188201904;-0.41262444853782654;0.4749341607093811;-0.05959146097302437;-1.3656240701675415;1.3650010824203491;0.8478381633758545;0.009986250661313534;-4.506608009338379;-1.0718439817428589;0.2730239927768707;-0.38954582810401917;0.6539397239685059;0.46506592631340027;0.6825291514396667;0.26211947202682495;0.4157603085041046;-0.5965346693992615;-0.10495975613594055;0.7007719278335571;0.3429834246635437;-0.434716135263443;-0.5918826460838318;0.07370668649673462;0.8021184802055359;-0.12489515542984009;0.10104387998580933;0.40092191100120544
jabon/jabon_Shaditor_m_arg.mp3;-286.98687744140625;189.47344970703125;-54.8619270324707;14.010842323303223;-7.72490930557251;-23.0849609375;16.194778442382812;-20.364892959594727;-19.84187126159668;12.048954010009766;-10.374675750732422;-1.742933988571167;-12.222432136535645;-15.887669563293457;3.600940227508545;-10.160386085510254;-7.374372482299805;7.496819496154785;-10.550514221191406;-0.662634551525116;-15.080198287963867;1.0493674278259277;4.936697006225586;1.7377616167068481;1.9043585062026978;2.8289310932159424;0.5241114497184753;-0.7459923624992371;0.9329606294631958;-0.8971728086471558;-0.7998215556144714;0.3815421164035797;0.5304756164550781;-0.829126238822937;-1.1280708312988281;-0.6339179873466492;0.3248467743396759;-0.13683849573135376;1.0452202558517456;-0.024995993822813034;-3.894690990447998;-0.7893646955490112;0.8608910441398621;-0.3260077238082886;0.13551026582717896;0.47905316948890686;0.25003305077552795;0.3883006274700165;0.570533812046051;-0.3345956802368164;0.194615438580513;-0.27187368273735046;0.08311784267425537;-0.0546475388109684;-0.5206692218780518;0.31915271282196045;0.11272194981575012;-0.013951192609965801;0.3599000573158264;0.02785087563097477
lapiz/lapiz_Astridyvc_m_ven.mp3;-644.426025390625;52.92995834350586;21.652036666870117;31.91330337524414;14.875092506408691;8.547435760498047;7.279436111450195;-1.4006993770599365;1.7609448432922363;-13.810104370117188;0.13918805122375488;-0.6685366630554199;10.780500411987305;11.486817359924316;-5.396536827087402;14.63160514831543;-6.272075176239014;4.2273783683776855;1.768702507019043;1.7862995862960815;0.186143159866333;0.48704037070274353;-0.12583889067173004;-0.13595029711723328;-0.01616712100803852;-0.07541179656982422;-0.5394724607467651;-0.6630018353462219;-0.5286793112754822;-0.10095507651567459;-0.7347422242164612;-0.4248782992362976;-0.11659196019172668;-0.03644575551152229;0.07270257920026779;-0.14210215210914612;0.1802946776151657;0.35211989283561707;0.65971440076828;0.010699025355279446;3.8042995929718018;1.585552453994751;0.2256564497947693;0.11917980760335922;-0.2736605703830719;-0.3233289122581482;-0.3079402446746826;-0.3163752257823944;-0.4591495096683502;-0.6327461004257202;-0.3492352068424225;-0.3820226788520813;-0.4634459316730499;-0.33279430866241455;-0.33319053053855896;-0.018146369606256485;-0.19714143872261047;-0.036718208342790604;-0.23362015187740326;0.18551012873649597
lapiz/lapiz_BrujaCarter_m_esp.mp3;-302.1075439453125;105.42293548583984;-54.73101806640625;62.9957160949707;-42.90399169921875;-0.9840099215507507;-19.80138397216797;-22.342376708984375;1.063450574874878;-20.55008888244629;-17.884998321533203;-28.34157371520996;9.3833646774292;0.2994042634963989;-13.859787940979004;6.636751651763916;-9.830869674682617;-1.6941989660263062;-0.6756170392036438;-9.408726692199707;-15.72527027130127;-5.41970682144165;11.001739501953125;8.750161170959473;1.0448302030563354;-1.1024433374404907;1.767370581626892;0.9961196780204773;-4.459897994995117;-0.006627058144658804;0.1569228619337082;-1.500333309173584;2.0646297931671143;1.8553962707519531;3.4749791622161865;0.5387630462646484;1.6595869064331055;1.2520800828933716;-0.15199556946754456;0.5646021366119385;-10.137961387634277;-1.3584041595458984;2.5474321842193604;-1.1218338012695312;0.8709245324134827;-0.5356436371803284;-0.4603573977947235;-0.16145648062229156;0.45542916655540466;0.22365665435791016;-0.09934928268194199;0.1524507999420166;-0.13439737260341644;-0.5091187357902527;0.48365482687950134;-0.2870749235153198;-0.25167426466941833;0.3416905105113983;-0.008928696624934673;-0.17309607565402985
lapiz/lapiz_cisne_h_bol.mp3;-374.6017761230469;23.395977020263672;44.198150634765625;53.14036560058594;-10.243365287780762;14.415204048156738;-24.43663215637207;4.563742160797119;-7.903875827789307;-1.411136269569397;0.5354755520820618;-16.677703857421875;10.9568510055542;1.8494125604629517;2.979410409927368;3.4261200428009033;-11.995474815368652;5.2346882820129395;-3.549090623855591;5.456751823425293;-5.830343246459961;-10.422874450683594;-2.6534647941589355;-3.1607935428619385;-3.887606620788574;0.34054049849510193;-1.7199136018753052;0.30020013451576233;0.38016262650489807;-0.42248421907424927;0.49224022030830383;1.3088231086730957;-0.5125265717506409;1.4050421714782715;2.062384605407715;-1.6547690629959106;1.7060726881027222;-1.0442843437194824;-0.6092190146446228;0.7242991328239441;-8.502988815307617;2.160656690597534;-0.16010984778404236;0.01444337610155344;0.06647098809480667;-0.0030376045033335686;0.47431355714797974;-0.1653580218553543;0.33264076709747314;-0.6979981660842896;-0.2113887220621109;0.35337021946907043;0.08254290372133255;0.5469898581504822;0.09195654839277267;-0.7870821356773376;-0.5695684552192688;0.19429618120193481;0.24767494201660156;-0.666566789150238
lapiz/lapiz_estexu_h_esp.mp3;-282.9548645019531;99.0134048461914;-11.853886604309082;55.598392486572266;-9.704402923583984;-23.88846206665039;3.522158622741699;-27.801433563232422;-3.5747783184051514;-21.124799728393555;-0.28659915924072266;-5.516039848327637;-41.46418380737305;-8.3192138671875;-9.166396141052246;2.879910707473755;-19.540088653564453;-1.950520634651184;-14.881082534790039;5.624492168426514;-7.674032688140869;-11.62326717376709;1.1853801012039185;2.5913078784942627;3.976930856704712;-0.84365314245224;-2.6307270526885986;5.429023742675781;-0.3822205364704132;-1.206495761871338;-1.0655375719070435;-0.46270737051963806;1.7226718664169312;-0.5874564051628113;-0.7746254205703735;-0.8657248020172119;0.7202184200286865;1.3358116149902344;-0.07642011344432831;1.1332679986953735;-8.444994926452637;-4.329442501068115;1.4525896310806274;0.06893710792064667;1.788540244102478;2.0891408920288086;-0.06725762039422989;-0.2365991473197937;0.4527158737182617;-0.03739528730511665;-0.7115241885185242;-0.3275967240333557;0.7175110578536987;-0.5642172694206238;0.23112721741199493;-0.2423914521932602;1.209960699081421;-0.19980287551879883;0.06399793922901154;0.3967575132846832
lapiz/lapiz_illinoi_h_eeuu.mp3;-335.82037353515625;115.13243103027344;27.222082138061523;1.6404685974121094;22.528186798095703;-22.601261138916016;-22.260488510131836;-5.706625938415527;0.9838104248046875;19.770267486572266;2.522371292114258;-1.28126859664917;-9.827295303344727;-1.0595353841781616;9.59004020690918;2.272663116455078;7.014228820800781;0.3872178792953491;-11.64630126953125;-10.429182052612305;-3.0307376384735107;-1.8846337795257568;0.5042322874069214;1.9596112966537476;-0.23475998640060425;0.932516872882843;0.9343327283859253;0.04983934760093689;0.15407830476760864;-0.8095178604125977;-0.0551067590713501;-0.7214877605438232;0.38587892055511475;-0.7955594062805176;0.3742014765739441;0.9990749359130859;-0.09966620057821274;0.3760291337966919;-0.4135357141494751;0.20727777481079102;-2.780029773712158;-2.1515798568725586;2.1662755012512207;0.8211222290992737;-0.0881529450416565;0.3815264105796814;-0.1610247790813446;0.02848982810974121;0.40568098425865173;-0.47221726179122925;-0.1461338847875595;0.4770297408103943;0.08602279424667358;-0.1450439691543579;-0.14078330993652344;0.06795553863048553;-0.1395861953496933;0.07374970614910126;0.46241769194602966;0.3376149833202362
lapiz/lapiz_pleitecas_h_esp.mp3;-283.3718566894531;110.81453704833984;-4.756113052368164;77.40816497802734;-5.133425712585449;-14.582531929016113;12.681120872497559;-14.458887100219727;4.22691535949707;8.644418716430664;-12.387765884399414;-11.166409492492676;-6.086867332458496;-0.7732988595962524;-9.405719757080078;5.468268394470215;-0.6765961647033691;-6.048662185668945;5.841282844543457;3.3635001182556152;-5.88347864151001;-4.353641510009766;4.28560733795166;2.950955390930176;-0.4736047387123108;0.5531455278396606;2.397266149520874;3.239828109741211;-1.7067461013793945;-0.14166384935379028;1.5627442598342896;-0.07313594222068787;-0.776364803314209;1.6254551410675049;1.6162419319152832;-0.16782887279987335;0.15424823760986328;1.0497114658355713;0.34382691979408264;1.0732777118682861;-11.389923095703125;-2.6048197746276855;3.6320183277130127;-1.575139045715332;0.9451580047607422;1.6556291580200195;-0.3659469783306122;1.050766944885254;0.12899281084537506;-0.029577776789665222;-0.3440195620059967;0.07149383425712585;-0.10371941328048706;-1.0454466342926025;0.30155280232429504;-0.0994546115398407;-0.7360966205596924;0.4561361074447632;-0.076199010014534;0.1252083033323288
libro/libro_camilorosa_h_chile.mp3;-267.4640197753906;108.97767639160156;3.5291786193847656;57.69260787963867;11.146642684936523;-10.303791999816895;13.691890716552734;-19.050893783569336;-25.101621627807617;-13.783539772033691;-18.99620819091797;-6.03977632522583;-10.947916984558105;-8.405932426452637;-8.041418075561523;-3.237034320831299;-4.347356796264648;2.4686784744262695;-19.561391830444336;2.9918925762176514;0.17521053552627563;2.1870718002319336;-0.2028651088476181;-5.38510799407959;-0.21170252561569214;2.8072354793548584;-0.15435320138931274;0.7474820613861084;-0.19033238291740417;-0.6509073972702026;2.277604818344116;1.2030892372131348;0.3453189432621002;-0.8540070652961731;2.273528814315796;1.0332865715026855;-2.0252583026885986;2.0001251697540283;0.4297683537006378;-1.7523059844970703;-10.651373863220215;0.03457037732005119;1.1172969341278076;-1.1817208528518677;-0.30622291564941406;0.5986233353614807;0.17892293632030487;-0.24458366632461548;0.6626994013786316;-0.03536330908536911;-0.44581106305122375;-0.2270425707101822;0.9482517242431641;0.09315153956413269;-0.7233482599258423;-0.023683853447437286;0.7788904905319214;-0.84288090467453;0.2722158432006836;0.277200311422348
libro/libro_Dakes_h_esp.mp3;-197.786865234375;131.6163330078125;23.51340103149414;60.46270751953125;4.305865287780762;1.2825500965118408;-3.8906373977661133;-12.284278869628906;-8.810976028442383;-2.791346788406372;-11.015375137329102;-13.441978454589844;-2.15008282661438;2.920279026031494;-10.86004638671875;-5.864597320556641;-1.0602514743804932;6.309194564819336;-12.309608459472656;2.77742075920105;-3.0772480964660645;5.774076461791992;-1.2906125783920288;-7.340142726898193;-1.0320346355438232;2.7955405712127686;-1.4553773403167725;1.05878746509552;-1.5300302505493164;2.7979860305786133;1.21274995803833;0.8189505338668823;1.5657520294189453;-0.2983973026275635;2.20219087600708;-0.5389586687088013;0.2057892233133316;-0.65227210521698;-0.13645842671394348;-0.2590557634830475;-8.166048049926758;0.3314470648765564;1.2638829946517944;-0.6908214092254639;-0.4769933819770813;1.1863527297973633;1.0082275867462158;-0.6254791617393494;0.8534234762191772;-0.33559662103652954;0.01586826890707016;-0.13203167915344238;0.556039571762085;-0.3763929605484009;0.0946890190243721;-0.400993674993515;0.6004815101623535;-0.9486218094825745;0.17440544068813324;0.10228747874498367
libro/libro_DonQuijote_h_Mex.mp3;-246.89215087890625;145.46685791015625;-0.10736913979053497;37.79983139038086;1.087011694908142;-9.38039779663086;14.458671569824219;-18.40948486328125;-11.697920799255371;-11.740297317504883;-2.2785634994506836;7.926655292510986;-15.222336769104004;13.337176322937012;-14.424646377563477;10.631424903869629;-15.664518356323242;-1.0377026796340942;-2.9430065155029297;-6.260682582855225;-7.830210208892822;4.755483627319336;0.35870361328125;-6.480678081512451;-1.8761286735534668;2.280449390411377;2.2310760021209717;2.129880666732788;0.7885638475418091;1.2440916299819946;0.03710068017244339;0.6506569981575012;3.715451955795288;-0.9320557713508606;0.33448097109794617;0.4073972702026367;-0.8274773955345154;0.9197924137115479;-0.4084823727607727;0.28182244300842285;-12.75167465209961;0.6206642389297485;1.7749104499816895;-0.5723148584365845;1.8006566762924194;1.8990511894226074;-0.1428016722202301;0.29711827635765076;-0.39183151721954346;1.4312851428985596;0.11754848808050156;-0.3638632297515869;0.45625030994415283;-0.400046706199646;1.6469658613204956;-0.19762086868286133;0.44593295454978943;-0.12921206653118134;0.041825298219919205;-0.09539639949798584
libro/libro_estexu_h_esp.mp3;-312.31622314453125;107.41645812988281;-15.78882884979248;80.20838928222656;-5.100960731506348;-21.00732421875;6.49530029296875;-19.046470642089844;-25.3018741607666;-16.321500778198242;-20.39089012145996;-11.66524887084961;-29.812591552734375;-9.220706939697266;-10.012063026428223;4.855237007141113;-2.0822887420654297;-10.503607749938965;-6.199430465698242;-3.5178937911987305;2.8623952865600586;6.0449910163879395;-3.729142904281616;-3.9344558715820312;-1.7577053308486938;-0.4049665927886963;-0.5921142101287842;1.2535139322280884;-0.48983776569366455;-2.3749678134918213;1.0879896879196167;3.269541025161743;0.08087049424648285;-0.8112788200378418;1.0757417678833008;1.0549139976501465;-0.0551254004240036;-0.09508072584867477;0.19996137917041779;0.3689202666282654;-7.023200035095215;0.3427995443344116;1.0181654691696167;-1.019583821296692;-1.6291977167129517;0.18233312666416168;1.0580710172653198;-0.4968843460083008;0.10628753155469894;0.506963849067688;-0.4651981592178345;-0.7753452658653259;0.03678438439965248;0.7315843105316162;-0.05536467581987381;-1.3029484748840332;0.30047446489334106;0.19978928565979004;-0.2329523265361786;-0.2554229497909546
libro/libro_loquim_h_arg.mp3;-257.85894775390625;130.1372833251953;1.377774715423584;60.744667053222656;7.001941204071045;-17.42754554748535;-19.489015579223633;-22.770299911499023;-20.72954750061035;-17.431625366210938;-23.6778507232666;17.074047088623047;-2.275599479675293;6.69896936416626;-1.6976511478424072;-12.984335899353027;5.439745903015137;6.127638339996338;-20.027870178222656;-2.1601638793945312;2.6901845932006836;4.368320465087891;-2.0425422191619873;-5.561842441558838;-2.185363531112671;0.62774258852005;2.3072855472564697;1.1766754388809204;-1.8012787103652954;-0.29528677463531494;2.4592418670654297;1.389931321144104;0.7244020700454712;-0.802971363067627;-0.09669175744056702;0.27883380651474;-0.8952834606170654;-0.10878685861825943;-0.39571696519851685;-1.3138805627822876;-14.375340461730957;0.2930087447166443;2.3931891918182373;-1.267603874206543;0.9137774109840393;1.5451833009719849;0.2704426646232605;-0.15363363921642303;0.37944483757019043;-0.3035929203033447;0.6076561212539673;-0.7294380068778992;0.43504753708839417;-0.001906388089992106;-0.6473037004470825;-0.2135343998670578;0.35103461146354675;0.2761176824569702;0.0574275441467762;-0.26167532801628113
libro/libro_mith_h_esp.mp3;-239.63583374023438;116.3220443725586;0.34239500761032104;49.28388977050781;4.067399024963379;-14.726158142089844;11.990118026733398;-9.234427452087402;-36.73204803466797;11.883895874023438;-19.734542846679688;5.590828895568848;-3.2105655670166016;-13.518280029296875;6.125353813171387;-3.1532986164093018;-10.839510917663574;-2.4596056938171387;-8.907370567321777;0.8544524312019348;-3.468728542327881;2.944833755493164;-1.7317701578140259;-4.079868316650391;0.9278090596199036;1.7161681652069092;1.0982450246810913;-0.7532298564910889;-0.6590911149978638;1.6232398748397827;3.35154390335083;0.7886539101600647;0.7842360734939575;1.3230584859848022;-0.32785069942474365;-1.6182371377944946;0.11259870231151581;0.7015625238418579;-1.4165360927581787;-0.6081908345222473;-10.911279678344727;-1.7454240322113037;2.4784340858459473;0.42216387391090393;0.6442462205886841;1.3469167947769165;0.2542797923088074;0.35593849420547485;1.1171414852142334;-0.6709376573562622;0.3455333113670349;0.44539445638656616;0.7764989733695984;-0.2681909501552582;-0.39382660388946533;-0.019076619297266006;0.11578377336263657;-0.180259108543396;0.6854538917541504;-0.08353312313556671
libro/libro_tenpao_h_esp.mp3;-272.1130065917969;134.7172393798828;2.0057566165924072;72.56819152832031;35.03778076171875;-6.33486795425415;6.6590423583984375;-23.50803565979004;3.3152995109558105;-13.76203441619873;-3.084730863571167;2.8539881706237793;-8.349475860595703;3.7868356704711914;-1.588309407234192;4.572749137878418;3.013643264770508;0.052994586527347565;-1.1337785720825195;0.2780555784702301;-3.749255657196045;5.049616813659668;1.678201675415039;-8.433052062988281;-1.9223053455352783;1.0353423357009888;-0.02956020087003708;2.5064570903778076;-1.042251467704773;-0.3972816467285156;3.0396854877471924;0.7162742018699646;1.0188251733779907;-0.0661565288901329;1.5741204023361206;0.099910669028759;-0.39896559715270996;1.3309556245803833;0.43597131967544556;-0.5968986749649048;-12.165894508361816;0.6296743750572205;2.7702136039733887;-0.5134674906730652;-0.6531329154968262;2.4348647594451904;0.5437664985656738;0.7998143434524536;-0.21595227718353271;0.741910457611084;-0.5576584935188293;-0.36320608854293823;0.6425184607505798;-0.5265796780586243;0.2049369364976883;-0.699325680732727;0.11971364170312881;0.4251781404018402;-0.5924152731895447;-0.16611620783805847
libro/libro_yelkoastur_h_esp.mp3;-297.4612731933594;100.3004150390625;2.207531690597534;75.42444610595703;-8.415387153625488;-13.924592971801758;-22.644445419311523;-32.79465103149414;2.261220693588257;-26.500438690185547;-3.969883680343628;-13.651310920715332;-15.902976036071777;8.250006675720215;-6.8599748611450195;-7.469395637512207;-9.340484619140625;-11.863564491271973;-13.993682861328125;-1.4548107385635376;-4.028432369232178;8.217113494873047;-0.5117369890213013;-8.130475997924805;-1.4505419731140137;2.884643077850342;0.46251314878463745;2.137727975845337;-1.2518588304519653;1.090800166130066;3.3271541595458984;1.4895830154418945;1.4485760927200317;0.38229188323020935;1.9879850149154663;-0.9019322395324707;-0.3260226845741272;1.020050287246704;-1.0221117734909058;0.039202552288770676;-10.397870063781738;2.1569056510925293;0.8185901641845703;-1.6469560861587524;0.8978195190429688;1.7222954034805298;1.1803959608078003;0.17284949123859406;-0.26660868525505066;0.12291087955236435;-0.8264386653900146;0.6561980247497559;0.8788448572158813;-0.6496341228485107;-0.6027190089225769;-0.2415218949317932;0.013862105086445808;-0.2770002782344818;0.40414664149284363;0.4338128864765167
mosca/mosca_alter_h_ven.mp3;-277.4083251953125;195.12814331054688;-13.30746841430664;1.1708784103393555;9.33543872833252;11.780305862426758;-15.762564659118652;-0.6217522621154785;2.9692680835723877;-12.39799690246582;-3.9418914318084717;4.463213920593262;-7.077274322509766;3.5833277702331543;5.371520042419434;-1.786789894104004;-7.131042957305908;-3.5565433502197266;-5.394712448120117;-10.596497535705566;-3.398159980773926;-0.5945919156074524;-3.398698568344116;-0.988177478313446;2.230769395828247;2.6857995986938477;-3.6201677322387695;-1.1931090354919434;2.997903823852539;1.4694623947143555;1.6492552757263184;1.2822071313858032;1.3368710279464722;0.05126518756151199;1.0291836261749268;0.4207305908203125;-0.8846696019172668;-0.3390900194644928;0.9780572056770325;-0.6790351867675781;-9.85359001159668;-2.804058313369751;-0.622018039226532;0.9596543312072754;2.717233896255493;1.6424976587295532;2.1780965328216553;0.7406660318374634;-0.5208485126495361;-0.39914262294769287;0.5787126421928406;0.17801299691200256;-0.2395452857017517;-0.41740185022354126;0.28811129927635193;-0.010670395568013191;-0.005118068307638168;0.01852707378566265;-0.10389706492424011;-0.08643137663602829
mosca/mosca_brujacarter_m_esp.mp3;-251.61038208007812;140.5142822265625;-57.08038330078125;17.423830032348633;-32.015602111816406;19.38515281677246;-13.99764633178711;-14.087291717529297;-10.166529655456543;-20.420259475708008;2.6044178009033203;-15.697948455810547;-5.581918239593506;-7.727209091186523;-7.640491962432861;-8.161870002746582;-9.1703519821167;-3.777536153793335;-9.147960662841797;-0.4783058166503906;-2.80121111869812;-0.5444824695587158;-2.428722858428955;-2.8607606887817383;1.608136534690857;0.33814340829849243;0.575154721736908;2.1735727787017822;1.1497838497161865;1.6917022466659546;1.5825451612472534;0.5847052931785583;0.19135724008083344;-0.0982302874326706;-0.5367662310600281;0.9531967639923096;1.2180876731872559;-1.1764488220214844;1.4148943424224854;0.6881689429283142;-13.470690727233887;-2.4252421855926514;3.789644956588745;-0.6395125985145569;1.5340479612350464;-0.07199931889772415;0.669798731803894;-0.17408053576946259;-0.05543123185634613;0.039281897246837616;-0.697717547416687;0.37632104754447937;0.5086677074432373;0.54503333568573;0.7006126046180725;0.7026060819625854;-0.2870847284793854;-0.11782985180616379;0.3669632375240326;-0.4755765199661255
mosca/mosca_camilorosa_chile_h.mp3;-245.2535400390625;89.09552001953125;5.871520042419434;12.427595138549805;-8.028596878051758;-2.289515256881714;0.5448808073997498;3.923517942428589;24.016307830810547;-11.517194747924805;-9.167187690734863;-2.9358813762664795;-13.874180793762207;5.044643402099609;-10.279475212097168;-2.8069677352905273;-5.2695770263671875;-10.458829879760742;-17.074527740478516;-3.9300696849823;4.087093353271484;-0.7963747382164001;-3.7893898487091064;-1.3656712770462036;2.7821402549743652;-1.0745657682418823;0.7123961448669434;0.26364484429359436;-0.46133431792259216;0.32597070932388306;1.2718653678894043;-0.14565175771713257;1.4600034952163696;0.8543053865432739;-0.7490826845169067;-0.3000726103782654;0.009188313968479633;0.6231806874275208;-0.7465091347694397;0.1479676365852356;-9.772249221801758;-2.2997281551361084;0.837610125541687;-0.9274086952209473;1.6738063097000122;1.9208513498306274;0.33634504675865173;1.1507638692855835;-0.6268104910850525;1.0312705039978027;0.12048628181219101;-0.7625543475151062;0.3040941655635834;-0.6369366645812988;0.4281267821788788;-0.3025480806827545;0.12372098863124847;-0.2567334771156311;0.5417314171791077;0.5820801854133606
mosca/mosca_diggeridoo_h_esp.mp3;-291.9656677246094;98.10208129882812;3.701575756072998;27.41762924194336;2.934004068374634;10.170675277709961;11.339472770690918;2.6061394214630127;16.16942596435547;8.855329513549805;-20.928211212158203;-6.9445390701293945;-6.185676097869873;0.272267609834671;-16.022624969482422;-27.368877410888672;-12.923609733581543;3.2081611156463623;-4.217198371887207;-1.686910629272461;13.262884140014648;3.195852756500244;-5.374759674072266;-4.610944747924805;-1.6570472717285156;-1.4935851097106934;-1.2135984897613525;-0.5835174322128296;0.7169838547706604;2.36320161819458;1.250920057296753;-0.385861337184906;-0.6485082507133484;-0.8701669573783875;0.2966151833534241;0.6837096214294434;-1.2199573516845703;-0.07371890544891357;0.5399940013885498;0.7149564027786255;-3.097546100616455;-0.6476181149482727;1.2157447338104248;-0.8248912692070007;0.5202013850212097;0.6461279392242432;0.19557969272136688;0.5521458387374878;-1.1104546785354614;-0.18570320308208466;0.6189916729927063;0.39970746636390686;0.14292392134666443;-0.7688668966293335;1.1071686744689941;0.7149242162704468;0.605252206325531;0.14018480479717255;0.13138453662395477;0.3365757465362549
mosca/mosca_febela_m_arg.mp3;-312.76055908203125;97.62691497802734;-20.32654571533203;1.0625526905059814;-42.86558151245117;4.563082218170166;-50.10538101196289;26.8065242767334;-29.590177536010742;-27.135074615478516;21.021272659301758;-32.69858932495117;-1.3428010940551758;-7.626491069793701;-10.49690055847168;-6.067954063415527;-15.30310344696045;6.151103973388672;-7.863078594207764;-10.398331642150879;10.630033493041992;-0.4290350079536438;-7.992819786071777;-4.810353755950928;-0.6577927470207214;1.870208740234375;-1.724775791168213;2.574660062789917;-0.600165605545044;-0.6679709553718567;3.1213676929473877;-2.136759042739868;-0.3972422778606415;0.7946182489395142;0.74781334400177;-0.12213419377803802;-0.11740144342184067;1.3699352741241455;-0.32838934659957886;0.46876680850982666;-11.39218521118164;-3.311843156814575;3.743596315383911;2.374199628829956;0.7927200794219971;1.188830018043518;0.8547701239585876;-1.7675421237945557;-0.12142612040042877;-0.27498939633369446;-1.3064626455307007;1.429991364479065;-1.4008897542953491;0.011721738614141941;1.4508603811264038;-0.6684372425079346;0.9147862195968628;-0.8186099529266357;0.3118074834346771;0.24537263810634613
mosca/mosca_ignasiperez_h_esp.mp3;-192.498779296875;105.87276458740234;-21.866092681884766;20.36163330078125;-8.41647720336914;-9.830636024475098;-15.094400405883789;-16.701400756835938;-14.008726119995117;8.119096755981445;-18.230579376220703;-4.71653938293457;-9.53609848022461;-17.142963409423828;-11.159320831298828;-6.159996032714844;-21.3843994140625;-4.604596138000488;-8.590188026428223;-4.318697452545166;2.444068193435669;-3.2437210083007812;-2.335043430328369;-1.1180567741394043;-1.0458695888519287;1.1083506345748901;0.7080719470977783;-0.28388524055480957;0.6555761098861694;1.3833481073379517;0.4261947572231293;-0.49388962984085083;1.3678443431854248;-0.23321683704853058;0.267822802066803;-0.20158293843269348;0.023569714277982712;0.09718455374240875;0.30494627356529236;-0.08891849219799042;-12.257749557495117;-3.829310655593872;3.5270111560821533;0.9803668856620789;2.2800357341766357;2.46559739112854;-0.35895171761512756;0.6010770797729492;0.5095075964927673;-0.6708171963691711;0.38130220770835876;-0.033679332584142685;-0.25188082456588745;-0.1326109915971756;-0.020238887518644333;-0.5703727602958679;0.6687762141227722;0.06335298717021942;0.24050796031951904;-0.05870731547474861
mosca/mosca_leooslos_h_arg.mp3;-317.6633605957031;177.64634704589844;-35.502071380615234;34.95590591430664;-22.44400978088379;6.699289321899414;22.399391174316406;-21.102508544921875;20.327287673950195;13.407130241394043;-6.958559513092041;-11.546915054321289;-5.831264019012451;13.809775352478027;-11.317732810974121;-22.749553680419922;-5.102895736694336;-9.405202865600586;-4.716292381286621;5.102746963500977;7.559369087219238;2.4186620712280273;-2.79178786277771;-1.365845799446106;-3.3188040256500244;-1.1685887575149536;0.3898269832134247;-0.7214411497116089;1.0994083881378174;1.6646932363510132;1.1332240104675293;0.5030742883682251;-0.4477974772453308;-1.045304536819458;0.3879212737083435;1.0470664501190186;-0.05147260054945946;0.30384793877601624;0.10624590516090393;-0.5816540122032166;-8.337916374206543;-2.2523651123046875;3.0932581424713135;-1.8010952472686768;0.3675259053707123;0.3711525797843933;-0.4392760694026947;0.8684359788894653;0.13445168733596802;0.12958969175815582;0.022876795381307602;0.3874850869178772;0.5605926513671875;-0.7807024717330933;0.08688504993915558;0.4898413419723511;-0.3141499161720276;0.16962726414203644;-0.1369790881872177;-0.46714815497398376
mosca/mosca_mayorcatorce_h_esp.mp3;-226.24208068847656;105.81854248046875;20.979324340820312;7.2495222091674805;-11.781425476074219;2.853663682937622;5.536891460418701;-8.861473083496094;8.658251762390137;5.639739513397217;-0.6768504977226257;12.428556442260742;-11.383288383483887;6.395461559295654;-4.937359809875488;-1.0201129913330078;-6.428913593292236;5.41174840927124;-0.7807467579841614;0.9590329527854919;-4.932632923126221;1.3434385061264038;-4.189102649688721;-4.205574989318848;3.578970193862915;1.6201831102371216;-0.6983355283737183;1.1226003170013428;-0.7316589951515198;1.6734097003936768;2.802311420440674;0.2552964389324188;0.43874621391296387;-0.4277940094470978;0.7276082038879395;0.26178956031799316;1.0005359649658203;0.33103257417678833;0.2650294303894043;0.2498069405555725;-12.39224910736084;-2.5329065322875977;-0.8860678672790527;0.263296902179718;1.4035263061523438;2.099198818206787;0.2206590473651886;0.6676716804504395;0.40888237953186035;-0.009176569990813732;-0.7167879939079285;-0.33855271339416504;-0.19608163833618164;-0.2447197586297989;0.15516550838947296;0.5431165099143982;0.7770735025405884;1.0573393106460571;0.11407861858606339;0.16715234518051147
mosca/mosca_miniwini_m_esp.mp3;-332.5279846191406;61.43500518798828;-27.04688262939453;-40.09577941894531;-3.0803115367889404;14.30749797821045;-11.361254692077637;-25.82132911682129;-18.72553253173828;3.525622844696045;-21.62200927734375;-39.99916076660156;19.80223846435547;-11.34189510345459;-16.31747055053711;4.330200672149658;-6.7983856201171875;-14.396267890930176;-5.5873332023620605;-15.107453346252441;-7.29750919342041;-7.374792575836182;-7.514435768127441;-6.602155685424805;3.9016029834747314;-0.11977218091487885;-2.940070629119873;-3.409817934036255;1.4573419094085693;2.8459632396698;-0.7547835111618042;1.6954787969589233;1.343125581741333;2.476039409637451;2.2317936420440674;2.0976674556732178;1.8796647787094116;1.1977213621139526;1.273324728012085;1.828451156616211;-15.070221900939941;-0.6313854455947876;0.7196220755577087;3.0393381118774414;1.3579216003417969;-0.23894920945167542;1.3551939725875854;0.724191427230835;0.7628406286239624;-0.10146471858024597;-0.28027811646461487;1.0086051225662231;-2.0913960933685303;0.43638038635253906;0.04099591448903084;-0.18876272439956665;0.3262915313243866;0.974396288394928;-0.38975778222084045;0.6440359950065613
mosca/mosca_silvina_m_arg.mp3;-302.99432373046875;86.96997833251953;-7.826970100402832;-32.422157287597656;-39.677711486816406;10.172255516052246;-22.32900619506836;-6.960324287414551;-1.8138132095336914;-13.061517715454102;-1.6346242427825928;4.418919563293457;-2.5849642753601074;-12.993189811706543;8.51775074005127;-18.770803451538086;-7.989256381988525;-3.112724542617798;2.875859260559082;-1.281064748764038;5.7817888259887695;-2.3862884044647217;-3.159942150115967;-2.8257179260253906;0.4638613760471344;-0.17856526374816895;-0.6764798164367676;-0.043134383857250214;3.18615984916687;1.1603648662567139;-3.4421658515930176;1.807785987854004;-0.809101402759552;0.8056280016899109;-0.3368202745914459;-0.017433244735002518;0.8713760375976562;-1.07427179813385;0.2791415750980377;0.5447362661361694;-14.019418716430664;0.6536626815795898;2.2523632049560547;-0.9544383883476257;1.616746187210083;0.16827528178691864;1.4235429763793945;0.42285656929016113;0.732819676399231;-0.2180705964565277;0.14160597324371338;0.02358836494386196;-0.6636802554130554;1.3729734420776367;-0.4230365753173828;1.3304951190948486;-0.24873927235603333;0.26727181673049927;-0.35255616903305054;0.04780564457178116
negro/negro_brujacarter_m_esp.mp3;-262.3560791015625;128.0159149169922;-56.49517822265625;51.051025390625;-28.171279907226562;-15.264688491821289;-28.74619483947754;-28.23054313659668;-7.850389003753662;-12.354352951049805;3.2206404209136963;-14.160008430480957;-11.913430213928223;-5.660498142242432;-13.179733276367188;-11.518447875976562;-12.106005668640137;-7.844228267669678;-7.550065517425537;7.348591327667236;-2.8121795654296875;4.381852149963379;-2.385441303253174;-6.104185581207275;-0.11867761611938477;1.263291597366333;0.03561244532465935;-0.6069108247756958;0.8077225089073181;1.083736538887024;0.26186949014663696;-0.47626426815986633;1.0538352727890015;1.1013450622558594;0.723404586315155;-0.020099345594644547;0.6070504784584045;1.1388152837753296;-0.3236508369445801;-0.25067800283432007;-16.27298927307129;0.8211787343025208;5.103832244873047;-1.849994421005249;2.020723819732666;-0.4512638747692108;1.2651945352554321;0.15120400488376617;-0.9731701612472534;0.5988718271255493;-0.9182367920875549;-0.710293710231781;0.006892246659845114;0.2177594006061554;0.0009349669562652707;-0.05763575807213783;0.1456259936094284;-0.24134555459022522;0.6020225286483765;-0.06656015664339066
negro/negro_bydopu_h_fra.mp3;-171.8496856689453;89.2791748046875;-28.658870697021484;71.78046417236328;-21.212871551513672;-33.48542022705078;-8.329108238220215;-31.255970001220703;-8.89297103881836;-3.0923407077789307;-0.3747728765010834;-4.607778072357178;-4.97452974319458;-10.370272636413574;-6.582000255584717;-2.7997372150421143;-2.9450721740722656;-14.872212409973145;-9.001969337463379;-7.03463888168335;-9.424494743347168;5.362955570220947;-1.720154881477356;-6.265636444091797;-2.553727865219116;2.2336771488189697;3.384368419647217;-4.149759769439697;-0.2972348630428314;3.291261672973633;1.4996092319488525;0.3118596076965332;0.05176336690783501;0.2596126198768616;-1.0375341176986694;-0.0487697534263134;-1.0192797183990479;0.030237777158617973;0.21241840720176697;-1.0657838582992554;-8.241598129272461;2.194253444671631;-0.0625026747584343;-1.3958323001861572;-0.3784463107585907;0.6317791938781738;0.8491548299789429;-0.6934422254562378;-0.014878375455737114;0.5424913167953491;0.40335506200790405;0.3508022427558899;-0.597602903842926;-0.02022257074713707;-1.0269821882247925;0.13587433099746704;0.4138900935649872;-0.35491570830345154;-0.30387958884239197;0.7408352494239807
negro/negro_ignasibcn_h_esp.mp3;-266.8428039550781;127.57941436767578;-33.95619583129883;58.75529479980469;1.9864726066589355;-34.14495849609375;5.48445987701416;-34.8677864074707;-15.95179271697998;-15.58112907409668;-17.180309295654297;6.706547260284424;-5.101637363433838;-10.562469482421875;-0.4646463394165039;-11.859204292297363;-17.700359344482422;-0.7686532139778137;-18.96772003173828;-0.6375654935836792;6.018949508666992;2.0145316123962402;-4.307372093200684;-2.8297643661499023;-4.645219326019287;-0.5829042792320251;1.4554132223129272;-0.7586644291877747;0.4122968316078186;-0.23030029237270355;-0.6364160776138306;2.445998191833496;0.4590555429458618;0.3334702253341675;1.0804661512374878;-0.527610719203949;0.432802677154541;0.23041889071464539;-0.8921908140182495;-0.14330172538757324;-8.960100173950195;-0.3816989064216614;2.94559383392334;-0.4662339985370636;0.4615083932876587;1.4278531074523926;-0.4389397203922272;1.6128554344177246;1.140697956085205;0.27779993414878845;-0.2460024654865265;-0.6527043581008911;-0.43758490681648254;0.5154945850372314;-0.46438801288604736;0.09156648069620132;-0.16703851521015167;0.20542758703231812;-0.1659557819366455;0.5573694109916687
negro/negro_nodoubt9203_h_eeuu.mp3;-262.837646484375;93.00170135498047;-14.96165943145752;61.238487243652344;-7.979236125946045;-8.068568229675293;-2.3835811614990234;-4.995617866516113;-6.599918842315674;-6.121829032897949;1.3378490209579468;-14.109771728515625;6.883468151092529;7.107004165649414;-12.352335929870605;7.118204593658447;-3.6444613933563232;-1.9197096824645996;-2.9853765964508057;-7.07180643081665;-9.031933784484863;4.902516841888428;1.188864827156067;-6.846246719360352;-2.493795871734619;1.5754358768463135;4.582776069641113;-1.6582235097885132;-0.20020133256912231;1.1306159496307373;0.041524022817611694;0.061101846396923065;0.9923781752586365;0.6483166217803955;0.12012416124343872;0.055773042142391205;-1.414630651473999;1.2336719036102295;-1.31368887424469;-0.4795985519886017;-14.633254051208496;1.4230104684829712;2.5466625690460205;-0.4767575263977051;0.7448163032531738;0.5060964226722717;0.9578443765640259;0.6699480414390564;1.5014855861663818;-0.6716156005859375;-0.9325997233390808;-0.49326640367507935;0.7075595855712891;0.4352647066116333;-0.6612846851348877;0.46354731917381287;0.21676316857337952;0.515605628490448;-0.3498160243034363;-0.1552090346813202
negro/negro_odin35_h_mex.mp3;-286.6464538574219;107.78682708740234;24.662860870361328;56.453643798828125;13.838064193725586;-7.169910430908203;-0.9692420959472656;-0.7065186500549316;-3.4657516479492188;-6.599106788635254;-0.7058384418487549;-5.9497904777526855;0.01574873924255371;1.977293610572815;-9.572004318237305;-10.598201751708984;-5.8502278327941895;-5.9171648025512695;-11.979621887207031;-8.957120895385742;-9.854216575622559;4.387125492095947;-4.384487628936768;-2.5993881225585938;-1.783943772315979;1.1171644926071167;3.821043014526367;-0.7051455974578857;0.08758853375911713;1.3384130001068115;0.10814350843429565;1.5711978673934937;0.5042213797569275;-0.15254811942577362;1.2574231624603271;0.913977861404419;-0.8933247327804565;0.05768805742263794;-0.1572280079126358;-0.5985771417617798;-15.240339279174805;-4.038821220397949;2.7300195693969727;-0.5838081240653992;0.10237465798854828;1.2338051795959473;0.8257308602333069;0.997239351272583;0.260675311088562;0.7381139993667603;-0.27587199211120605;-0.8974547386169434;1.0809451341629028;-0.13403552770614624;-0.6077861785888672;-0.07742170989513397;-0.2107636034488678;-0.189027801156044;0.2439168393611908;-0.4427393674850464
negro/negro_teknad_h_esp.mp3;-295.5033264160156;131.33946228027344;-6.611740589141846;65.19778442382812;6.715710639953613;-32.92831802368164;-16.3292179107666;-30.3536319732666;-11.42342472076416;-14.732831954956055;-6.632262229919434;2.144528388977051;-13.741203308105469;-5.1243085861206055;5.374463081359863;-4.187901496887207;-9.951959609985352;-8.063573837280273;-8.683675765991211;1.0085303783416748;-2.5189712047576904;0.659429669380188;-0.45004957914352417;-2.6344122886657715;-1.727851390838623;1.352849006652832;1.255691647529602;-0.22724300622940063;0.7095222473144531;-0.1546071618795395;-0.3205268383026123;2.1009950637817383;-0.24271097779273987;0.26715320348739624;0.9136618375778198;1.1902413368225098;-0.41677719354629517;2.0367977619171143;0.5737814903259277;-0.0943470448255539;-8.356208801269531;1.11786949634552;2.252413749694824;-1.8057599067687988;-0.673949658870697;0.559144139289856;2.172516345977783;0.881640613079071;-0.8368533849716187;0.5158737897872925;0.6571738719940186;0.14531660079956055;-0.30303385853767395;0.09473598003387451;-0.1929137110710144;-0.4552338123321533;0.3592371344566345;0.46564772725105286;0.492994487285614;-0.51142418384552
negro/negro_victorino_h_col.mp3;-303.0721130371094;115.71495056152344;35.96270751953125;36.42399978637695;22.161479949951172;-28.66306495666504;-16.043676376342773;-4.588930606842041;-5.853452205657959;-18.62070655822754;2.968743085861206;0.342744380235672;-11.534364700317383;-0.1794380396604538;-16.449386596679688;5.378320217132568;-17.133102416992188;-1.2661715745925903;-3.9962379932403564;8.83370304107666;-1.0527825355529785;2.3675918579101562;-0.18548628687858582;-2.992691993713379;-3.0576858520507812;1.9335830211639404;1.4449316263198853;1.3623937368392944;1.215785026550293;-1.0759594440460205;0.2835642993450165;1.2107220888137817;0.31193479895591736;1.1609104871749878;2.728189468383789;-0.24054400622844696;-0.7661949992179871;0.5304903388023376;-0.6362946033477783;-0.08500654250383377;-7.792501449584961;-0.4669473171234131;-0.0025346677284687757;0.15203478932380676;1.2875803709030151;0.041319943964481354;0.011184561997652054;-0.6704259514808655;-0.5371128916740417;0.7452327609062195;-0.20138198137283325;-0.20320896804332733;0.3659715950489044;0.3564068377017975;-0.07101015001535416;-1.148675560951233;0.8478712439537048;-0.141085684299469;0.22530224919319153;-0.6768586039543152
nin╠âo/nin╠âo_cancion35127_h_eeuu.mp3;-254.28298950195312;118.91831970214844;67.2652587890625;58.349613189697266;-0.33309563994407654;6.089991092681885;3.1602632999420166;-0.12263347953557968;-17.126100540161133;0.4600335955619812;18.341594696044922;-19.308773040771484;-3.4407832622528076;-6.657223224639893;-9.50229549407959;-6.843775272369385;-6.762515544891357;-6.9584059715271;-9.481643676757812;6.1657328605651855;5.463263988494873;-1.4096252918243408;-2.3782429695129395;-4.675978183746338;-2.439786911010742;0.7920928001403809;1.6540802717208862;0.8913913369178772;1.4218590259552002;0.048041366040706635;-0.5698848962783813;0.8164399266242981;0.558754563331604;1.0586519241333008;1.2700538635253906;-1.3497302532196045;0.5948380827903748;0.49453556537628174;-1.4464471340179443;0.5681813955307007;-5.145016193389893;-0.7298085689544678;1.2763012647628784;-0.21725128591060638;-0.4982137382030487;0.05181542783975601;0.909030020236969;-0.3044703006744385;0.8445239663124084;-0.648662269115448;-0.8107897639274597;0.3038749694824219;-0.5059711337089539;0.21873065829277039;-0.19573748111724854;-0.5829572081565857;0.15469279885292053;-0.22692929208278656;-0.02113543450832367;0.016493571922183037
nin╠âo/nin╠âo_cteve04_h_col.mp3;-330.38153076171875;120.0959243774414;15.449348449707031;79.9993667602539;-19.81330108642578;3.7910618782043457;-18.084997177124023;25.154279708862305;-16.409313201904297;-22.709575653076172;9.11864948272705;-15.808252334594727;5.2002668380737305;-7.147188663482666;-1.675988793373108;-20.77347755432129;-5.2702178955078125;-0.6364444494247437;-11.86008071899414;0.36059707403182983;-0.8466932773590088;2.677842855453491;-1.324772596359253;-5.450316429138184;-1.0158791542053223;1.2638274431228638;-0.16731037199497223;0.5810600519180298;1.89889657497406;2.6627776622772217;-0.2553490698337555;0.5636943578720093;0.9519482851028442;-0.9653694033622742;0.5420355796813965;1.786804437637329;0.5965383052825928;-0.06517869234085083;-0.01923959329724312;0.17754754424095154;-18.856494903564453;-1.0120155811309814;3.854901075363159;-1.4447506666183472;4.359500885009766;-1.2142677307128906;1.2716569900512695;0.10903390496969223;0.32867348194122314;0.491225004196167;0.009668455459177494;-0.15519744157791138;-1.4245749711990356;1.3524340391159058;-1.3292776346206665;-0.24204044044017792;0.3804618716239929;0.5491098761558533;0.27094975113868713;-0.6754184365272522
nin╠âo/nin╠âo_fjglez_h_esp.mp3;-407.15106201171875;64.22601318359375;38.43119812011719;148.8361358642578;18.344139099121094;4.153654098510742;21.3916015625;-12.482593536376953;-5.69647216796875;-9.964315414428711;0.8502132892608643;-13.174205780029297;-22.94216537475586;0.8504102230072021;-9.82238483428955;-10.99669361114502;-12.823209762573242;5.641580581665039;-15.230562210083008;-0.4629615247249603;12.160383224487305;-2.024338722229004;-6.920831680297852;0.9646069407463074;-1.6558789014816284;-2.173179864883423;-3.508997678756714;-2.12233829498291;2.9968998432159424;4.513509750366211;2.165637493133545;1.0529743432998657;1.5555684566497803;-0.8188527822494507;-0.44915083050727844;-0.2900409698486328;-2.318915367126465;0.628494143486023;-0.9525678157806396;1.649364709854126;-8.358598709106445;4.754045009613037;1.1727192401885986;-8.576850891113281;0.9805768132209778;2.051254987716675;-0.29959636926651;-0.6107193827629089;-0.3184887170791626;1.4719243049621582;-0.40411102771759033;-0.2381405234336853;-0.3874264359474182;-1.1729800701141357;-0.0884120762348175;-1.308097243309021;1.1371402740478516;-0.6986488699913025;0.3583565056324005;-0.1597752869129181
nin╠âo/nin╠âo_laurasanchez22_m_esp.mp3;-332.6954650878906;49.25288391113281;-7.912644863128662;21.154277801513672;-27.932222366333008;8.03248405456543;-4.195584774017334;3.729370594024658;-1.8737678527832031;-0.5015991926193237;-5.355288982391357;2.6695830821990967;-5.657568454742432;-6.478921413421631;-10.005302429199219;0.29877060651779175;-4.357398509979248;1.622514247894287;-8.364428520202637;3.2420146465301514;-8.319382667541504;-1.89960777759552;0.8071234822273254;-0.17150168120861053;1.2979778051376343;0.806658923625946;1.1408523321151733;0.3671760559082031;1.3077235221862793;0.6969688534736633;0.9163215756416321;0.39270421862602234;0.5396259427070618;0.594910740852356;0.739334762096405;0.6340463161468506;0.340746134519577;0.23552286624908447;0.6544330716133118;0.582726001739502;-1.259486198425293;0.5697760581970215;0.4106729030609131;-0.1583898961544037;0.9246971607208252;0.11589095741510391;0.15728859603405;-0.01798430271446705;-0.017521625384688377;0.06161588802933693;-0.059310510754585266;0.15756240487098694;-0.22612281143665314;0.10925402492284775;0.0986132100224495;0.07353656738996506;0.2454795390367508;-0.2130873054265976;0.38529476523399353;0.16487646102905273
nin╠âo/nin╠âo_mith_h_esp.mp3;-276.41754150390625;104.79031372070312;12.788392066955566;53.758460998535156;-0.3022465407848358;-16.296716690063477;25.154634475708008;-4.467570781707764;-22.448225021362305;10.59969711303711;-18.809202194213867;-7.0251145362854;-8.522258758544922;-20.082242965698242;4.463119029998779;0.15758748352527618;-3.26397705078125;-1.8115341663360596;-12.624651908874512;4.992700099945068;-1.7369892597198486;-1.0172184705734253;1.0393452644348145;-1.518686294555664;1.280587077140808;1.693077564239502;-0.37287643551826477;-1.4356296062469482;0.6584855914115906;1.813976764678955;0.6654752492904663;0.3060344457626343;1.3380030393600464;1.1176466941833496;0.19864784181118011;-0.5747983455657959;-0.16507862508296967;0.05701116472482681;-0.47689664363861084;0.24193841218948364;-9.10610580444336;0.21840901672840118;1.8768938779830933;-0.864961564540863;0.9796779155731201;1.014854907989502;-0.7057400345802307;0.6169746518135071;0.9423394799232483;-0.8913260102272034;0.7299438118934631;-0.5973987579345703;-0.3784424662590027;0.02370944805443287;-0.7818053960800171;0.03669793903827667;0.030934035778045654;0.0378529392182827;0.45530903339385986;-0.09424977749586105
nin╠âo/nin╠âo_momislo_h_esp.mp3;-283.38751220703125;100.91985321044922;17.354398727416992;49.74799728393555;-15.121023178100586;-5.229572772979736;26.69927978515625;-15.334248542785645;-3.9906647205352783;-0.23843593895435333;-9.472126007080078;0.49893227219581604;-10.825701713562012;-0.7862002849578857;-15.59623908996582;0.3005104660987854;-10.0138578414917;-7.7403106689453125;-12.706108093261719;0.17303510010242462;0.6744464635848999;2.708400249481201;-2.0662169456481934;-4.982966899871826;-1.4201672077178955;1.4749644994735718;1.2356816530227661;-0.49962717294692993;1.5140833854675293;1.736337661743164;0.405676931142807;0.1388227939605713;1.7521123886108398;-1.5163724422454834;0.7359926104545593;-0.3123413026332855;-0.9619928598403931;1.1069562435150146;-0.6123464107513428;0.24243907630443573;-14.671220779418945;1.802351713180542;2.064103841781616;-0.9101592898368835;1.1651824712753296;1.9638944864273071;0.21304278075695038;0.9263831377029419;-0.6955677270889282;-0.3880798816680908;-0.008645331487059593;-0.10135090351104736;-0.1845533549785614;-0.6910074949264526;0.784441351890564;0.049931034445762634;0.0999104306101799;-0.07904455810785294;0.3435649275779724;-0.28381237387657166
nin╠âo/nin╠âo_pablo2012_h_arg.mp3;-258.5967712402344;111.49869537353516;30.285934448242188;51.2263298034668;-10.433443069458008;8.926807403564453;22.783946990966797;-3.864680767059326;0.25636154413223267;5.28738260269165;-15.065298080444336;-3.330625057220459;-6.80579137802124;-12.554634094238281;-5.996420860290527;-4.371533393859863;-5.042909622192383;1.3431185483932495;-12.621916770935059;1.3387219905853271;5.1814985275268555;3.715242862701416;-5.439454078674316;-4.067981719970703;-1.940744400024414;1.3972735404968262;-1.1820732355117798;0.40237873792648315;1.1906721591949463;1.3993279933929443;0.3115811049938202;0.675210177898407;-0.46344050765037537;-0.8675246238708496;0.7197784185409546;-0.24045780301094055;0.32225507497787476;-0.47658324241638184;-0.7421354055404663;0.5986136794090271;-11.164105415344238;1.7989037036895752;1.2508184909820557;-1.585982084274292;0.9650647044181824;0.6339909434318542;0.2922993302345276;0.49948984384536743;-0.2732425630092621;-0.6043630242347717;0.5233585834503174;0.22994807362556458;0.18510672450065613;-0.06847933679819107;0.29261210560798645;0.03759036213159561;0.011256054043769836;0.10922382026910782;0.4348486065864563;-0.3772273063659668
nin╠âo/nin╠âo_tica_m_CR.mp3;-382.0168762207031;76.0901107788086;22.873332977294922;39.0269775390625;-9.555180549621582;14.0806303024292;-2.3176822662353516;-17.277286529541016;-16.423870086669922;-16.967411041259766;-9.78819751739502;0.49477091431617737;2.909528970718384;-11.832670211791992;-5.20846700668335;-8.417320251464844;-0.9137402176856995;-3.4713711738586426;-5.071412563323975;-0.07585261017084122;0.4425356090068817;-2.0952064990997314;-1.628335952758789;-1.0497459173202515;-0.8006765246391296;1.0272507667541504;0.752827525138855;0.670731782913208;1.7556521892547607;1.1753336191177368;0.8633826375007629;0.282081663608551;0.7487161159515381;0.8318496346473694;0.9671429991722107;-0.05058556795120239;0.28960171341896057;0.6100057363510132;0.26634681224823;-0.04993537813425064;-0.4094437062740326;0.719948947429657;0.3830605447292328;0.16348904371261597;0.5502696633338928;0.12575297057628632;-0.2156333178281784;-0.2771490514278412;0.15935972332954407;0.09312689304351807;-0.139595165848732;-0.6507583856582642;-0.3427707552909851;0.06950866430997849;0.28637534379959106;-0.003568851388990879;-0.11309754848480225;-0.02413327433168888;0.03270488977432251;-0.18861466646194458
nin╠âo/nin╠âo_wichopv_h_mex.mp3;-362.8564453125;76.60594177246094;3.992738962173462;54.8472785949707;1.8219082355499268;-5.362508296966553;21.096574783325195;-5.020782947540283;9.121203422546387;-9.246679306030273;-1.8264111280441284;1.5251493453979492;8.026041984558105;-4.316783428192139;-2.0330071449279785;-6.231086254119873;5.7788214683532715;0.09293223172426224;-5.853299617767334;1.984742283821106;-8.990050315856934;0.9439156651496887;0.6033623814582825;-0.22657091915607452;-1.5062482357025146;-0.32257887721061707;1.345453143119812;1.3214222192764282;0.48529312014579773;-1.1255851984024048;-0.46346256136894226;0.9824104309082031;-0.32065093517303467;-0.2637021243572235;-0.17230330407619476;-0.5738651156425476;0.022360309958457947;-0.08180971443653107;0.211656391620636;0.43331634998321533;2.5454533100128174;-0.110365130007267;-0.3234146237373352;-0.03472736477851868;-0.29131171107292175;0.14416977763175964;0.08196499198675156;-0.2445565164089203;-0.07593759149312973;0.004441071301698685;-0.026829594746232033;-0.09004192054271698;-0.19116352498531342;-0.14666001498699188;-0.06034030765295029;-0.03669878840446472;-0.05300021171569824;-0.006710153538733721;-0.13143640756607056;-0.2881090044975281
Peine/peine_BrujaCarter_m_esp.mp3;-270.5195007324219;94.9765853881836;-51.525291442871094;88.95581817626953;-50.9623908996582;-15.069700241088867;-19.789867401123047;-4.374539852142334;-10.759875297546387;-21.883403778076172;14.863043785095215;-25.753753662109375;-8.225895881652832;-13.678492546081543;-3.160043954849243;-2.7092092037200928;-14.105116844177246;2.2017266750335693;-8.66546630859375;0.9224818348884583;-5.304938793182373;-0.5673925876617432;0.7624948620796204;-0.5076780915260315;0.5057224035263062;4.379401683807373;4.33234977722168;0.22465208172798157;-0.5207841396331787;0.664692759513855;0.12488889694213867;0.008364359848201275;-0.6042609810829163;-0.7023967504501343;-0.42013394832611084;-0.9727325439453125;-0.3902014493942261;1.463890790939331;1.505536437034607;-0.7809513807296753;-12.774666786193848;0.24744145572185516;2.3856489658355713;-2.842592477798462;4.0037736892700195;-0.5287114381790161;-0.04026412218809128;-0.13337571918964386;0.15051384270191193;-0.0005441904067993164;-1.0694196224212646;1.2334448099136353;-0.13332311809062958;0.5371116995811462;-0.5134534239768982;-0.3847038447856903;0.39327239990234375;-0.29979121685028076;0.3538505733013153;-0.3208884000778198
Peine/peine_harTsaRx_h_esp.mp3;-294.11578369140625;56.90816116333008;8.742412567138672;96.78313446044922;-3.87331223487854;-21.032997131347656;6.328890800476074;-14.162131309509277;1.3892264366149902;13.432023048400879;2.4797253608703613;10.016796112060547;-7.8073201179504395;-4.11144495010376;-11.138179779052734;-0.7504755258560181;-4.55234432220459;1.7787142992019653;-2.9120421409606934;-3.7213213443756104;-22.390357971191406;-9.318105697631836;4.2026472091674805;2.429180383682251;-1.2857469320297241;-3.8498177528381348;-0.05684293061494827;1.4656392335891724;-0.9712873101234436;-0.4813869297504425;0.2650257647037506;1.390731692314148;-2.3906304836273193;-5.001046180725098;-1.8232612609863281;-0.24442818760871887;-0.9555612206459045;2.091174364089966;0.17837701737880707;-1.855421543121338;-5.115488052368164;-1.7439382076263428;-3.4009413719177246;-4.802910804748535;2.15371036529541;0.7371124625205994;-0.5037893056869507;1.0991603136062622;-0.493466317653656;0.9752651453018188;-0.6712353825569153;-0.1990002691745758;0.6860177516937256;-1.1392642259597778;0.017183469608426094;0.7573426365852356;0.030340489000082016;-0.058541055768728256;0.44940054416656494;-0.5227959752082825
Peine/peine_urso170_h_arg.mp3;-210.0890655517578;121.0997543334961;-20.30585479736328;63.71701431274414;-30.598207473754883;-28.343393325805664;-14.286906242370605;-2.612989902496338;-18.029802322387695;-11.954681396484375;-4.832015037536621;-0.17767715454101562;-22.67243766784668;2.4492013454437256;-14.667326927185059;1.0045764446258545;-8.613389015197754;-4.157159328460693;-7.411574363708496;-12.35570240020752;-11.534884452819824;-1.2587735652923584;3.100630760192871;-1.9415546655654907;3.070833683013916;-0.3534061014652252;0.2668018937110901;3.2580881118774414;-0.5023259520530701;0.5424709320068359;-0.167826309800148;0.20317582786083221;-1.4128284454345703;-0.23215503990650177;-0.31315410137176514;-0.3640075623989105;0.43141889572143555;-0.5583302974700928;0.3952978849411011;-0.8133389949798584;-8.913207054138184;1.4680066108703613;0.30558905005455017;-3.2085766792297363;1.6539353132247925;-0.10182693600654602;-0.5573508143424988;0.3238011598587036;0.8676534295082092;0.009158516302704811;-0.25343048572540283;0.18986590206623077;0.49945563077926636;-0.49186432361602783;0.24269890785217285;-0.06259725242853165;0.16359038650989532;-0.4677993059158325;0.2894693911075592;0.2912021279335022
piedra/piedra_bmhawk_m_eeuu.mp3;-254.08924865722656;140.392822265625;-51.889644622802734;18.299835205078125;-5.0532331466674805;-29.0039005279541;-18.126611709594727;-22.48388671875;-8.60375690460205;-16.024417877197266;1.965179204940796;-27.937904357910156;-13.352298736572266;7.664523601531982;-12.240330696105957;-9.702447891235352;-6.7548089027404785;1.9360946416854858;-15.469204902648926;-2.459256172180176;-2.5539863109588623;2.6744353771209717;-4.04017972946167;-6.953916072845459;1.9829072952270508;0.13845212757587433;-0.6605340838432312;2.5281858444213867;2.197223663330078;-0.1436549425125122;-0.5294457077980042;-1.1581223011016846;-0.4282514154911041;0.15164919197559357;-0.7052270770072937;-1.3930269479751587;-0.5559780597686768;0.04315833002328873;-0.7806768417358398;-0.5204875469207764;-6.377293586730957;-1.2403956651687622;1.9027942419052124;0.768552839756012;1.4584816694259644;1.0549029111862183;0.8773172497749329;1.0536564588546753;0.20326785743236542;0.3981444239616394;-0.062009233981370926;0.3890759348869324;-0.6799648404121399;-0.7082237005233765;0.6461589932441711;-0.8520515561103821;0.816613495349884;0.7287274599075317;0.04780179262161255;0.5368618965148926
piedra/piedra_brujacarter_m_esp.mp3;-247.5491180419922;125.84198760986328;-66.36707305908203;60.98236846923828;-17.784868240356445;-16.9539737701416;-15.520764350891113;-11.664795875549316;-2.2582108974456787;-22.686681747436523;-13.366278648376465;-24.446502685546875;-3.6364598274230957;1.157033085823059;-9.2202730178833;-2.2557713985443115;-8.31188678741455;-2.182542562484741;-2.3739559650421143;-0.548579216003418;-2.039069652557373;8.668828964233398;-4.521369934082031;-12.026997566223145;1.1125506162643433;1.1876236200332642;2.592716693878174;2.2123851776123047;2.5432403087615967;2.1906113624572754;-0.3997221291065216;1.3167649507522583;-1.9830728769302368;-0.6317668557167053;0.1816137582063675;-3.040527820587158;0.6584981679916382;0.48757001757621765;-1.0324136018753052;0.2630905508995056;-12.826926231384277;-2.733293056488037;3.3708877563476562;-1.0125434398651123;2.3755016326904297;1.304250717163086;0.4236353933811188;-0.18894906342029572;-0.22243162989616394;0.44303402304649353;0.27381306886672974;-0.08083147555589676;-0.7896772027015686;-0.2967551648616791;-0.862818717956543;-0.35629892349243164;0.32209745049476624;-0.5339190363883972;-0.20441114902496338;-0.19920948147773743
piedra/piedra_camilorosa_h_chile.mp3;-188.78016662597656;127.784912109375;-37.81087112426758;67.42681121826172;3.264754295349121;-16.49176788330078;-20.20868682861328;-46.12077331542969;9.340494155883789;-0.9992566108703613;-6.502665996551514;3.5254592895507812;-6.361593723297119;8.506240844726562;-21.31196403503418;2.803112268447876;0.30629122257232666;-16.003145217895508;-2.160820722579956;-4.700239181518555;0.9614365696907043;4.849677085876465;-4.210359573364258;-5.563052177429199;0.14053305983543396;0.04636402055621147;0.32019245624542236;0.1772886961698532;1.0093414783477783;2.4682741165161133;0.13659684360027313;0.3938710689544678;2.2705624103546143;0.16617348790168762;0.3285694122314453;-0.7829117774963379;1.2214465141296387;0.346423864364624;-0.6950302720069885;0.5280369520187378;-7.298387050628662;0.8708169460296631;0.431828111410141;-1.8570128679275513;1.9065015316009521;1.6617720127105713;-0.3515704274177551;1.9058613777160645;0.28187161684036255;0.04800167679786682;-0.08801843225955963;-1.2801265716552734;0.7072014212608337;-0.6271973848342896;0.3113378882408142;-0.5401259660720825;-0.22281865775585175;0.16642071306705475;-0.14333635568618774;0.6606110334396362
piedra/piedra_cata_m_eeuu.mp3;-254.21743774414062;92.51981353759766;-6.747057914733887;37.21875762939453;-1.6439218521118164;-6.424115180969238;4.968806266784668;2.3741424083709717;7.676249027252197;-3.661769151687622;2.921698808670044;-9.182968139648438;5.811487197875977;1.3476572036743164;-5.322739124298096;5.18002986907959;-1.7095838785171509;1.0135905742645264;-2.0488438606262207;3.7439255714416504;-12.328536033630371;0.28918761014938354;-0.2562885582447052;-3.3525986671447754;1.8015499114990234;1.9310775995254517;1.0917984247207642;1.543255090713501;1.9796876907348633;1.2104870080947876;-0.5601774454116821;0.4214670658111572;0.34123846888542175;0.23858675360679626;0.9885732531547546;0.23510131239891052;1.1054766178131104;0.41686397790908813;0.5034452676773071;1.2955248355865479;-7.54268741607666;-1.529315710067749;3.466829299926758;-1.5047420263290405;1.538372278213501;1.5236152410507202;-0.7944567799568176;0.636126697063446;-1.2031068801879883;1.7426817417144775;-0.9667026400566101;1.1996711492538452;-0.7544776201248169;0.3416368067264557;0.11711102724075317;0.20452749729156494;0.06434599310159683;0.37178435921669006;0.5595227479934692;-0.07219447940587997
piedra/piedra_javier_h_esp.mp3;-259.8576354980469;131.27249145507812;-24.648038864135742;52.735939025878906;2.8309426307678223;-41.147377014160156;4.7970428466796875;-29.95053482055664;-7.0197553634643555;5.9056196212768555;-31.942419052124023;14.057792663574219;-8.127254486083984;-1.2689772844314575;3.9478509426116943;-13.915943145751953;-8.178007125854492;-3.9630393981933594;-11.114599227905273;-1.7684346437454224;1.159637451171875;6.649823188781738;-5.561859130859375;-6.060757160186768;-2.8642797470092773;3.201308488845825;-2.1853089332580566;-0.17945396900177002;1.5376460552215576;1.5377461910247803;1.6011276245117188;-0.9308013916015625;1.3178459405899048;1.1587635278701782;-0.8384441137313843;-0.8171504735946655;-1.1150000095367432;0.06808627396821976;-0.1807551383972168;-0.11000344157218933;-13.745983123779297;-1.0966839790344238;1.8754962682724;-1.0924711227416992;-0.057165756821632385;3.02767276763916;-0.24079743027687073;1.285355567932129;-0.1555705964565277;-1.1135578155517578;1.5644786357879639;-1.590416669845581;-0.11415544897317886;-0.11188775300979614;-0.5172667503356934;0.17791354656219482;-0.45190364122390747;-0.03013843670487404;0.8941932320594788;-0.30850139260292053
piedra/piedra_johntyner_h_eeuu.mp3;-406.0234375;69.97541046142578;36.86798095703125;36.77964401245117;26.001359939575195;14.613998413085938;16.568185806274414;14.270702362060547;10.487211227416992;21.588293075561523;5.953556060791016;10.615876197814941;-0.746201753616333;9.568123817443848;2.5790700912475586;10.164416313171387;5.820250511169434;1.9705796241760254;-1.8736158609390259;-0.10306451469659805;-5.901782989501953;0.46223318576812744;-0.1094343289732933;-2.8323047161102295;0.4185280203819275;1.3284122943878174;0.7205275893211365;0.8700125217437744;0.11648549139499664;0.5441079139709473;0.5077046751976013;-0.009180795401334763;0.6109416484832764;0.4562307596206665;-0.19349727034568787;0.31665143370628357;0.15027545392513275;-0.1539846509695053;0.17712068557739258;0.20616354048252106;-1.8690576553344727;0.4955078363418579;0.18245556950569153;0.49559321999549866;0.1540454477071762;0.2829521894454956;-0.6313382387161255;-0.05206034705042839;0.3184051811695099;-0.1066640317440033;-0.156937837600708;-0.2372535914182663;-0.027061378583312035;-0.31359797716140747;0.08435557782649994;-0.0590607114136219;0.1839487999677658;0.1305723786354065;0.08144661784172058;0.0830356627702713
piedra/piedra_jspatt_h_eeuu.mp3;-302.5917663574219;155.89747619628906;-36.93965148925781;54.275447845458984;19.85844612121582;-29.59673500061035;-1.7175899744033813;0.27222439646720886;-27.551786422729492;-3.9569761753082275;-1.97532057762146;-16.89227294921875;-9.793360710144043;13.29980754852295;-11.274584770202637;-10.816723823547363;-5.38382625579834;-5.277837753295898;2.340113401412964;-12.78549575805664;9.917040824890137;2.9941844940185547;-5.188112258911133;-2.70870304107666;-2.7668893337249756;-1.9405721426010132;0.3679925799369812;0.28568851947784424;-0.11631729453802109;1.7632344961166382;1.192111849784851;0.37842708826065063;0.15718194842338562;0.2736009657382965;-0.764352023601532;0.2657330632209778;-0.41771095991134644;0.8085812926292419;2.008066177368164;-0.32749131321907043;-3.6678271293640137;-1.9923232793807983;0.34661102294921875;-2.1680850982666016;-1.010550856590271;1.4399757385253906;0.44777151942253113;0.05941368639469147;1.154960036277771;-0.32899102568626404;-0.056290172040462494;0.49330878257751465;0.4518243074417114;-0.1617836058139801;0.21389353275299072;0.5771467685699463;0.44325152039527893;-0.07134731113910675;0.049970414489507675;0.4430147111415863
piedra/piedra_ksmccain21_m_eeuu.mp3;-393.0970153808594;65.0050277709961;-8.300576210021973;28.050216674804688;-8.909031867980957;5.2317352294921875;5.187839984893799;1.060002088546753;8.155989646911621;3.452611207962036;-1.5857446193695068;3.4532666206359863;0.6629818677902222;4.844318389892578;6.04973840713501;7.52340030670166;5.22186803817749;7.371861457824707;0.4377332925796509;-1.931076169013977;-7.795740604400635;2.291818857192993;0.8361993432044983;1.2711819410324097;-0.1711595356464386;-0.6717439293861389;0.7889346480369568;-0.2881157398223877;-0.4848523437976837;-0.0508626364171505;0.08734036237001419;-0.1167881041765213;0.03405226767063141;0.30378296971321106;0.6407290101051331;0.7113494873046875;0.609304666519165;0.35296234488487244;0.4319332540035248;0.22998036444187164;0.696904182434082;-0.4236753284931183;0.3155319392681122;0.2921980917453766;0.01413187850266695;-0.16735708713531494;-0.5931816697120667;-0.3927668631076813;-0.03807610645890236;-0.41031837463378906;-0.16877123713493347;0.03615410998463631;-0.24135081470012665;-0.15940818190574646;-0.05923880636692047;-0.15285485982894897;-0.14640472829341888;-0.1821184605360031;-0.14177553355693817;0.28999757766723633
piedra/piedra_matthewludlum_h_eeuu.mp3;-171.51165771484375;87.76410675048828;-35.33252716064453;43.58419418334961;-0.3649703860282898;-28.087438583374023;-14.45512580871582;-15.314598083496094;1.9573557376861572;-1.1988028287887573;-13.806252479553223;9.877925872802734;-14.199895858764648;14.29005241394043;-12.904925346374512;-5.7719197273254395;-7.725673675537109;2.86637020111084;0.12524908781051636;-8.705275535583496;-0.2243480682373047;6.3077545166015625;-4.06597375869751;-8.211787223815918;0.31711259484291077;1.4243108034133911;-3.6280293464660645;1.3370567560195923;-0.2286098301410675;1.503917932510376;1.7661223411560059;-0.888301432132721;-0.6352362632751465;1.4976805448532104;-0.2296474128961563;-1.8766708374023438;0.4233325719833374;-1.4264380931854248;-0.57356858253479;0.8916983604431152;-12.187485694885254;-0.8220200538635254;2.7198917865753174;1.042217493057251;0.33940938115119934;1.4086722135543823;0.45776069164276123;1.092687964439392;-0.0017542908899486065;0.17576655745506287;0.2365431785583496;-0.46788594126701355;0.8752877116203308;-0.6160687804222107;0.6196123361587524;0.20357762277126312;-0.15394164621829987;-0.13723967969417572;-0.22298236191272736;0.4707728624343872
piedra/piedra_mlsantos_h_eeuu.mp3;-436.64324951171875;-26.72687530517578;22.494260787963867;47.13352584838867;32.35791778564453;15.338561058044434;12.67569637298584;11.067739486694336;11.567678451538086;18.90966796875;9.19157600402832;12.67948055267334;4.251004695892334;19.793460845947266;3.6783697605133057;0.33749669790267944;2.1844887733459473;1.063391923904419;-0.16611924767494202;8.5354585647583;-3.513425827026367;3.7591216564178467;-3.0917320251464844;0.8699217438697815;-1.2057007551193237;-0.6910560727119446;-0.8271099328994751;-0.005980347283184528;0.46305257081985474;1.370144009590149;-0.12404895573854446;-0.4468788802623749;0.44716957211494446;0.6099827885627747;0.1521000862121582;0.1111338809132576;0.34324637055397034;0.451091468334198;-0.0025485230144113302;-0.2409064769744873;-4.996762275695801;2.6221883296966553;3.1717348098754883;-0.4951568841934204;0.061103422194719315;-0.6512212753295898;-0.19972312450408936;-0.3080039918422699;0.3936340808868408;-0.6468378901481628;-0.4908830523490906;-0.2938106060028076;-0.3625383973121643;-0.3300071954727173;-0.26637694239616394;0.13357332348823547;0.2569173276424408;-0.03178993612527847;-0.26936525106430054;-0.18594759702682495
piedra/piedra_momislo_h_esp.mp3;-231.2102508544922;115.67445373535156;-20.579267501831055;59.8198127746582;-12.724660873413086;-15.27811050415039;1.3170850276947021;-14.736287117004395;3.700399160385132;5.373395919799805;-7.284537315368652;4.504866123199463;-8.737241744995117;14.558757781982422;-15.158760070800781;7.245733261108398;-4.647323131561279;-4.285698890686035;-2.0603177547454834;-3.4061310291290283;-0.9559273719787598;7.109044551849365;-3.412796974182129;-6.2481842041015625;-0.4248271882534027;0.15475758910179138;-1.2639689445495605;0.22295793890953064;1.9189316034317017;1.6799980401992798;0.40009504556655884;-1.6886639595031738;1.7463818788528442;-0.34002164006233215;-1.4142266511917114;0.06796345859766006;0.16857343912124634;0.10117882490158081;-0.3031556308269501;-0.2711929976940155;-12.066582679748535;0.6589052677154541;0.7726176381111145;-1.6423625946044922;1.3559032678604126;1.493024230003357;0.8705847859382629;0.479414165019989;0.45238834619522095;0.25717079639434814;0.0715796947479248;-0.5066688656806946;0.207856222987175;-0.23706279695034027;0.48015570640563965;-0.013477995060384274;-0.07951733469963074;-0.025301599875092506;-0.016503456979990005;0.541873037815094
piedra/piedra_msalas_h_eeuu.mp3;-443.14501953125;86.98241424560547;32.72289276123047;5.509064197540283;8.508051872253418;-14.002958297729492;-1.0179861783981323;7.280462265014648;-4.772400856018066;-13.51202392578125;-5.848576545715332;-12.924196243286133;11.538114547729492;3.21047306060791;-3.105736255645752;4.478841781616211;-4.831868648529053;4.0179972648620605;-4.908522605895996;12.25656795501709;0.43613800406455994;1.018933892250061;-0.5742520093917847;-0.2678898274898529;0.04522179812192917;-0.35649144649505615;-0.36702486872673035;-0.25275489687919617;-0.3108266294002533;-0.2557709813117981;0.4010023772716522;0.4284394383430481;0.32283997535705566;0.4671517312526703;-0.28886109590530396;0.3157138526439667;1.0257196426391602;-0.5605226159095764;-0.33351948857307434;-0.04778276011347771;-0.4215186536312103;0.21025432646274567;0.3555125892162323;-0.11585383117198944;-0.19590617716312408;-0.13589061796665192;-0.06348411738872528;0.05386171117424965;0.29240211844444275;0.31981760263442993;0.2685767412185669;-0.05831928551197052;-0.3595752716064453;0.2792038023471832;-0.279039204120636;-0.2433060109615326;-0.015514767728745937;-0.057454872876405716;-0.3174431025981903;-0.08275379985570908
piedra/piedra_pablo2012_h_arg.mp3;-228.71311950683594;97.44410705566406;5.5710649490356445;68.59419250488281;4.777324199676514;-20.288997650146484;-15.816575050354004;-3.930898666381836;-5.610860347747803;12.707250595092773;-17.51761245727539;8.279170036315918;-16.665449142456055;-2.75188946723938;-5.819636821746826;-1.1076058149337769;4.919404029846191;-7.53546667098999;0.5226770639419556;-9.897822380065918;-1.5627882480621338;4.686957836151123;-2.005502700805664;-5.605282783508301;-1.089198112487793;1.571882963180542;-2.09930419921875;0.2562207281589508;3.07958984375;1.5655454397201538;-0.7152007222175598;0.5070757269859314;1.8757742643356323;1.2934741973876953;-1.7584749460220337;-0.5965625047683716;0.5013626217842102;-1.4428642988204956;0.6994802355766296;0.547505795955658;-7.412075042724609;-1.2712370157241821;-2.2979800701141357;-0.6262523531913757;1.0246403217315674;1.385934591293335;0.2814440429210663;0.5215314030647278;0.6596378087997437;0.5325358510017395;0.5044415593147278;-0.6403886079788208;0.3339788317680359;0.18255390226840973;-0.25216013193130493;-0.15664318203926086;0.15842606127262115;0.27551645040512085;0.20650704205036163;0.5964471101760864
piedra/piedra_tenpao_h_esp.mp3;-277.42340087890625;113.85750579833984;2.7166550159454346;64.8773193359375;31.29332733154297;-26.97926902770996;-2.231200695037842;-20.063636779785156;6.463399410247803;2.000354051589966;-9.367732048034668;4.861823558807373;-2.8016197681427;4.742559909820557;3.8411009311676025;-2.350351095199585;7.81513786315918;-1.9044774770736694;-0.7478982210159302;-2.9438929557800293;-7.413448810577393;4.870492935180664;-2.2579116821289062;-5.551178932189941;-2.2273237705230713;0.2677726745605469;-2.6531991958618164;-0.09130407869815826;1.1553853750228882;0.23949050903320312;2.8463492393493652;-1.1249339580535889;0.6532366871833801;2.220907688140869;-0.47083044052124023;-0.21813780069351196;-0.7135642766952515;0.6543683409690857;-0.8721355199813843;-1.428375005722046;-11.936432838439941;1.0857387781143188;1.04521644115448;-1.8729379177093506;0.5871340036392212;2.472282648086548;1.0815374851226807;1.3141576051712036;0.8564311861991882;0.45919665694236755;0.8096157908439636;-0.7409154176712036;-0.7295666337013245;-0.3377205729484558;-0.22287963330745697;0.27965086698532104;-0.9261446595191956;0.3097103536128998;0.5191905498504639;0.27875766158103943
plancha/plancha_beitter_m_esp.mp3;-251.44212341308594;73.50714111328125;1.4486374855041504;25.141504287719727;-17.884626388549805;8.148200035095215;-16.66257095336914;19.18060874938965;-9.9321870803833;-1.0847963094711304;-14.427957534790039;2.539025068283081;-13.635104179382324;-3.6099138259887695;-1.4625943899154663;-0.1411726027727127;-1.853643774986267;1.3346216678619385;-4.217675685882568;-0.30262044072151184;1.3614786863327026;-0.33914875984191895;-0.9289717674255371;-2.9904890060424805;-0.8101981282234192;1.6866605281829834;2.305346965789795;1.7820934057235718;1.550269365310669;0.7804738879203796;-1.0065257549285889;0.20924873650074005;-0.15175849199295044;0.22495023906230927;1.1034514904022217;0.5830805897712708;0.08058962225914001;-0.5684803128242493;0.66498863697052;0.9646138548851013;-14.369490623474121;1.2402271032333374;2.2659101486206055;1.1625155210494995;3.2500643730163574;0.4515974521636963;-0.26125818490982056;-1.5998406410217285;0.7905715107917786;-0.7623454928398132;0.07005411386489868;-0.11959127336740494;0.6057363152503967;-0.4139614999294281;-0.5113903880119324;0.08159215748310089;0.5331012606620789;-0.5924359560012817;-0.31646332144737244;-0.5952574014663696
plancha/plancha_camilorosa_h_chile.mp3;-241.95860290527344;108.99607849121094;-1.5576744079589844;24.985742568969727;-6.2977681159973145;8.902539253234863;1.5152673721313477;-17.25811195373535;5.644059658050537;-4.492388725280762;-18.95655059814453;-6.82070779800415;1.1217678785324097;2.580476760864258;-19.72430992126465;1.5084925889968872;-5.7462687492370605;2.2024965286254883;-2.5465071201324463;-10.700514793395996;0.7103906869888306;1.5137859582901;-1.2896182537078857;-3.3885927200317383;0.4534297287464142;0.6243255734443665;0.1364208161830902;1.543679118156433;0.9083179831504822;0.31750333309173584;0.3304872512817383;-0.5268400311470032;0.6238719820976257;0.779746413230896;-0.43693527579307556;-0.23992054164409637;0.08908307552337646;0.046317826956510544;0.02024083398282528;-0.24125811457633972;-15.835470199584961;2.7345218658447266;0.3020389974117279;0.7255938053131104;2.1252715587615967;1.477300763130188;0.4448215961456299;0.4580543339252472;-0.47391560673713684;0.10151609778404236;-0.25217971205711365;-0.3725346624851227;-0.44148150086402893;0.009617697447538376;0.6229588389396667;-0.037234533578157425;0.08531811833381653;-0.051378924399614334;0.2894941568374634;-0.04288547858595848
plancha/plancha_yelkoastur_h_esp.mp3;-273.396728515625;97.2960433959961;-33.02470397949219;15.36967945098877;-8.446861267089844;-11.2257661819458;-22.439136505126953;-16.308549880981445;0.22772575914859772;11.878430366516113;-2.831409215927124;-12.017024993896484;-3.8764328956604004;-3.125601291656494;-8.540966033935547;-14.001326560974121;-1.629490613937378;-2.527064085006714;-9.545730590820312;-1.3332834243774414;-8.527185440063477;2.4209706783294678;1.106797695159912;-0.4011269211769104;-0.49695834517478943;0.8748524188995361;0.3143925964832306;0.45973557233810425;1.9945663213729858;0.8071112632751465;-1.1121642589569092;0.7261438965797424;0.10568369179964066;-0.6781760454177856;-0.41530588269233704;-0.3573664426803589;0.579943060874939;-0.1637619584798813;0.07188677042722702;0.5864716172218323;-12.479500770568848;-0.1682431846857071;4.00568151473999;0.3434005081653595;2.020517110824585;0.5194603800773621;1.0223628282546997;0.043984491378068924;-0.8720319271087646;-0.597577691078186;-0.010759767144918442;-0.2805226445198059;-0.07924744486808777;-0.05384210869669914;0.3575595021247864;0.5052174925804138;-0.6246112585067749;0.40105119347572327;0.11006040126085281;-0.6232890486717224
rojo/rojo_alter_ven_h.mp3;-260.6526184082031;218.0388641357422;-43.340431213378906;-1.3210848569869995;-5.148852825164795;-17.116823196411133;6.069444179534912;-19.295005798339844;-21.398359298706055;-10.379805564880371;-6.618036270141602;-0.867095947265625;-7.679653644561768;1.2760313749313354;2.7994768619537354;-10.178681373596191;-8.564889907836914;-7.915136814117432;-6.722967147827148;-6.6732072830200195;-18.25299644470215;-6.404452800750732;10.092132568359375;-7.3853654861450195;-5.519607067108154;4.344784736633301;3.6840758323669434;3.151548147201538;1.2475916147232056;-0.02929757907986641;-1.456333875656128;0.015508782118558884;2.568272590637207;-0.457521915435791;-1.3924320936203003;-0.7007645964622498;-0.2246662974357605;1.8435112237930298;-0.23503823578357697;-0.5108831524848938;-9.895986557006836;-7.004321575164795;3.876183271408081;0.4290359616279602;0.8120185732841492;0.963552713394165;-1.0740761756896973;1.527053713798523;1.4953292608261108;-0.38321417570114136;-1.0592974424362183;-0.9788283705711365;0.538835346698761;0.298071950674057;-0.31569212675094604;0.28002408146858215;-0.47806671261787415;-0.29851096868515015;0.986085832118988;0.6304211616516113
rojo/rojo_aqucorrea_h_arg.mp3;-264.8052062988281;128.16397094726562;-18.50689697265625;-45.50153350830078;-38.76420211791992;16.221988677978516;10.326427459716797;-14.197704315185547;-31.42163848876953;-2.4016432762145996;2.5486721992492676;-17.019865036010742;11.833293914794922;-19.071563720703125;-1.94113290309906;-1.310060977935791;-8.86783218383789;-4.085763931274414;3.1554417610168457;4.977310657501221;-11.121631622314453;3.556358814239502;4.836686134338379;-0.6053526997566223;-3.7431721687316895;-1.0862599611282349;0.780563235282898;1.7688573598861694;2.300177574157715;-0.873089075088501;-1.8434901237487793;-0.45082706212997437;0.7628523707389832;1.195571780204773;-0.7192639708518982;0.6521912813186646;0.06749476492404938;-0.10484008491039276;-0.12216520309448242;-1.046292781829834;-7.719306945800781;-0.15565596520900726;1.4045870304107666;-0.038330528885126114;1.6429853439331055;1.017927646636963;0.451621949672699;0.81787109375;0.45233747363090515;0.06840351223945618;-0.7067418694496155;0.07912108302116394;-0.3475673496723175;-0.10675973445177078;0.43501174449920654;-0.6887767314910889;0.22306476533412933;0.6279289722442627;-0.1510886698961258;0.1886269748210907
rojo/rojo_brujacarter_m_esp.mp3;-275.35150146484375;171.2025604248047;-28.76862907409668;7.017287254333496;-35.528587341308594;-13.39547061920166;3.2584569454193115;-16.584896087646484;-16.184484481811523;-12.54782485961914;-3.2855448722839355;-1.0963826179504395;-6.229162216186523;-3.385157585144043;-4.8488969802856445;-8.299443244934082;-8.385849952697754;-14.225397109985352;-11.421348571777344;8.496871948242188;-15.0485258102417;2.430957078933716;10.443044662475586;-3.213582992553711;-4.080326080322266;2.2246668338775635;2.8781511783599854;1.8658539056777954;1.7009660005569458;0.5043222904205322;-0.3012576103210449;-0.24557887017726898;0.8955581188201904;-0.14162993431091309;-0.6349939107894897;0.25978416204452515;1.0191066265106201;-0.04229146987199783;0.13562658429145813;0.19442057609558105;-8.33011245727539;-3.2438793182373047;1.8685307502746582;0.6981969475746155;1.9720878601074219;0.5844274163246155;-1.4914029836654663;1.0857508182525635;1.1709671020507812;-0.011562079191207886;0.09508976340293884;-0.3219243288040161;0.07854234427213669;0.07175624370574951;-0.0094505175948143;-0.273659348487854;-0.09260526299476624;0.33064529299736023;0.7205543518066406;-0.3113323450088501
rojo/rojo_danibusuu_h_esp.mp3;-424.0303955078125;131.48048400878906;-5.6638288497924805;3.5340378284454346;-10.145713806152344;1.7094838619232178;12.444449424743652;17.79224395751953;-12.576598167419434;-1.0770201683044434;0.24772684276103973;6.386924743652344;1.9031723737716675;-3.726634979248047;-7.324051856994629;-7.244002819061279;0.15793201327323914;-6.895938396453857;1.3165621757507324;-5.221892833709717;-4.414024829864502;-3.251281976699829;2.676191568374634;0.14357203245162964;-2.3647220134735107;0.5908849239349365;0.9182632565498352;0.7146682143211365;0.3850375711917877;0.21627011895179749;0.3272057771682739;0.1580105721950531;-0.4944079518318176;0.6653879880905151;0.35178670287132263;-0.28508374094963074;-0.10269074141979218;0.07056302577257156;0.058364082127809525;-0.3977305293083191;-3.5034523010253906;-2.678353786468506;0.36280301213264465;0.31631308794021606;-0.2519576847553253;0.7380248308181763;0.04190186411142349;-0.326564759016037;0.5143758058547974;-0.21318413317203522;0.34191787242889404;0.13381974399089813;-0.2648787796497345;0.09372130036354065;-0.11869146674871445;0.3048669397830963;0.07089775055646896;-0.11401832103729248;-0.13819652795791626;-0.0009345296421088278
rojo/rojo_estexu_h_esp.mp3;-293.2787170410156;152.99850463867188;-6.477414131164551;15.073750495910645;-37.33002471923828;-15.627635955810547;-19.84891128540039;5.540523529052734;-0.9831397533416748;-23.11721420288086;-24.591976165771484;-6.527346134185791;-13.043344497680664;-9.17947006225586;2.2516493797302246;-3.8318090438842773;-9.552326202392578;5.25236701965332;-8.260076522827148;-3.5635528564453125;-6.443432807922363;-1.9050228595733643;7.202606201171875;1.6886558532714844;-5.20400333404541;-1.9556206464767456;1.400068759918213;2.0195515155792236;0.39959797263145447;0.3520243763923645;1.2706143856048584;-0.32495468854904175;-1.458939552307129;-0.7135252952575684;0.27613377571105957;-0.10271395742893219;-0.6400065422058105;1.4757750034332275;-1.950465440750122;0.16158823668956757;-10.591967582702637;-1.0151348114013672;0.029493384063243866;-0.09517283737659454;0.25275638699531555;1.506035327911377;0.37134605646133423;-0.4810032248497009;-0.007430460304021835;0.13260619342327118;0.43488508462905884;-0.17672646045684814;-0.1956663727760315;-0.015631098300218582;-0.6332767009735107;-0.28240346908569336;-0.32958149909973145;0.4604730010032654;-0.18135690689086914;-0.026326164603233337
rojo/rojo_justnahuel_h_arg.mp3;-276.2202453613281;141.04701232910156;4.0509538650512695;-20.483884811401367;-29.212703704833984;-10.562215805053711;10.185726165771484;-10.800060272216797;1.1368882656097412;-9.538515090942383;-7.349055290222168;0.10865398496389389;-10.768238067626953;1.1144092082977295;-5.573482990264893;-4.3563714027404785;-16.616558074951172;0.9723162055015564;-9.905511856079102;-5.771601676940918;-15.001495361328125;-2.7458889484405518;8.856830596923828;-6.362360000610352;-4.332700252532959;1.2868497371673584;-2.7595739364624023;1.0860474109649658;2.4288525581359863;-0.968874990940094;-0.8589950203895569;-0.914088249206543;-1.4547464847564697;0.20309573411941528;-1.0143548250198364;0.6024757623672485;-0.254936158657074;-1.4008146524429321;-0.9599040150642395;-0.13470281660556793;-7.489108085632324;-1.6400372982025146;-0.9214822053909302;2.033926010131836;2.5958333015441895;0.12742352485656738;-0.9906130433082581;2.066458225250244;-0.2235042154788971;1.1321790218353271;1.4651997089385986;0.4534323811531067;-0.15881143510341644;0.40230780839920044;0.3577607274055481;0.7298634648323059;0.8016370534896851;0.23246222734451294;0.37310680747032166;0.340764582157135
rojo/rojo_magdaibeth_m_col.mp3;-339.1332702636719;101.20013427734375;-6.111461162567139;-3.3689708709716797;-20.560686111450195;8.997048377990723;-12.093241691589355;-33.55735397338867;-14.248405456542969;-1.8997163772583008;-4.663600921630859;14.133694648742676;4.506499767303467;6.230867862701416;10.333870887756348;1.7242703437805176;-1.911230444908142;-7.907636642456055;-4.179477214813232;-10.030582427978516;8.259197235107422;0.5295364856719971;0.5351095795631409;-1.2781187295913696;-2.7360849380493164;3.7367515563964844;1.862794280052185;2.0617191791534424;0.3677777349948883;0.44485536217689514;-0.007313927169889212;-0.46669283509254456;-1.2967652082443237;-0.8936834335327148;-0.890032947063446;-0.2506897747516632;-0.9222094416618347;0.09167128056287766;0.4585929214954376;-0.31245866417884827;-2.7461090087890625;1.4047762155532837;0.9662845134735107;-0.6445737481117249;0.4638603627681732;-0.07743807882070541;0.8499380946159363;0.12272325903177261;0.8138673901557922;0.14993752539157867;-0.6334304213523865;-0.40163424611091614;-0.5416001081466675;0.22797243297100067;-0.18879956007003784;0.3273078501224518;0.001977761508896947;0.32039156556129456;0.21736295521259308;0.14834780991077423
silla/silla_donquijote_h_mex.mp3;-209.64024353027344;72.50875091552734;8.075716018676758;45.908077239990234;8.855551719665527;-9.851249694824219;-4.935216426849365;-4.872342109680176;-5.168932914733887;-11.698213577270508;-4.6170196533203125;-4.144516944885254;-16.126068115234375;12.373254776000977;-18.671289443969727;5.84058141708374;-12.567488670349121;1.190216064453125;-1.8862134218215942;-2.35756254196167;-0.182861328125;12.95296573638916;-8.234228134155273;-4.177859783172607;-2.6975390911102295;2.460482358932495;-0.5812107920646667;-1.6738172769546509;3.79437255859375;2.8404858112335205;1.3374747037887573;-2.0704708099365234;2.1405999660491943;1.0067387819290161;0.17857129871845245;-0.46857398748397827;-2.3134663105010986;1.6625102758407593;-2.234957218170166;0.04853985831141472;-13.038047790527344;-3.1870651245117188;2.8776473999023438;-2.7571399211883545;2.1717538833618164;2.034008026123047;1.106148362159729;1.2679080963134766;0.2627946436405182;1.4647902250289917;-0.8208599090576172;-0.7575677037239075;1.6679660081863403;-0.5759298205375671;0.7538943886756897;-0.21425001323223114;0.23499958217144012;-0.27366968989372253;-0.3796294033527374;0.4138377010822296
silla/silla_justmelody_m_arg.mp3;-493.4256591796875;19.16131591796875;1.224937081336975;9.652693748474121;2.6176373958587646;-1.970703363418579;-1.4481391906738281;-10.155253410339355;-6.9165778160095215;-1.591025710105896;-3.701026201248169;2.1040613651275635;-2.0751845836639404;-3.4737186431884766;-1.2737271785736084;2.592958450317383;-2.571953773498535;-2.5552427768707275;-3.0378613471984863;1.0699070692062378;-3.6213133335113525;0.3331631124019623;0.8011664152145386;-0.036053091287612915;1.5777851343154907;1.5728305578231812;1.0102814435958862;1.692895531654358;1.471154808998108;0.8475273847579956;1.0484083890914917;0.43148401379585266;0.5054705739021301;0.5013684034347534;0.7172496914863586;0.43548011779785156;0.2654815912246704;0.07806369662284851;-0.063882976770401;-0.19204236567020416;-0.5262953639030457;-0.6598268151283264;0.1253669708967209;-0.14543591439723969;0.33868125081062317;-0.2586517930030823;-0.24437053501605988;0.103411465883255;-0.266475647687912;-0.17694948613643646;0.2368192821741104;-0.08283313363790512;-0.00802510604262352;-0.06902100145816803;-0.17091651260852814;-0.09919329732656479;0.20206677913665771;0.15192820131778717;0.006824253126978874;-0.03175335004925728
silla/silla_justnahuel_h_arg.mp3;-237.68942260742188;69.04618072509766;20.487958908081055;30.061174392700195;3.130777359008789;-6.989096164703369;-6.37821102142334;8.152713775634766;-11.053022384643555;-22.407896041870117;-6.277266025543213;-7.783076763153076;-9.976279258728027;-6.127160549163818;-18.277481079101562;5.706770896911621;-4.585570335388184;14.604551315307617;2.2147176265716553;-1.2459830045700073;-2.6850712299346924;8.738595962524414;-2.6067135334014893;-6.3811845779418945;-1.8837336301803589;1.3937556743621826;0.21513380110263824;-2.2073147296905518;5.618663787841797;2.915550470352173;-0.48783427476882935;1.712056040763855;0.5094725489616394;1.1281298398971558;-0.8200437426567078;-1.4605977535247803;0.2199254333972931;-0.8005248308181763;0.018975870683789253;-0.7860518097877502;-9.604056358337402;-1.1840695142745972;-1.3500239849090576;-5.097380638122559;0.730717122554779;1.1537164449691772;-0.1088210865855217;1.068259358406067;0.6598051190376282;0.9395882487297058;0.01395074836909771;-0.9750138521194458;0.9377784729003906;-0.15202005207538605;0.7463399171829224;0.7549041509628296;0.20339049398899078;0.6135368347167969;0.44296473264694214;-0.7596946954727173
silla/silla_mariad_m_esp.mp3;-241.19189453125;10.424224853515625;55.89189910888672;25.207477569580078;4.396072864532471;5.566481113433838;4.382914066314697;0.9231582880020142;-7.0724921226501465;-1.5592622756958008;-8.240008354187012;-1.2661855220794678;-4.523116111755371;-0.43003296852111816;-0.60005122423172;-0.633651852607727;-0.5422956347465515;-2.071274757385254;-1.6841700077056885;-1.1214340925216675;-1.264140248298645;10.623441696166992;-8.041508674621582;0.4513484239578247;-2.8051204681396484;-0.11846429854631424;0.7577518224716187;-2.928708791732788;1.6711232662200928;-1.4349679946899414;-1.13817298412323;-1.2114092111587524;-0.7859399318695068;-1.1308573484420776;-1.387560248374939;-0.4015344977378845;0.18524856865406036;-0.6847155094146729;-0.7374654412269592;-0.018356259912252426;-10.170841217041016;-0.5045540928840637;-1.6561510562896729;-1.2681772708892822;1.1737858057022095;2.71806001663208;0.19938938319683075;-0.3661668300628662;0.3935268521308899;0.08051127195358276;-0.167851060628891;0.7526488900184631;0.2340812385082245;-0.004859299398958683;1.0001593828201294;-0.474064439535141;0.848080575466156;-0.1051531732082367;0.051692839711904526;-0.3162095844745636
silla/silla_nymes_h_esp.mp3;-187.23411560058594;46.4935188293457;12.098043441772461;21.92268943786621;11.645017623901367;21.65382957458496;-24.394147872924805;3.8310954570770264;-12.65455150604248;-16.717735290527344;-23.397411346435547;3.040911912918091;-4.905806541442871;2.9499919414520264;-5.221129417419434;0.1338433027267456;-6.729502201080322;-11.064709663391113;-7.69891881942749;-1.5113654136657715;-7.945140838623047;17.89889144897461;-3.058652877807617;-2.489163398742676;4.936626434326172;-0.6891618967056274;2.106823444366455;0.6574100255966187;0.2075495719909668;3.2306301593780518;-0.22332492470741272;-0.20216307044029236;1.1325582265853882;0.023093312978744507;0.30707359313964844;-1.213504433631897;0.3299969732761383;-0.46198803186416626;0.33961692452430725;0.03363857418298721;-7.843899726867676;-0.6304218173027039;-0.844882607460022;-0.5964036583900452;-0.11127476394176483;0.7497098445892334;0.500277578830719;-0.6261224746704102;0.1242535337805748;0.038034163415431976;0.19034117460250854;-0.48948273062705994;0.2602463960647583;0.23772454261779785;-0.41709083318710327;0.18916893005371094;-0.34554925560951233;0.412412166595459;0.025330835953354836;-0.16005079448223114
silla/silla_roonblis_m_mex.mp3;-259.4397277832031;13.43078327178955;-1.2312846183776855;50.95981216430664;-5.092715263366699;-48.869712829589844;0.5834026336669922;-10.806306838989258;6.039829730987549;-21.78705596923828;-4.318991184234619;-14.882339477539062;-12.651782035827637;0.20353083312511444;-22.901334762573242;2.9602715969085693;-18.34906578063965;8.52358627319336;-19.07111358642578;-5.20858097076416;4.467141628265381;9.723625183105469;-4.506213665008545;-0.020755203440785408;-0.2741582989692688;3.0330207347869873;-0.32403090596199036;0.11881999671459198;0.49875256419181824;0.5060576796531677;-3.1664092540740967;0.3681490123271942;1.4233916997909546;-0.4051211476325989;-0.6485288143157959;0.10371199250221252;0.9946502447128296;-1.3934369087219238;0.4877433776855469;0.7769504189491272;-4.9073944091796875;0.10908209532499313;-0.6478757262229919;-1.1697443723678589;0.5245289206504822;0.8042881488800049;-0.3319685161113739;-0.7917541265487671;0.24394555389881134;0.23596519231796265;0.39333096146583557;0.28234899044036865;-0.045195210725069046;-0.06292848289012909;-0.06665041297674179;0.13701428472995758;0.06535796076059341;0.22128672897815704;0.10459775477647781;-0.10185129195451736
silla/silla_seilaregia_h_mex.mp3;-289.5879211425781;34.43259811401367;64.17161560058594;48.48946762084961;14.774785995483398;-9.837486267089844;-2.4138619899749756;6.568379878997803;0.25775736570358276;-1.044090986251831;-14.31452751159668;2.14062237739563;-4.052710056304932;12.059568405151367;-15.717153549194336;0.14118890464305878;-4.471757411956787;3.567819595336914;0.4404938817024231;-0.893828272819519;7.725477695465088;2.290804624557495;-7.972506523132324;0.2439144104719162;-1.3381892442703247;-1.3971751928329468;0.15057912468910217;-0.6808868646621704;0.009347963146865368;-1.1975700855255127;-1.2707264423370361;-1.3696907758712769;-0.7046933174133301;0.6494353413581848;-0.18863114714622498;-0.04885716363787651;-0.42754340171813965;-0.8682128190994263;-0.7670648694038391;-0.7978042960166931;-10.15920639038086;2.7952778339385986;-2.4595539569854736;0.3311172127723694;0.17083649337291718;0.7630148530006409;0.7769325971603394;-0.43267732858657837;0.33240318298339844;0.6786192655563354;-0.733941912651062;-0.6145713925361633;0.024988675490021706;0.2456754446029663;-0.007074576802551746;-0.39810317754745483;-0.017882946878671646;-0.09515094757080078;-0.5736293792724609;-0.2782849371433258
silla/silla_trajano_h_esp.mp3;-246.8936004638672;2.7213053703308105;2.194545269012451;23.265506744384766;-11.181734085083008;-24.726512908935547;-11.887962341308594;-9.106374740600586;-11.481478691101074;0.07227534055709839;-8.500734329223633;-1.4466736316680908;-2.1619341373443604;0.3496990501880646;15.33253002166748;-9.641971588134766;-0.30704018473625183;-5.792032241821289;-1.8680692911148071;9.0789794921875;5.704212188720703;15.722384452819824;-5.415650367736816;3.4720964431762695;0.011065528728067875;0.229018896818161;0.19194571673870087;-1.8233343362808228;1.0198205709457397;0.9442980885505676;-0.12302743643522263;-1.524696707725525;-0.48335880041122437;-0.7914165258407593;0.2945331037044525;-2.0567033290863037;-0.2906472086906433;-0.5875771641731262;0.5899950861930847;-0.7904404997825623;-7.686026573181152;1.3060448169708252;0.7028017044067383;1.5710563659667969;0.3469904363155365;1.0799593925476074;0.31885409355163574;-0.09498119354248047;-1.084110140800476;-0.30359014868736267;0.1433892846107483;-0.137198805809021;-0.42984017729759216;-0.6714523434638977;-0.03905666247010231;-0.11370526999235153;-0.22845594584941864;-0.2518966794013977;-0.032306134700775146;-0.10798471421003342
silla/silla_victornalab_h_ven.mp3;-301.1844482421875;67.50196838378906;53.036651611328125;29.564197540283203;2.3588664531707764;-32.59659194946289;-6.20452356338501;-12.884283065795898;-8.642655372619629;-10.117317199707031;-26.73818016052246;1.5575807094573975;-17.034929275512695;-4.084686756134033;-9.292095184326172;-3.515061616897583;-14.01661491394043;-11.409588813781738;-6.781557559967041;-5.0319719314575195;-5.189302921295166;12.698755264282227;-1.6219148635864258;2.752471446990967;-1.1183929443359375;1.9434659481048584;0.8597682118415833;-1.7562901973724365;0.8447855114936829;1.0277353525161743;1.0955480337142944;-0.5408968329429626;0.0026361828204244375;0.22190648317337036;-1.0935404300689697;-2.178008556365967;-0.5247593522071838;0.020301099866628647;-0.07715728878974915;0.03188101574778557;-8.8944730758667;-0.8718897700309753;1.2507715225219727;0.12116505205631256;-0.27346500754356384;1.48335862159729;0.12435463815927505;-0.6193866729736328;-0.06038498878479004;0.2480156272649765;1.3093814849853516;0.23241034150123596;-0.2828780710697174;0.021998075768351555;0.0009026924963109195;0.7257914543151855;0.15163446962833405;0.3148728013038635;-1.0405043363571167;-0.3271438181400299
silla/silla_xristian_h_col.mp3;-382.36260986328125;98.88740539550781;32.7418327331543;55.43320083618164;0.527034342288971;13.833382606506348;-2.913515329360962;-7.623777866363525;11.433773040771484;-2.945326089859009;4.684783935546875;-4.991969108581543;-1.0028889179229736;8.061254501342773;4.246448040008545;4.999587059020996;9.687644004821777;-0.20273460447788239;1.1197694540023804;-2.2446465492248535;4.974398612976074;3.4011502265930176;-1.9644322395324707;-3.146982192993164;-1.6990793943405151;-0.42205163836479187;-0.8280603885650635;-0.767188549041748;0.29072144627571106;0.548638105392456;-0.2755470275878906;-1.239990234375;-0.5056795477867126;-0.4566349387168884;-0.1786581128835678;-0.411560595035553;-0.24615053832530975;-0.5349581241607666;-0.652367889881134;-0.03200992941856384;-2.7293996810913086;-0.07904769480228424;0.8955397605895996;-0.6074119210243225;0.4701472222805023;0.3799402117729187;0.7715241312980652;0.5324644446372986;-0.07439663261175156;0.33141839504241943;-0.2415468990802765;0.12595729529857635;-0.35599786043167114;-0.15638360381126404;-0.13133195042610168;-0.03052966669201851;-0.18192864954471588;-0.06964602321386337;0.10725056380033493;-0.15141552686691284
silla/silla_yelkoastur_h_esp.mp3;-283.8443298339844;63.83858871459961;-8.33767318725586;68.23391723632812;-17.151172637939453;-31.753068923950195;-5.028110980987549;-13.24333381652832;-9.646015167236328;-3.645643949508667;-9.745898246765137;-2.336449384689331;-7.323862075805664;-5.847316265106201;-3.1071202754974365;-9.117502212524414;-13.81086254119873;-3.3872814178466797;-10.781608581542969;-3.605555295944214;-9.050315856933594;14.692338943481445;-6.686916828155518;0.06819852441549301;-0.11740664392709732;1.0936000347137451;0.632978081703186;-0.3025413751602173;3.684354543685913;1.6724131107330322;-0.1260654479265213;0.23722822964191437;-0.39271122217178345;-0.17591947317123413;-0.9284241795539856;-2.160572052001953;0.6097081303596497;0.3671276271343231;-0.4952581226825714;0.09546617418527603;-13.208357810974121;-3.060063362121582;3.644120216369629;-2.851658821105957;1.2950700521469116;1.0295886993408203;-0.04829094186425209;1.4782767295837402;0.6372541189193726;0.7275780439376831;0.5271159410476685;-0.8582385182380676;0.4461672008037567;-0.1319810301065445;0.29699063301086426;-0.26353371143341064;-0.39889371395111084;-0.30035504698753357;0.8817651271820068;-0.05123059079051018
tambor/tambor_dafanafel_m_col.mp3;-282.9732666015625;111.1754150390625;-32.74022674560547;0.325554221868515;-34.50135803222656;31.299718856811523;-21.231901168823242;8.29910945892334;-12.391705513000488;-3.1216509342193604;-18.28566551208496;4.753180503845215;-13.307077407836914;-7.1802978515625;-14.568840980529785;-7.157956123352051;-11.451937675476074;-4.9105634689331055;-9.321556091308594;-4.938310146331787;-15.531878471374512;1.6204544305801392;0.3956696689128876;0.040010422468185425;1.6008557081222534;-1.282567024230957;-0.30122438073158264;-1.6384834051132202;-0.316010445356369;-0.5477455258369446;1.0804978609085083;0.11193057894706726;-0.15502917766571045;-0.6966148614883423;-0.15787376463413239;-1.974492073059082;0.7046425938606262;-0.9167041778564453;-0.5396682620048523;-0.3941979706287384;-5.706878662109375;-1.2081608772277832;0.5364508628845215;1.7964122295379639;2.458317995071411;-3.687598705291748;1.5574413537979126;0.887116551399231;0.47202053666114807;0.09896794706583023;0.2637668251991272;0.2701011598110199;0.5020231604576111;0.7492486238479614;0.24845799803733826;0.39058613777160645;-0.041482292115688324;0.43232861161231995;0.04433484002947807;0.4052906036376953
tambor/tambor_diegolacra_h_esp.mp3;-340.4284362792969;143.0987548828125;-20.693126678466797;15.877679824829102;-19.676912307739258;11.763843536376953;20.346805572509766;-7.442651748657227;0.1876899003982544;9.658675193786621;5.315314292907715;-5.626642227172852;1.1923938989639282;5.044764518737793;0.7871519327163696;4.083452224731445;0.014050674624741077;-4.103301525115967;-7.324367046356201;11.121904373168945;-22.335590362548828;-2.9379305839538574;4.100091934204102;-0.2195912003517151;2.401519775390625;0.8118951320648193;1.3466507196426392;1.1241363286972046;0.1365511119365692;-1.1300995349884033;0.1676407754421234;0.42488178610801697;0.7519558668136597;0.7767936587333679;0.5706077814102173;1.1365967988967896;0.7761715054512024;0.5319457650184631;0.6968094110488892;-0.14009405672550201;-3.653067111968994;-0.7906043529510498;2.249507427215576;1.0399023294448853;0.29378437995910645;-0.47757041454315186;-0.6983940005302429;0.1946866661310196;0.45776331424713135;0.23948657512664795;-0.29917842149734497;0.21702022850513458;0.5112064480781555;0.3748405873775482;0.011845204047858715;-0.17367926239967346;-0.5312889218330383;-0.2582239508628845;0.4815255403518677;-0.532601535320282
tambor/tambor_fjglez_h_esp.mp3;-340.91961669921875;20.59175682067871;-118.54082489013672;-30.64546012878418;-103.18470764160156;-32.61981201171875;-16.806468963623047;2.042804718017578;-15.625141143798828;-5.801475524902344;40.630401611328125;25.085283279418945;-1.5003209114074707;25.42862892150879;-3.3985209465026855;0.4519803822040558;-16.19167137145996;11.407817840576172;-22.01438331604004;4.469917297363281;-13.223445892333984;0.5758413672447205;-4.118246078491211;2.6333720684051514;2.325650691986084;2.3307061195373535;2.8219358921051025;0.02250276692211628;-0.12364717572927475;-0.029988501220941544;1.9249354600906372;1.7649441957473755;-1.8907610177993774;-1.224169373512268;-2.1990768909454346;0.7632068991661072;-0.7769827842712402;-0.2912616729736328;-1.4326637983322144;-0.2620338797569275;-5.808200359344482;-4.747570514678955;0.7250506281852722;2.3516414165496826;6.404180526733398;-0.42172130942344666;-0.9144591093063354;0.6432545781135559;0.292904257774353;1.2292330265045166;-1.6793084144592285;0.3361738920211792;-0.3047654628753662;-0.3302026391029358;0.026539824903011322;-0.555338442325592;0.28874826431274414;-1.7979559898376465;1.507233738899231;-0.9599436521530151
tambor/tambor_joseig_h_esp.mp3;-90.57681274414062;77.64079284667969;-36.39427185058594;2.739957094192505;-32.76963806152344;-16.51102066040039;-11.636826515197754;-9.576329231262207;-10.136884689331055;7.157905578613281;-8.939275741577148;-2.4001588821411133;-9.309619903564453;1.6418907642364502;-7.924777030944824;-3.08258318901062;-7.96933650970459;-6.054229736328125;-11.837364196777344;-0.6440225839614868;-7.384085655212402;5.179235935211182;-1.2588818073272705;1.7591922283172607;0.9151203036308289;0.7404136657714844;0.6330854296684265;-0.4840511381626129;-0.7359300851821899;-0.9045065641403198;-0.19503434002399445;1.1107959747314453;-0.27838242053985596;0.8066854476928711;0.7064357995986938;-0.45968103408813477;-0.43133920431137085;-0.5406249761581421;-1.0531723499298096;0.13653597235679626;-11.711248397827148;0.2725144028663635;1.3958866596221924;-0.24308660626411438;-0.2738139033317566;-0.2723506987094879;-0.19575583934783936;-0.10601575672626495;0.5552593469619751;-0.6152716875076294;-0.2722824215888977;0.27266520261764526;0.5111701488494873;0.40869975090026855;0.02726166322827339;-0.38053417205810547;0.32769104838371277;0.04845769330859184;-0.054618678987026215;-0.4016992449760437
tambor/tambor_sentinel2009_h_peru.mp3;-384.0799865722656;124.8846664428711;26.059555053710938;35.096065521240234;7.09055233001709;18.35361099243164;14.800679206848145;2.909799814224243;5.019894599914551;5.924991607666016;1.6491690874099731;8.734421730041504;-2.188432216644287;11.355693817138672;2.0418832302093506;5.25046968460083;-1.941179871559143;7.453395843505859;-0.6483020186424255;-0.1341109722852707;-15.130048751831055;-3.7997026443481445;1.5480759143829346;-0.6067659854888916;1.7476383447647095;0.5316831469535828;0.8843809962272644;1.1175647974014282;-0.5701585412025452;-0.8651646375656128;0.6284686923027039;-0.3381205201148987;0.6900610327720642;-0.6725789308547974;0.6285377740859985;-0.40554678440093994;0.774293839931488;-0.20423074066638947;0.2700207531452179;0.3741200268268585;0.8721121549606323;0.34007179737091064;0.5811822414398193;0.4653409719467163;-0.09995865076780319;-0.2713034451007843;-0.2464495748281479;-0.00927770510315895;-0.02698536589741707;-0.2111765295267105;-0.4776381850242615;0.36003515124320984;0.0694790706038475;-0.2173815667629242;-0.14166384935379028;-0.012256947346031666;-0.0024496768601238728;0.0624656043946743;-0.053043194115161896;-0.2812654674053192
taza/taza_adroguense_h_arg.mp3;-210.233642578125;129.964111328125;-44.07832336425781;7.168442726135254;-32.36735534667969;26.109180450439453;3.412651777267456;-2.6901230812072754;7.296946048736572;28.86675262451172;3.347989320755005;-16.10877799987793;12.713691711425781;-2.391057014465332;-3.8270771503448486;4.925857067108154;-7.4827070236206055;-8.574285507202148;-2.9681997299194336;1.3282469511032104;-21.211524963378906;5.471785545349121;-0.706997275352478;-0.6369243860244751;1.6259026527404785;2.8134493827819824;3.43367338180542;-0.5887993574142456;-0.43355000019073486;1.5164048671722412;1.3215878009796143;0.09728458523750305;0.7376704812049866;-1.2276513576507568;0.17587895691394806;0.3244030773639679;-0.6048879027366638;-1.5740858316421509;0.19442324340343475;-0.06872846186161041;-12.256757736206055;-2.864410400390625;2.6497223377227783;-0.7243566513061523;0.8454858064651489;0.6654841899871826;-0.1592358648777008;0.4223195016384125;0.7951696515083313;-0.23331066966056824;-0.6291244029998779;0.32517099380493164;-0.3250269889831543;-0.309882789850235;0.0528751015663147;-0.3431546986103058;-0.0040838830173015594;-0.22083568572998047;-0.20964540541172028;-0.1658315807580948
taza/taza_alter_h_ven.mp3;-289.9640808105469;149.2471923828125;8.390786170959473;6.404637336730957;7.471305847167969;18.616003036499023;-20.471004486083984;-5.256291389465332;-9.721457481384277;16.289278030395508;1.6149187088012695;-4.687065124511719;-5.303750038146973;6.154050827026367;-3.474787473678589;-12.828877449035645;-5.176520347595215;-3.773693084716797;-6.224216461181641;-2.4510765075683594;-15.446866989135742;-4.748664855957031;8.316088676452637;3.6182479858398438;3.214501142501831;3.241424560546875;3.02602219581604;1.5271379947662354;1.0617172718048096;-0.595990777015686;-0.40533655881881714;0.14055226743221283;0.30690738558769226;-0.15241639316082;0.13524040579795837;1.1930934190750122;-0.1642283946275711;0.4515395164489746;-0.046789005398750305;-0.4641837179660797;-3.811875820159912;-1.9860916137695312;0.42037782073020935;0.6853691935539246;-0.08201344311237335;-0.8847718238830566;-0.14397713541984558;-0.15920189023017883;0.08991628885269165;-0.09459851682186127;-0.00917581282556057;0.15723402798175812;0.3655804693698883;0.15287509560585022;-0.19687485694885254;0.14175131916999817;0.30470865964889526;0.05352099612355232;-0.23886533081531525;0.11739055812358856
taza/taza_amazulro_h_col.mp3;-186.67025756835938;79.32704162597656;-19.67283058166504;-4.257408142089844;-9.216673851013184;-7.466286659240723;-17.356609344482422;-0.7310662269592285;10.864469528198242;19.784870147705078;-1.1199222803115845;-11.14085578918457;1.8413512706756592;5.080729007720947;-7.258174419403076;0.28529009222984314;-2.5148463249206543;0.9401016235351562;1.0256445407867432;-1.7382999658584595;-8.148232460021973;-5.835385322570801;5.146454334259033;-2.401073932647705;1.7993419170379639;0.7417166829109192;2.3657360076904297;0.07746706902980804;2.245025157928467;-0.1780846267938614;1.3201652765274048;0.3372415602207184;-0.03975062817335129;0.08563872426748276;1.9967882633209229;-0.16008789837360382;0.8444526791572571;-0.29492679238319397;0.37491777539253235;0.2576916515827179;-12.013618469238281;2.216611862182617;-1.3452140092849731;0.9822860360145569;-0.9029542207717896;0.6306589841842651;-0.22673645615577698;1.1087065935134888;0.11910609155893326;-1.0621013641357422;-0.5832735300064087;-0.04332079365849495;0.3323729932308197;0.012129472568631172;0.24248388409614563;-0.02680465579032898;0.7565054297447205;-0.47406086325645447;0.17555184662342072;-0.14011751115322113
taza/taza_churru_h_esp.mp3;-108.44463348388672;116.931884765625;-24.79587173461914;-14.161428451538086;-28.175386428833008;-4.234320163726807;7.677039623260498;3.9329593181610107;-6.872694492340088;10.827234268188477;6.092806816101074;0.689100980758667;-11.082925796508789;-4.564391136169434;-10.2503023147583;0.2395709753036499;-3.694634199142456;-1.5226982831954956;-1.6136438846588135;5.451684474945068;-11.600624084472656;7.556356906890869;0.7525186538696289;-2.4106178283691406;-0.7205014228820801;1.2334201335906982;2.7719805240631104;0.05972660332918167;-0.6881032586097717;0.16524383425712585;0.2979564070701599;-0.15214335918426514;-0.03396785259246826;-0.0639251321554184;0.22189511358737946;-1.137839674949646;0.062423817813396454;-0.8093233108520508;-0.7071624398231506;0.7130328416824341;-12.957918167114258;1.7695024013519287;0.15802040696144104;0.5686304569244385;1.2404649257659912;0.20130163431167603;0.06405386328697205;-0.1976080685853958;0.8472111821174622;-0.23211121559143066;-0.09728933870792389;0.03810795769095421;0.5905673503875732;0.36888790130615234;0.3474164605140686;-0.2716333270072937;0.17129333317279816;-0.004837818443775177;0.5033596158027649;-0.0993836522102356
taza/taza_distridexter_h_arg.mp3;-276.0847473144531;136.4391326904297;-18.946420669555664;9.43197250366211;-9.04935073852539;12.933467864990234;7.68971061706543;14.997406005859375;-17.83464813232422;32.24727249145508;0.33642733097076416;-0.10095471888780594;-8.078907012939453;0.009757863357663155;-6.895867824554443;0.5787718296051025;-5.213577747344971;-11.359613418579102;-2.533789873123169;7.072120189666748;-16.252826690673828;1.072655439376831;2.3601112365722656;-1.2375109195709229;0.08041606843471527;1.7391393184661865;2.7757136821746826;0.583519458770752;1.7500633001327515;-0.37777402997016907;-0.4274015724658966;0.960139811038971;0.34973815083503723;-1.6665703058242798;1.5195651054382324;0.4080362915992737;-0.21347936987876892;1.0811638832092285;-0.8474105596542358;-0.08769026398658752;-10.935514450073242;-4.819494247436523;2.961639404296875;1.1717488765716553;0.716494619846344;0.9818394780158997;0.22232502698898315;0.36634504795074463;0.4559861719608307;-0.8894386291503906;-0.08258692920207977;-0.0024622762575745583;0.6346785426139832;0.5578343272209167;-0.0296003520488739;0.1833699345588684;-0.5749533176422119;0.7042762637138367;0.11778777092695236;-0.3006786108016968
taza/taza_Eeemmmlll_m_arg.mp3;-247.98532104492188;85.45122528076172;-11.55842113494873;-50.36960983276367;-2.086245059967041;1.0504636764526367;0.5529283285140991;-3.6518747806549072;4.251423358917236;-4.142294406890869;0.06577297300100327;-6.654347896575928;-6.014019012451172;-7.6991353034973145;-3.3743221759796143;-5.510880947113037;-8.41886043548584;2.9897074699401855;-3.3096683025360107;-3.163099527359009;-4.332346439361572;0.3151713013648987;3.1495163440704346;0.6651135683059692;1.2418161630630493;1.1133314371109009;-0.15204551815986633;-0.7619901895523071;0.08444537222385406;0.6487864255905151;-0.8696958422660828;-0.06971370428800583;-0.5356910824775696;0.21197733283042908;-0.8096637725830078;0.08654595911502838;-0.32036256790161133;-0.8221762776374817;1.3006435632705688;-1.0841678380966187;-10.101730346679688;-1.8886213302612305;1.1383483409881592;0.29449376463890076;0.8237066864967346;-0.5800365805625916;0.03782882168889046;0.6717748641967773;0.31216490268707275;0.10292236506938934;0.5989276766777039;0.678743839263916;0.21320196986198425;0.47083306312561035;0.2970694601535797;0.5527981519699097;0.2312261164188385;-0.06071620061993599;0.3054311275482178;0.13222528994083405
taza/taza_rorradealarido_m_mex.mp3;-287.3243103027344;104.86238098144531;-28.834182739257812;1.5696847438812256;28.713350296020508;3.747640609741211;-2.4882917404174805;10.026224136352539;6.391458988189697;18.684537887573242;-16.47536277770996;11.547752380371094;0.029025793075561523;10.801048278808594;-13.523284912109375;10.993256568908691;-1.1911746263504028;-9.953327178955078;3.8032426834106445;-4.599444389343262;-17.257747650146484;1.0021740198135376;1.560159683227539;1.135620355606079;4.604081153869629;3.862889289855957;3.268101215362549;-0.04233656823635101;1.6557283401489258;-0.32933270931243896;-0.12460345774888992;0.19143256545066833;1.3429570198059082;-1.087773323059082;2.409099817276001;-0.21830590069293976;-0.5651355385780334;-1.0763053894042969;-0.643377423286438;-0.2826949954032898;-10.213913917541504;-3.855217218399048;1.4291458129882812;1.5212016105651855;0.529814600944519;1.5366222858428955;0.5517395734786987;0.863251805305481;0.9299617409706116;-0.5691983103752136;1.1706297397613525;0.4217490553855896;0.48566997051239014;-0.5134227275848389;1.8199154138565063;0.25836068391799927;-0.0866149514913559;0.6192830204963684;-0.6862496137619019;0.957544207572937
taza/taza_symphon_h_mex.mp3;-330.72412109375;156.5091094970703;54.01260757446289;-25.547555923461914;-35.858245849609375;-33.56450653076172;-36.3418083190918;3.2434241771698;-30.71519660949707;15.885767936706543;-9.764352798461914;-22.723657608032227;-25.222421646118164;10.722199440002441;-3.6464383602142334;-30.64733123779297;5.046950817108154;-18.813989639282227;-10.376374244689941;-10.130098342895508;-14.059342384338379;-16.004165649414062;15.589092254638672;6.276800632476807;-1.5094481706619263;-1.3718303442001343;-2.371647357940674;7.282772064208984;-0.8009102940559387;1.9729326963424683;-4.0762505531311035;2.18754506111145;0.9377558827400208;-2.335108995437622;-0.3980918824672699;-0.789588451385498;1.349077820777893;-4.198182582855225;-0.17446565628051758;1.6440420150756836;-9.032063484191895;-0.14802710711956024;-1.7870944738388062;1.7728599309921265;-1.191137671470642;-1.1163338422775269;2.6994993686676025;-0.45529282093048096;3.871419906616211;-2.655346155166626;0.23093487322330475;-0.8004934191703796;1.0288923978805542;-1.5563677549362183;0.7793683409690857;3.480886697769165;-1.5544027090072632;1.312217354774475;-0.0676942840218544;0.975322425365448
tres/tres_alexanderarg_h_arg.mp3;-216.36032104492188;86.86973571777344;-14.66324520111084;80.33165740966797;-17.38274383544922;-15.907914161682129;-22.640352249145508;-5.939807415008545;18.795869827270508;-6.798711776733398;6.704556941986084;3.904726982116699;16.992454528808594;5.959576606750488;-12.837841033935547;-2.805067300796509;-2.989104747772217;-14.187886238098145;-22.35247039794922;7.107421875;-12.341307640075684;-14.673032760620117;16.129425048828125;-0.4075961709022522;2.309314727783203;3.154310703277588;-0.10422729700803757;6.242856979370117;-0.49144408106803894;2.029345989227295;2.7790071964263916;1.4936579465866089;3.9962143898010254;-2.3879575729370117;1.1987401247024536;0.7217273712158203;-0.3394891321659088;-1.0251542329788208;-0.7236864566802979;1.3038820028305054;-15.742013931274414;-6.299760818481445;6.9027099609375;-2.9912092685699463;1.824356198310852;0.6446040868759155;0.708181619644165;-0.10739465802907944;-0.17983561754226685;1.5496199131011963;-0.6225495934486389;0.03444703668355942;0.9288221001625061;0.08454017341136932;0.1877973973751068;0.02764389105141163;1.383152723312378;-0.3524944484233856;-0.1922401636838913;0.286062091588974
tres/tres_alter_h_ven.mp3;-250.1004638671875;165.01513671875;-13.786959648132324;34.5509147644043;39.1946907043457;-14.70824909210205;-42.933650970458984;-5.531056880950928;-10.696805000305176;-1.6120370626449585;-11.330849647521973;-1.9621583223342896;1.160827398300171;9.688669204711914;1.509599208831787;-10.492866516113281;7.778980731964111;-2.042142629623413;-11.776912689208984;-3.859009027481079;-7.4880051612854;-4.060876846313477;0.8858969807624817;5.671584606170654;4.128821849822998;0.2217600792646408;0.020864984020590782;1.8186057806015015;-0.1446751356124878;-1.2361363172531128;-1.0065909624099731;0.44246527552604675;0.8413162231445312;-0.7686762809753418;0.48501983284950256;1.8068132400512695;1.3018690347671509;-0.8458123207092285;-1.5234851837158203;1.5909067392349243;-19.79579734802246;-3.658064126968384;1.0910730361938477;0.3158760964870453;-0.04505261778831482;-0.2747233211994171;1.2519654035568237;-0.2934260666370392;1.3531216382980347;0.5369324088096619;1.9834588766098022;0.02872697450220585;0.9294294714927673;-0.15184466540813446;-0.7497670650482178;1.0773190259933472;-0.057449936866760254;-0.7674105763435364;0.33291101455688477;0.7076824307441711
tres/tres_cc4miloo_h_col.mp3;-251.86778259277344;37.770240783691406;-32.25012969970703;51.75170135498047;2.026373863220215;-9.784968376159668;-25.291879653930664;-9.886198043823242;-8.31113338470459;-5.5792341232299805;-19.001056671142578;12.607088088989258;-9.995810508728027;3.841709852218628;-11.420699119567871;4.857656478881836;-1.3031138181686401;1.5282187461853027;-10.177580833435059;-5.585390567779541;-7.4146552085876465;-5.176466941833496;2.4141438007354736;-1.0907789468765259;0.6866172552108765;-0.14346756041049957;-0.583230197429657;1.1972570419311523;0.4211429953575134;0.5512812733650208;-0.5337194800376892;-0.02757907472550869;0.6784676313400269;-0.5782738924026489;0.27328288555145264;0.13797448575496674;-0.22390998899936676;0.6762452721595764;-0.14599303901195526;0.2055453509092331;-2.058370590209961;-0.22046349942684174;0.44599834084510803;-0.6396123170852661;-0.016406362876296043;0.5026116967201233;0.0537760891020298;0.13370227813720703;-0.4449155330657959;0.14496321976184845;-0.022867949679493904;-0.14498268067836761;0.34265196323394775;-0.06821482628583908;-0.2599090337753296;0.172395259141922;-0.014773301780223846;-0.2074662148952484;0.1630564033985138;0.048188406974077225
tres/tres_fjglez_h_esp.mp3;-220.67205810546875;12.650612831115723;-16.954551696777344;36.980220794677734;-9.976896286010742;3.2674407958984375;-35.311038970947266;4.846426963806152;-15.664231300354004;3.190761089324951;-6.116683483123779;-1.5507245063781738;-8.078612327575684;6.891857624053955;-11.406148910522461;1.4098498821258545;-5.306798458099365;2.288170099258423;-7.44752311706543;-0.26591217517852783;-1.847095012664795;-16.50313949584961;4.949788570404053;-2.010584831237793;-1.6044361591339111;0.08092193305492401;1.222050428390503;-0.8506115078926086;0.6464135050773621;-0.8502999544143677;-0.1561083197593689;0.19660110771656036;-1.8373074531555176;-1.2763817310333252;0.505046010017395;-0.2601891756057739;0.054417144507169724;0.5353183746337891;-0.5496596097946167;-0.5640428066253662;-8.562299728393555;-3.098010778427124;0.6216717958450317;-1.1891521215438843;-0.3243409991264343;-0.483143150806427;0.5199541449546814;-1.09930419921875;-0.04684373363852501;-0.20125369727611542;0.11992216855287552;-0.7476478219032288;-0.4133932888507843;-0.5931854248046875;0.2321656346321106;-0.38289207220077515;0.014224348589777946;0.13838854432106018;0.3988247513771057;-0.06101943552494049
tres/tres_gmaranca_h_arg.mp3;-417.3536071777344;10.04987907409668;37.589900970458984;19.963031768798828;6.198723316192627;12.395708084106445;-0.42089417576789856;8.628911018371582;4.569646835327148;-0.06344034522771835;4.9128947257995605;7.9442973136901855;9.045843124389648;8.725879669189453;3.9793667793273926;11.07897663116455;8.571268081665039;5.826282024383545;7.672049045562744;12.322183609008789;-14.730854988098145;-1.3410688638687134;2.009204149246216;-1.161041498184204;0.5598681569099426;1.4872503280639648;0.7940481305122375;1.9468333721160889;-0.016872569918632507;0.37897491455078125;1.0914359092712402;0.39480361342430115;1.1323703527450562;0.09047266095876694;0.9391469955444336;0.16543759405612946;0.06361522525548935;0.475588321685791;0.2783661484718323;0.08042986690998077;-1.551901936531067;0.21572808921337128;0.5452989935874939;-0.7913011312484741;-0.1937648504972458;0.28198036551475525;-0.10105156153440475;-0.1570591777563095;-0.12718909978866577;-0.10042627155780792;-0.23864029347896576;-0.16981376707553864;0.32728177309036255;0.15678225457668304;0.018045486882328987;-0.11066849529743195;-0.30976971983909607;-0.16569828987121582;-0.37221816182136536;-0.03643530607223511
tres/tres_guijaran2_h_esp.mp3;-239.75436401367188;-4.642518043518066;21.999752044677734;7.456392765045166;0.5591144561767578;-30.231685638427734;-5.125511169433594;6.795960426330566;-13.586849212646484;-6.391526222229004;0.7345800995826721;-2.7542641162872314;4.781704902648926;1.9039579629898071;-5.296835422515869;3.3629233837127686;-10.769364356994629;-5.911060810089111;-4.400465488433838;-5.7911858558654785;-19.57225227355957;-18.011268615722656;1.6439648866653442;-6.978455543518066;2.172663688659668;2.524989128112793;2.9578444957733154;2.0028347969055176;2.1020114421844482;1.3032704591751099;-0.4719308912754059;0.0594630092382431;0.8021497130393982;0.6155019402503967;1.239247441291809;-0.9847094416618347;1.2718710899353027;-0.164071187376976;0.6813583970069885;0.0922493264079094;-12.166325569152832;-0.48307469487190247;1.216888189315796;-1.2647358179092407;1.0323506593704224;-0.06520459055900574;0.9347929358482361;0.91178297996521;0.46103858947753906;0.19852383434772491;-0.044098149985075;0.3898722231388092;0.29698559641838074;0.24367588758468628;-0.2567421793937683;1.030276894569397;0.2149301916360855;-0.3343505263328552;0.44857171177864075;0.1253163069486618
tres/tres_ignasibcn_h_esp.mp3;-196.82022094726562;23.34832763671875;-12.627420425415039;52.95579528808594;1.883862018585205;-21.78524398803711;-13.840059280395508;-0.835352897644043;-20.055862426757812;-5.198538303375244;-16.078777313232422;4.8632988929748535;12.388460159301758;-0.8363869786262512;-4.661994934082031;-0.5644793510437012;-4.158884048461914;-11.377744674682617;-16.21934700012207;2.5017967224121094;-8.877389907836914;-16.8012752532959;4.565107345581055;-5.100796699523926;-1.5021185874938965;4.410158634185791;-1.710216760635376;2.480915069580078;-0.43128371238708496;-0.17156684398651123;-0.0020067840814590454;0.5687752962112427;0.03767961263656616;0.9762688875198364;0.5555210709571838;-0.22280846536159515;0.954453706741333;0.06859876215457916;0.028598465025424957;-0.40178561210632324;-5.903131484985352;-0.21553587913513184;0.2742697298526764;-2.2583436965942383;0.44946688413619995;1.3677537441253662;-0.1876431107521057;1.126577615737915;0.3534051775932312;0.7077028751373291;-0.3599945306777954;-0.1315900683403015;0.5590723752975464;1.3765437602996826;-0.6945441961288452;0.05368033051490784;0.7656767964363098;0.17571312189102173;0.41616296768188477;-0.12301979959011078
tres/tres_joseeduardo1775_h_chile.mp3;-338.28045654296875;113.39570617675781;-5.675154209136963;79.75050354003906;25.218629837036133;-20.087730407714844;-11.853964805603027;-4.964582443237305;-9.61011791229248;-15.317167282104492;-16.08340072631836;-4.687732219696045;-6.069716930389404;-0.6619678735733032;-12.52791690826416;-7.91821813583374;-4.697567462921143;-3.529798746109009;0.995415985584259;-25.748262405395508;-39.16810607910156;-6.357244491577148;-0.3099812865257263;5.907466888427734;4.1279802322387695;-5.161583423614502;3.7162883281707764;3.6521449089050293;-1.8460078239440918;-0.7067694664001465;1.8180220127105713;2.2834625244140625;1.866209626197815;-2.0284366607666016;2.0377440452575684;4.8676910400390625;-0.2692945599555969;2.481822967529297;1.3520712852478027;0.4397144317626953;-33.72453689575195;-11.24402904510498;5.381383419036865;-5.72783088684082;0.5757150650024414;3.57387638092041;1.2467093467712402;2.100080966949463;-0.5561075806617737;0.08266174793243408;-0.27171289920806885;-2.567469835281372;-1.2513631582260132;0.4494825601577759;2.6609420776367188;-0.614404559135437;0.5316203832626343;0.4991132318973541;-0.3654053807258606;2.639312267303467
tres/tres_linlinao_h_chile.mp3;-365.5333251953125;116.30677795410156;7.176434516906738;49.49687957763672;13.4880952835083;33.164241790771484;-12.41081428527832;1.2691863775253296;-0.047184817492961884;6.362597942352295;9.541072845458984;-0.7624709010124207;8.004982948303223;9.100857734680176;6.947822093963623;-3.1139590740203857;5.793203353881836;1.781089425086975;1.602209210395813;4.351561546325684;-33.37813186645508;-3.0475194454193115;10.526673316955566;-2.1549134254455566;5.012557029724121;0.8883382678031921;5.226701736450195;1.6526265144348145;1.2088872194290161;0.2507871687412262;0.6404842138290405;2.083421230316162;0.02715752087533474;-0.4777049124240875;-0.0409940704703331;2.624058723449707;0.8061549663543701;0.94427490234375;0.9022494554519653;-0.2460481822490692;-9.186878204345703;-2.8424899578094482;0.246043398976326;-0.3291911780834198;-0.1485293060541153;-0.6915586590766907;0.7257919311523438;-0.3649621903896332;0.3754644989967346;-0.708984911441803;0.0929160937666893;-0.3410681486129761;-0.482906311750412;0.2318618893623352;-0.10422898828983307;0.06429769843816757;-0.862586259841919;-0.2373240739107132;0.5235932469367981;0.3562455177307129
tres/tres_locutoraargentina_h_arg.mp3;-202.33868408203125;129.7444610595703;-15.6055908203125;39.07685089111328;19.98635482788086;1.3369896411895752;-6.369596004486084;3.736280918121338;-22.217660903930664;-7.263132572174072;-13.824041366577148;-2.447288751602173;-3.654686450958252;4.621438503265381;1.4896442890167236;9.102193832397461;16.80801010131836;2.515531063079834;-9.055047988891602;3.972379684448242;-15.695055961608887;2.6563515663146973;-0.8364901542663574;-0.9052248001098633;0.7936452627182007;-0.6860828995704651;1.8234670162200928;5.4998931884765625;-0.3041653037071228;-0.8899934887886047;2.370910167694092;1.3712334632873535;-0.7922913432121277;-0.3306306004524231;2.996523857116699;0.9012172818183899;0.7688776254653931;-2.052191972732544;0.14576685428619385;0.4874309003353119;-25.97330665588379;-3.389364719390869;2.080171585083008;-4.750802040100098;1.0236132144927979;2.685591459274292;0.9649969339370728;0.051378656178712845;1.1579177379608154;0.6527196764945984;-0.4123682975769043;-0.12874163687229156;-0.8169759511947632;-0.7140383124351501;-0.5769746899604797;-0.7245311737060547;-0.34719449281692505;-0.6052571535110474;-1.9256889820098877;-0.8235386610031128
tres/tres_orphneus_h_arg.mp3;-133.96998596191406;66.37499237060547;9.077457427978516;27.11481285095215;-2.9715735912323;5.511751651763916;-56.106468200683594;-8.43461799621582;8.09410285949707;3.5154638290405273;-11.345342636108398;0.48778286576271057;-2.9242799282073975;14.30562686920166;4.917903423309326;-15.198142051696777;1.4603675603866577;4.234823226928711;-23.193357467651367;2.806104898452759;-5.560022354125977;-12.10488510131836;5.340049743652344;-2.1496410369873047;0.3279961943626404;3.912616491317749;0.3688276410102844;3.4329833984375;0.8640391826629639;-2.0493149757385254;3.1245813369750977;0.0692548081278801;1.9775272607803345;1.8280407190322876;-1.9711781740188599;1.6605186462402344;-0.9678569436073303;1.7476922273635864;-0.952526867389679;0.3412819802761078;-20.67334747314453;-4.086874008178711;3.5025904178619385;-2.605616569519043;-2.2490041255950928;0.9039504528045654;1.0538569688796997;-0.33011797070503235;-0.4537438154220581;0.6505510807037354;-0.41805917024612427;-0.22916913032531738;0.25775146484375;-0.7784184813499451;-1.4874825477600098;0.00964683573693037;0.030205976217985153;0.8137404918670654;-0.18110579252243042;-0.2861424386501312
tres/tres_steve04_h_col.mp3;-196.22592163085938;39.97404098510742;-5.723453998565674;47.88932800292969;-11.213495254516602;-16.951128005981445;-2.7150912284851074;-3.9334490299224854;2.812757968902588;-4.153190612792969;2.4502363204956055;9.092819213867188;1.719741702079773;10.91116714477539;-9.301652908325195;12.225409507751465;-7.529791831970215;-3.141129970550537;-2.243788719177246;-1.5092194080352783;-10.635299682617188;-14.46057415008545;0.4940090477466583;-6.933537483215332;1.6824547052383423;0.9502108097076416;2.9047605991363525;0.22599035501480103;1.140151023864746;0.4582672119140625;0.33115148544311523;0.2511270344257355;-1.2624633312225342;0.23188380897045135;0.734780490398407;0.43811777234077454;0.48509740829467773;2.9996440410614014;0.32225939631462097;-0.07882870733737946;-10.963476181030273;-0.8287818431854248;-0.4619036614894867;-0.9788403511047363;-0.02220054715871811;-0.10078378021717072;0.11086824536323547;-0.32764944434165955;0.4398251175880432;-0.39784112572669983;-0.3696663975715637;-0.6321837902069092;0.15035122632980347;0.07230155169963837;-0.17410576343536377;0.010344043374061584;0.037674419581890106;0.6645426750183105;-0.05545114725828171;0.0990753248333931
tres/tres_volk_h_arg.mp3;-563.8685302734375;23.186067581176758;18.551769256591797;36.86492919921875;8.08613395690918;17.41868019104004;8.624224662780762;10.66840648651123;11.662117004394531;11.32243824005127;8.01214599609375;14.502519607543945;11.721799850463867;10.076213836669922;8.100570678710938;10.119555473327637;8.887330055236816;4.743017196655273;2.8017683029174805;7.744472980499268;-6.729614734649658;-2.050482988357544;1.7610926628112793;-1.1833441257476807;1.6707236766815186;0.4653441905975342;0.7628109455108643;0.9108917117118835;0.3712640404701233;0.5811880826950073;1.0888062715530396;0.2938617765903473;0.23144105076789856;0.3691862225532532;0.8213183879852295;0.22062791883945465;0.01406700350344181;0.5024589896202087;0.7161237001419067;-0.05370679497718811;-0.8144993185997009;-0.41648557782173157;0.6154965162277222;-0.45603707432746887;0.18930819630622864;0.1484847366809845;0.018589213490486145;0.22340615093708038;-0.4571045935153961;-0.03151116147637367;-0.09866104274988174;0.1091948002576828;-0.020426880568265915;-0.047990765422582626;-0.06248031556606293;-0.10493657737970352;-0.008381099440157413;0.06770854443311691;-0.11734358221292496;0.033605121076107025
tres/tres_yelkoastur_h_esp.mp3;-223.8632354736328;71.18010711669922;-50.407066345214844;45.77220916748047;-18.228891372680664;-45.12467956542969;-22.403034210205078;-17.972328186035156;-1.7499221563339233;-17.164676666259766;-5.645564079284668;8.325531005859375;-6.31960916519165;13.079971313476562;-17.028331756591797;-4.932486534118652;-8.916775703430176;-15.943986892700195;-10.877484321594238;-8.939115524291992;-0.880084216594696;-4.113224029541016;6.317316055297852;0.055730678141117096;-0.9763481020927429;-0.027587413787841797;1.4034887552261353;5.532895565032959;-0.4351385533809662;0.8116629719734192;2.317014694213867;2.764887571334839;2.359863758087158;-0.6514430642127991;2.9094643592834473;2.8532328605651855;-1.2731971740722656;-1.3851479291915894;2.726572036743164;-0.04587467387318611;-20.74030303955078;-6.95739221572876;10.825639724731445;-4.893413066864014;3.053170919418335;4.374480724334717;-2.71447491645813;2.605739116668701;-0.7715651392936707;1.4675078392028809;-0.9962823987007141;-1.1485512256622314;1.6588780879974365;0.0311624463647604;0.43156519532203674;-1.7042772769927979;0.7710723876953125;1.0241749286651611;-1.0963655710220337;0.31357118487358093
